"CASE_ID","mc_killed","mc_injured","collision_severity","severe","accident_year","hours_since_midnight","season","rush_hour","late_night","day_of_week","intersection","state_hwy_ind","w_clear","w_cloudy","w_rainy","w_other","road_not_dry","road_condition_issue","lighting","type_of_collision","pcf_viol_category","mviw","alcohol_involved","truck_accident","pedestrian_accident","bicycle_accident"
5763339,"N","Y","Injury (Complaint of Pain)","N",2012,7.5,"Fall","AM","N","M","N","Y","Y","N","N","N","N","N","Daylight","Rear End","Pedestrian Right of Way","Other Motor Vehicle","N","N","N","N"
5763341,"N","Y","PDO (property damage only)","N",2012,18.6,"Fall","PM","N","Tu","N","Y","Y","N","N","N","N","N","Daylight","Hit Object","Wrong Side of Road","Fixed Object","N","N","N","N"
5763369,"N","Y","Injury (Complaint of Pain)","N",2012,10.5833333333333,"Summer","N","N","Tu","N","Y","Y","N","N","N","N","N","Daylight","Overturned","Wrong Side of Road","Fixed Object","N","N","N","N"
5763371,"N","Y","Injury (Complaint of Pain)","N",2012,17.75,"Summer","PM","N","Th","N","Y","Y","N","N","N","N","N","Daylight","Rear End","Wrong Side of Road","Other Motor Vehicle","N","N","N","N"
5763426,"N","Y","Injury (Complaint of Pain)","N",2012,7.66666666666667,"Summer","AM","N","Th","N","Y","Y","N","N","N","N","N","Daylight","Rear End","Automobile Right of Way","Other Motor Vehicle","N","N","N","N"
5765439,"N","Y","PDO (property damage only)","N",2012,20.1666666666667,"Summer","N","N","F","Y","N","Y","N","N","N","N","N","Dark - Street Lights","Broadside","Pedestrian Violation","Other Motor Vehicle","N","N","N","N"
5769846,"N","Y","PDO (property damage only)","N",2012,10.0833333333333,"Summer","N","N","Th","Y","N","Y","N","N","N","N","N","Daylight","Broadside","Pedestrian Violation","Other Motor Vehicle","N","N","N","N"
5769875,"N","Y","PDO (property damage only)","N",2012,6.75,"Summer","N","N","W","N","Y","Y","N","N","N","N","N","Daylight","Sideswipe","Automobile Right of Way","Other Motor Vehicle","N","N","N","N"
5770050,"N","Y","Injury (Complaint of Pain)","N",2012,16.6666666666667,"Summer","PM","N","Th","N","Y","Y","N","N","N","N","N","Daylight","Sideswipe","Wrong Side of Road","Other Motor Vehicle","N","N","N","N"
5770309,"N","Y","Injury (Other Visible)","N",2012,16.25,"Fall","N","N","Sa","Y","N","Y","N","N","N","N","N","Daylight","Broadside","Pedestrian Violation","Other Motor Vehicle","N","N","N","N"
5771425,"N","Y","Injury (Other Visible)","N",2012,6.16666666666667,"Summer","N","N","Th","Y","N","Y","N","N","N","N","N","Dusk or Dawn","Broadside","Pedestrian Violation","Other Motor Vehicle","N","N","N","N"
5771988,"N","Y","Injury (Other Visible)","N",2012,1.41666666666667,"Summer","N","Y","Su","Y","N","Y","N","N","N","N","N","Dark - Street Lights","Broadside","Pedestrian Violation","Other Object","N","N","N","N"
5772547,"N","Y","Injury (Complaint of Pain)","N",2012,19,"Summer","PM","N","Th","Y","N","Y","N","N","N","N","N","Daylight","Sideswipe","Automobile Right of Way","Other Motor Vehicle","N","N","N","N"
5772574,"N","Y","PDO (property damage only)","N",2012,20.25,"Summer","N","N","M","N","N","Y","N","N","N","N","N","Dusk or Dawn","Overturned","Pedestrian Violation","Non-Collision","N","N","N","N"
5772823,"N","Y","Injury (Complaint of Pain)","N",2012,11.8333333333333,"Summer","N","N","Sa","N","N","Y","N","N","N","N","N","Daylight","Broadside","Wrong Side of Road","Other Motor Vehicle","N","N","N","N"
5773631,"N","Y","PDO (property damage only)","N",2012,12.5833333333333,"Fall","N","N","W","N","Y","Y","N","N","N","N","N","Daylight","Sideswipe","Automobile Right of Way","Other Motor Vehicle","N","N","N","N"
5773632,"N","Y","PDO (property damage only)","N",2012,8.75,"Fall","N","N","Sa","N","Y","Y","N","N","N","N","N","Daylight","Rear End","Wrong Side of Road","Other Motor Vehicle","N","N","N","N"
5774367,"N","N","PDO (property damage only)","N",2012,9.08333333333333,"Summer","N","N","Th","Y","N","Y","N","N","N","N","N","Daylight",NA,"Lights","Other Motor Vehicle","N","N","N","N"
5774588,"N","N","PDO (property damage only)","N",2012,22,"Summer","N","N","Sa","N","N","Y","N","N","N","N","N","Dark - Street Lights","Vehicle/Pedestrian","Unsafe Starting or Backing","Pedestrian","N","N","N","N"
5774814,"N","Y","Injury (Complaint of Pain)","N",2012,11.4166666666667,"Summer","N","N","W","N","N","Y","N","N","N","N","N","Daylight","Other","Automobile Right of Way","Fixed Object","N","N","N","N"
5774826,"N","Y","Injury (Complaint of Pain)","N",2012,8.66666666666667,"Summer","AM","N","F","Y","N","Y","N","N","N","N","N","Daylight","Broadside","Pedestrian Violation","Other Motor Vehicle","N","N","N","N"
5774918,"N","Y","Injury (Complaint of Pain)","N",2012,10.9166666666667,"Summer","N","N","M","Y","N","Y","N","N","N","N","N","Daylight","Broadside","Pedestrian Violation","Other Motor Vehicle","N","N","N","N"
5775022,"N","N","Injury (Complaint of Pain)","N",2012,9.41666666666667,"Summer","N","N","Su","Y","N","Y","N","N","N","N","N","Daylight","Broadside","Pedestrian Violation","Motor Vehicle on Other Roadway","N","N","N","N"
5775515,"N","N","Injury (Complaint of Pain)","N",2012,8,"Summer","AM","N","Tu","Y","N","Y","N","N","N","N","N","Daylight","Hit Object","Impeding Traffic","Fixed Object","N","N","N","N"
5775561,"N","Y","PDO (property damage only)","N",2012,23.5,"Summer","N","Y","W","N","N","Y","N","N","N","N","N","Dark - No Street Lights","Head-On","Impeding Traffic","Parked Motor Vehicle","N","N","N","N"
5775622,"N","Y","Injury (Other Visible)","N",2012,11.25,"Fall","N","N","Tu","N","Y","Y","N","N","N","N","N","Daylight","Rear End","Wrong Side of Road","Other Motor Vehicle","N","N","N","N"
5775637,"N","Y","PDO (property damage only)","N",2012,19.3,"Fall","N","N","Th","N","Y","Y","N","N","N","N","N","Dark - Street Lights","Rear End","Wrong Side of Road","Motor Vehicle on Other Roadway","N","N","N","N"
5778065,"N","Y","Injury (Complaint of Pain)","N",2012,15.6666666666667,"Summer","PM","N","F","Y","Y","Y","N","N","N","N","N","Daylight","Broadside","Pedestrian Violation","Other Motor Vehicle","N","N","N","N"
5779285,"N","N","PDO (property damage only)","N",2012,13.5,"Fall","N","N","Th","N","N","Y","N","N","N","N","N","Daylight","Rear End","Wrong Side of Road","Other Motor Vehicle","N","N","N","N"
5779297,"N","Y","PDO (property damage only)","N",2012,19.6666666666667,"Fall","N","N","W","N","N","Y","N","N","N","N","N","Dark - Street Lights","Sideswipe","Pedestrian Right of Way","Other Motor Vehicle","N","N","N","N"
5779509,"N","Y","PDO (property damage only)","N",2012,11,"Summer","N","N","Tu","N","N","Y","N","N","N","N","N","Daylight","Broadside","Pedestrian Violation","Other Motor Vehicle","N","N","N","N"
5779809,"N","Y","Injury (Other Visible)","N",2012,20.0833333333333,"Summer","N","N","F","Y","N","Y","N","N","N","N","N","Dusk or Dawn","Broadside","Pedestrian Violation","Other Motor Vehicle","N","N","N","N"
5779825,"N","Y","Injury (Complaint of Pain)","N",2012,6.16666666666667,"Summer","N","N","F","N","N","N","Y","N","N","N","N","Daylight","Other","Automobile Right of Way","Other Object","N","N","N","N"
5780494,"N","Y","PDO (property damage only)","N",2012,20.1666666666667,"Summer","N","N","M","Y","N","Y","N","N","N","N","N","Dark - Street Lights","Head-On","Lights","Other Motor Vehicle","N","N","N","N"
5780605,"N","Y","Injury (Complaint of Pain)","N",2012,9,"Summer","AM","N","M","N","N","N","Y","N","N","N","N","Daylight","Other","Improper Passing","Other Object","N","N","N","N"
5780637,"N","Y","PDO (property damage only)","N",2012,18,"Summer","N","N","Sa","N","Y","Y","N","N","N","N","N","Daylight","Other","Automobile Right of Way","Fixed Object","N","N","N","N"
5780734,"N","Y","PDO (property damage only)","N",2012,17.4166666666667,"Summer","N","N","Sa","N","Y","Y","N","N","N","N","N","Daylight","Rear End","Automobile Right of Way","Other Motor Vehicle","N","N","N","N"
5782028,"N","Y","Injury (Complaint of Pain)","N",2012,5.25,"Summer","N","N","Th","Y","N","Y","N","N","N","N","N","Dusk or Dawn","Broadside","Pedestrian Violation","Other Motor Vehicle","N","N","N","N"
5782038,"N","Y","Injury (Other Visible)","N",2012,21.5,"Summer","N","N","W","Y","N","Y","N","N","N","N","N","Dark - Street Lights","Broadside","Pedestrian Violation","Other Motor Vehicle","N","N","N","N"
5782758,"N","Y","Injury (Complaint of Pain)","N",2012,11.8333333333333,"Summer","N","N","W","N","N","Y","N","N","N","N","N","Daylight","Head-On","Unsafe Lane Change","Other Motor Vehicle","N","N","N","N"
5782794,"N","Y","Injury (Complaint of Pain)","N",2012,15,"Summer","PM","N","Th","N","N","Y","N","N","N","N","N","Daylight","Broadside","Pedestrian Right of Way","Other Motor Vehicle","N","N","N","N"
5787824,"N","N","PDO (property damage only)","N",2012,17.0833333333333,"Summer","PM","N","W","N","N","Y","N","N","N","N","N","Daylight","Rear End","Impeding Traffic","Other Motor Vehicle","N","N","N","N"
5787836,"N","Y","PDO (property damage only)","N",2012,2.33333333333333,"Summer","N","Y","W","Y","N","Y","N","N","N","N","N","Dark - Street Lights","Broadside","Pedestrian Violation","Other Motor Vehicle","N","N","N","N"
5787942,"N","Y","Injury (Complaint of Pain)","N",2012,14.1666666666667,"Summer","N","N","F","N","Y","Y","N","N","N","N","N","Daylight","Rear End","Automobile Right of Way","Other Motor Vehicle","N","N","N","N"
5787981,"N","Y","Injury (Complaint of Pain)","N",2012,8.75,"Summer","AM","N","Tu","N","Y","Y","N","N","N","N","N","Daylight","Rear End","Automobile Right of Way","Other Motor Vehicle","N","N","N","N"
5788001,"N","Y","PDO (property damage only)","N",2012,10.5,"Summer","N","N","Tu","N","Y","Y","N","N","N","N","N","Daylight","Sideswipe","Wrong Side of Road","Other Motor Vehicle","N","N","N","N"
5788033,"N","Y","Injury (Complaint of Pain)","N",2012,12.3333333333333,"Summer","N","N","W","N","Y","Y","N","N","N","N","N","Daylight","Sideswipe","Pedestrian Right of Way","Other Motor Vehicle","N","N","N","N"
5788077,"N","Y","Injury (Complaint of Pain)","N",2012,9,"Summer","AM","N","Th","N","Y","N","Y","N","N","N","N","Daylight","Rear End","Wrong Side of Road","Other Motor Vehicle","N","N","N","N"
5788892,"N","Y","PDO (property damage only)","N",2012,18.6666666666667,"Summer","PM","N","Th","N","N","Y","N","N","N","N","N","Daylight","Other","Unsafe Starting or Backing","Other Motor Vehicle","N","N","N","N"
5788893,"N","Y","Injury (Complaint of Pain)","N",2012,10.75,"Summer","N","N","Sa","N","N","Y","N","N","N","N","N","Daylight","Rear End","Improper Passing","Other Motor Vehicle","N","N","N","N"
5788911,"N","Y","PDO (property damage only)","N",2012,18.6666666666667,"Summer","PM","N","Th","N","Y","Y","N","N","N","N","N","Daylight","Sideswipe","Wrong Side of Road","Other Motor Vehicle","N","N","N","N"
5788930,"N","Y","PDO (property damage only)","N",2012,13.1666666666667,"Summer","N","N","M","Y","N","Y","N","N","N","N","N","Daylight","Sideswipe","Pedestrian Right of Way","Other Motor Vehicle","N","N","N","N"
5789080,"N","Y","PDO (property damage only)","N",2012,18.6666666666667,"Summer","PM","N","F","N","N","Y","N","N","N","N","N","Daylight","Broadside","Pedestrian Violation","Other Motor Vehicle","N","N","N","N"
5789154,"N","Y","PDO (property damage only)","N",2012,16.5,"Summer","N","N","Sa","N","N","Y","N","N","N","N",NA,"Daylight","Broadside","Unsafe Starting or Backing","Other Motor Vehicle","N","N","N","N"
5789196,"N","Y","PDO (property damage only)","N",2012,14,"Summer","N","N","F","Y","N","Y","N","N","N","N","N","Daylight","Broadside","Pedestrian Violation","Other Motor Vehicle","N","N","N","N"
5789679,"N","Y","PDO (property damage only)","N",2012,12.1666666666667,"Summer","N","N","Th","Y","N","Y","N","N","N","N","N","Daylight","Broadside","Lights","Other Motor Vehicle","N","N","N","N"
5789721,"N","Y","Injury (Complaint of Pain)","N",2012,11.75,"Summer","N","N","W","N","N","Y","N","N","N","N","N","Daylight","Sideswipe","Pedestrian Right of Way","Other Motor Vehicle","N","N","N","N"
5789774,"N","Y","Injury (Complaint of Pain)","N",2012,20.25,"Summer","N","N","F","Y","N","Y","N","N","N","N","N","Dark - Street Lights","Rear End","Pedestrian Right of Way",NA,"N","N","N","N"
5789775,"N","Y","Injury (Complaint of Pain)","N",2012,15,"Summer","N","N","Su","N","Y","Y","N","N","N","N","N","Daylight","Rear End","Wrong Side of Road","Other Motor Vehicle","N","N","N","N"
5789779,"N","Y","Injury (Complaint of Pain)","N",2012,16.8333333333333,"Summer","N","N","Sa","N","Y","Y","N","N","N","N","N","Daylight","Sideswipe","Automobile Right of Way","Other Motor Vehicle","N","N","N","N"
5789813,"N","Y","Injury (Complaint of Pain)","N",2012,23.4166666666667,"Summer","N","Y","Th","N","N","Y","N","N","N","N","N","Dark - Street Lights","Broadside","Pedestrian Violation","Other Motor Vehicle","N","N","N","N"
5790114,"N","Y","Injury (Other Visible)","N",2012,18.9166666666667,"Summer","PM","N","Th","N","N","Y","N","N","N","N","N","Daylight","Broadside","Pedestrian Violation","Other Motor Vehicle","N","N","N","N"
5790129,"N","Y","Injury (Complaint of Pain)","N",2012,7.41666666666667,"Summer","AM","N","M","N","Y","Y","N","N","N","Y",NA,"Daylight","Overturned","Wrong Side of Road","Fixed Object","N","N","N","N"
5790281,"N","Y","Injury (Complaint of Pain)","N",2012,13.8333333333333,"Summer","N","N","F","N","N",NA,NA,NA,NA,"N",NA,NA,NA,"Driving or Bicycling Under the Influence of Alcohol or Drug",NA,"N","N","N","N"
5790292,"N","Y","Injury (Complaint of Pain)","N",2012,9.25,"Summer","N","N","Su","N","Y","Y","N","N","N","N","Y","Daylight","Overturned","Wrong Side of Road","Fixed Object","N","N","N","N"
5790318,"N","Y","Injury (Complaint of Pain)","N",2012,15.3333333333333,"Summer","PM","N","F","N","N","Y","N","N","N","N","N","Daylight","Sideswipe","Wrong Side of Road","Other Motor Vehicle","Y","N","N","N"
5790334,"N","Y","PDO (property damage only)","N",2012,16,"Summer","PM","N","Th","N","N","Y","N","N","N","N","N","Daylight","Sideswipe","Wrong Side of Road","Other Motor Vehicle","N","N","N","N"
5790467,"N","Y","PDO (property damage only)","N",2012,13.4166666666667,"Summer","N","N","M","N","N","Y","N","N","N","N","N","Daylight","Rear End","Driving or Bicycling Under the Influence of Alcohol or Drug","Other Motor Vehicle","N","N","N","N"
5790486,"N","Y","Injury (Complaint of Pain)","N",2012,19,"Summer","PM","N","Th","N","Y","Y","N","N","N","N","N","Daylight","Sideswipe","Automobile Right of Way","Other Motor Vehicle","N","N","N","N"
5790506,"N","Y","PDO (property damage only)","N",2012,16.3333333333333,"Summer","PM","N","M","N","Y","Y","N","N","N","N","N","Daylight","Hit Object","Pedestrian Right of Way","Fixed Object","N","N","N","N"
5790648,"N","Y","PDO (property damage only)","N",2012,8.25,"Summer","AM","N","M","N","N","Y","N","N","N","N","N","Daylight","Broadside","Pedestrian Right of Way","Other Motor Vehicle","N","N","N","N"
5790716,"N","Y","PDO (property damage only)","N",2012,13.0833333333333,"Summer","N","N","W","N","N","Y","N","N","N","N","N","Daylight","Broadside","Pedestrian Right of Way","Other Motor Vehicle","N","N","N","N"
5793534,"N","Y","Injury (Complaint of Pain)","N",2012,21.8333333333333,"Summer","N","N","F","Y","N","Y","N","N","N","N","N","Dark - Street Lights","Broadside","Pedestrian Violation","Other Motor Vehicle","N","N","N","N"
5793631,"N","Y","PDO (property damage only)","N",2012,8.16666666666667,"Summer","AM","N","W","N","Y","N","Y","N","N","N","N","Daylight","Sideswipe","Driving or Bicycling Under the Influence of Alcohol or Drug","Other Motor Vehicle","N","N","N","N"
5794949,"N","Y","Injury (Complaint of Pain)","N",2012,9.08333333333333,"Summer","N","N","Sa","N","N","Y","N","N","N","N","N","Daylight","Sideswipe","Pedestrian Right of Way","Other Motor Vehicle","N","N","N","N"
5795011,"N","Y","PDO (property damage only)","N",2012,10.9166666666667,"Summer","N","N","Tu","Y","N","Y","N","N","N","N","N","Daylight","Head-On","Pedestrian Violation","Other Motor Vehicle","N","N","N","N"
5795136,"N","Y","Injury (Complaint of Pain)","N",2012,0.416666666666667,"Summer","N","Y","F","N","Y","Y","N","N","N","N","N","Dark - No Street Lights","Hit Object","Unsafe Speed","Fixed Object","Y","N","N","N"
5795236,"N","Y","PDO (property damage only)","N",2012,14.0833333333333,"Summer","N","N","Su","N","N","Y","N","N","N","N","N","Daylight","Rear End","Wrong Side of Road","Other Motor Vehicle","N","N","N","N"
5795295,"N","Y","Injury (Complaint of Pain)","N",2012,16.9166666666667,"Summer","N","N","Su","N","N","Y","N","N","N","N","N","Daylight","Broadside","Automobile Right of Way","Other Motor Vehicle","N","N","N","N"
5795296,"N","Y","Injury (Other Visible)","N",2012,6.83333333333333,"Summer","N","N","F","Y","Y","Y","N","N","N","N","N","Daylight","Broadside","Lights","Other Motor Vehicle","N","N","N","N"
5795446,"N","Y","Injury (Complaint of Pain)","N",2012,20.75,"Summer","N","N","Tu","Y","N","Y","N","N","N","N","N","Dark - Street Lights","Head-On","Pedestrian Violation","Other Motor Vehicle","N","N","N","N"
5795503,"N","Y","PDO (property damage only)","N",2012,15.7166666666667,"Summer","PM","N","F","N","N","Y","N","N","N","N","Y","Daylight","Other","Wrong Side of Road","Other Object","N","N","N","N"
5795507,"N","Y","Injury (Complaint of Pain)","N",2012,11.1666666666667,"Summer","N","N","Th","Y","N","Y","N","N","N","N","N","Daylight","Broadside","Pedestrian Violation","Other Motor Vehicle","N","N","N","N"
5795508,"N","Y","PDO (property damage only)","N",2012,17.8333333333333,"Summer","N","N","Su","N","N","Y","N","N","N","N","N","Daylight","Broadside","Pedestrian Violation","Other Motor Vehicle","N","N","N","N"
5795681,"N","Y","Injury (Complaint of Pain)","N",2012,19.75,"Summer","N","N","F","N","N","Y","N","N","N","N","N","Dark - Street Lights","Broadside","Pedestrian Right of Way","Other Motor Vehicle","N","N","N","N"
5795686,"N","Y","Injury (Complaint of Pain)","N",2012,18,"Summer","PM","N","Th","N","N","Y","N","N","N","N","N","Daylight","Broadside","Pedestrian Violation","Other Motor Vehicle","N","N","N","N"
5795687,"N","Y","Injury (Complaint of Pain)","N",2012,15.5,"Summer","N","N","Sa","N","Y","Y","N","N","N","N","N","Daylight","Rear End","Wrong Side of Road","Other Motor Vehicle","N","N","N","N"
5795697,"N","Y","Injury (Complaint of Pain)","N",2012,12.75,"Summer","N","N","Th","N","N","Y","N","N","N","N","N","Daylight","Rear End","Automobile Right of Way","Other Motor Vehicle","N","N","N","N"
5795716,"N","Y","Injury (Complaint of Pain)","N",2012,8.66666666666667,"Summer","AM","N","Tu","N","Y","Y","N","N","N","N","N","Daylight","Overturned","Automobile Right of Way","Other Motor Vehicle","N","N","N","N"
5795721,"N","Y","PDO (property damage only)","N",2012,9.83333333333333,"Summer","N","N","Th","N","N","Y","N","N","N","N","N","Daylight","Sideswipe","Driving or Bicycling Under the Influence of Alcohol or Drug","Other Motor Vehicle","N","N","N","N"
5795724,"N","Y","PDO (property damage only)","N",2012,14.8333333333333,"Summer","N","N","Su","N","Y","Y","N","N","N","N","N","Daylight","Rear End","Wrong Side of Road","Other Motor Vehicle","N","N","N","N"
5795728,"N","Y","PDO (property damage only)","N",2012,15.75,"Summer","PM","N","Tu","N","Y","Y","N","N","N","N","N","Daylight","Overturned","Wrong Side of Road","Non-Collision","N","N","N","N"
5795751,"N","Y","PDO (property damage only)","N",2012,20.3333333333333,"Summer","N","N","Th","Y","N","Y","N","N","N","N","N","Dark - Street Lights","Broadside","Wrong Side of Road","Other Motor Vehicle","N","N","N","N"
5795809,"N","Y","Injury (Complaint of Pain)","N",2012,23.5,"Summer","N","Y","Tu","N","N","Y","N","N","N","N","N","Dark - Street Lights","Other","Wrong Side of Road","Non-Collision","N","N","N","N"
5795817,"N","Y","Injury (Complaint of Pain)","N",2012,16.3333333333333,"Summer","PM","N","M","Y","N","Y","N","N","N","N","N","Daylight","Hit Object","Wrong Side of Road","Fixed Object","N","N","N","N"
5795837,"N","Y","Injury (Complaint of Pain)","N",2012,10.8333333333333,"Spring","N","N","F","N","N","Y","N","N","N","N","N","Daylight","Hit Object","Driving or Bicycling Under the Influence of Alcohol or Drug","Fixed Object","N","N","N","N"
5796033,"N","Y","Injury (Complaint of Pain)","N",2012,15.6666666666667,"Summer","PM","N","Tu","N","N","Y","N","N","N","N","N","Daylight","Rear End","Wrong Side of Road","Other Motor Vehicle","N","N","N","N"
5796055,"N","Y","Injury (Other Visible)","N",2012,19.75,"Summer","N","N","W","N","N","Y","N","N","N","N","N","Daylight","Sideswipe","Pedestrian Right of Way","Other Motor Vehicle","N","N","N","N"
5796069,"N","Y","Injury (Complaint of Pain)","N",2012,19.9166666666667,"Summer","N","N","Th","N","Y","Y","N","N","N","N","N","Daylight","Hit Object","Unsafe Speed","Fixed Object","Y","N","N","N"
5796084,"N","Y","Injury (Complaint of Pain)","N",2012,17,"Summer","PM","N","Th","N","N","Y","N","N","N","N","N","Daylight","Head-On","Pedestrian Violation","Other Motor Vehicle","N","N","N","N"
5796157,"N","Y","PDO (property damage only)","N",2012,8.33333333333333,"Summer","AM","N","W","N","Y","Y","N","N","N","N","N","Daylight","Sideswipe","Wrong Side of Road","Other Motor Vehicle","N","N","N","N"
5796196,"N","Y","Injury (Complaint of Pain)","N",2012,5.5,"Summer","N","N","Th","N","Y","Y","N","N","N","N","N","Dark - Street Lights","Overturned","Wrong Side of Road","Non-Collision","N","N","N","N"
5796261,"N","Y","Injury (Complaint of Pain)","N",2012,15,"Summer","PM","N","F","Y","N","Y","N","N","N","N","N","Daylight","Broadside","Pedestrian Violation","Other Motor Vehicle","N","N","N","N"
5796262,"N","Y","PDO (property damage only)","N",2012,16.8333333333333,"Summer","PM","N","F","Y","N","Y","N","N","N","N","N","Daylight","Broadside","Pedestrian Right of Way","Other Motor Vehicle","N","N","N","N"
5796337,"N","Y","Injury (Complaint of Pain)","N",2012,11.6666666666667,"Summer","N","N","Su","N","Y","Y","N","N","N","N","N","Daylight","Overturned","Pedestrian Right of Way","Non-Collision","N","N","N","N"
5796346,"N","Y","Injury (Complaint of Pain)","N",2012,19.75,"Summer","N","N","F","N","N","Y","N","N","N","N","Y","Daylight","Other","Wrong Side of Road","Non-Collision","N","N","N","N"
5796483,"N","Y","Injury (Complaint of Pain)","N",2012,15.3333333333333,"Summer","PM","N","Tu","N","Y","Y","N","N","N","N","N","Daylight","Rear End","Wrong Side of Road","Other Motor Vehicle","N","N","N","N"
5796488,"N","Y","Injury (Complaint of Pain)","N",2012,2.75,"Summer","N","Y","Su","N","Y","Y","N","N","N","N","N","Dark - Street Lights","Hit Object","Pedestrian Right of Way","Fixed Object","N","N","N","N"
5796578,"N","Y","Injury (Complaint of Pain)","N",2012,13.4166666666667,"Summer","N","N","Su","Y","N","Y","N","N","N","N","N","Daylight","Head-On","Pedestrian Violation","Other Motor Vehicle","N","N","N","N"
5796583,"N","Y","Injury (Complaint of Pain)","N",2012,15.8333333333333,"Summer","PM","N","M","Y","Y","Y","N","N","N","N","N","Daylight","Broadside","Pedestrian Violation","Other Motor Vehicle","N","N","N","N"
5796585,"N","Y","Injury (Complaint of Pain)","N",2012,0.666666666666667,"Summer","N","Y","Sa","Y","N","Y","N","N","N","N","N","Dark - Street Lights","Rear End","Unsafe Speed","Other Motor Vehicle","Y","N","N","N"
5796704,"N","Y","Injury (Complaint of Pain)","N",2012,10.4166666666667,"Summer","N","N","Tu","N","N","Y","N","N","N","N","N","Daylight","Sideswipe","Wrong Side of Road","Parked Motor Vehicle","N","N","N","N"
5797053,"N","Y","Injury (Other Visible)","N",2012,16.3333333333333,"Summer","N","N","Sa","Y","N","Y","N","N","N","N","N","Daylight","Broadside","Pedestrian Violation","Other Motor Vehicle","N","N","N","N"
5797074,"N","Y","Injury (Other Visible)","N",2012,21.3333333333333,"Summer","N","N","Sa","Y","N","N","Y","N","N","N","N","Dark - Street Lights","Broadside","Pedestrian Violation","Motor Vehicle on Other Roadway","N","N","N","N"
5797234,"N","Y","Injury (Other Visible)","N",2012,15.0833333333333,"Summer","PM","N","F","Y","N","Y","N","N","N","N","N","Daylight","Head-On","Pedestrian Violation","Other Motor Vehicle","N","N","N","N"
5797427,"N","N","Injury (Complaint of Pain)","N",2012,12.8333333333333,"Summer","N","N","W","Y","N","Y","N","N","N","N","N","Daylight","Broadside","Pedestrian Violation","Other Motor Vehicle","N","N","N","N"
5797470,"N","Y","Injury (Other Visible)","N",2012,18.8333333333333,"Summer","PM","N","Tu","N","Y","Y","N","N","N","N","N","Daylight","Sideswipe","Automobile Right of Way","Other Motor Vehicle","N","N","N","N"
5797547,"N","Y","PDO (property damage only)","N",2012,10.5,"Summer","N","N","Sa","N","N","Y","N","N","N","N","N","Daylight","Rear End","Driving or Bicycling Under the Influence of Alcohol or Drug","Other Motor Vehicle","N","N","N","N"
5797676,"N","Y","Injury (Complaint of Pain)","N",2012,10.6666666666667,"Summer","N","N","F","Y","N","Y","N","N","N","N","N","Daylight",NA,"Wrong Side of Road",NA,"Y","N","N","N"
5797826,"N","Y","Injury (Other Visible)","N",2012,16.4166666666667,"Summer","PM","N","Tu","Y","N","Y","N","N","N","N","N","Daylight","Head-On","Pedestrian Violation","Other Motor Vehicle","N","N","N","N"
5800571,"N","Y","Injury (Complaint of Pain)","N",2012,18,"Summer","PM","N","Tu","Y","N","Y","N","N","N","N","N","Daylight","Broadside","Pedestrian Right of Way","Other Motor Vehicle","N","N","N","N"
5800575,"N","Y","Injury (Complaint of Pain)","N",2012,18.1666666666667,"Spring","PM","N","W","Y","N","Y","N","N","N","N","N","Daylight","Head-On","Impeding Traffic","Other Motor Vehicle","N","N","N","N"
5800680,"N","Y","Injury (Complaint of Pain)","N",2012,19.75,"Spring","N","N","W","N","N","Y","N","N","N","N","N","Dusk or Dawn","Hit Object","Wrong Side of Road","Fixed Object","N","N","N","N"
5800744,"N","Y","Injury (Complaint of Pain)","N",2012,10.6666666666667,"Spring","N","N","Sa","N","N","Y","N","N","N","N","N","Daylight","Rear End","Improper Passing","Other Motor Vehicle","N","N","N","N"
5800756,"N","Y","Injury (Complaint of Pain)","N",2012,17.5,"Spring","PM","N","W","Y","N","Y","N","N","N","N","N","Daylight","Broadside","Pedestrian Right of Way","Other Motor Vehicle","N","N","N","N"
5800789,"N","Y","Injury (Complaint of Pain)","N",2012,18.6666666666667,"Summer","PM","N","F","Y","N","Y","N","N","N","N","N","Daylight","Other","Pedestrian Violation","Non-Collision","N","N","N","N"
5800894,"N","Y","PDO (property damage only)","N",2012,6.75,"Summer","N","N","W","Y","N","Y","N","N","N","N","N","Dusk or Dawn","Rear End","Improper Passing","Other Motor Vehicle","N","N","N","N"
5800960,"N","Y","Injury (Complaint of Pain)","N",2012,8.5,"Fall","N","N","Su","N","Y","Y","N","N","N","N","N","Daylight","Hit Object","Pedestrian Right of Way","Fixed Object","N","N","N","N"
5800991,"N","Y","Injury (Complaint of Pain)","N",2012,14.0833333333333,"Summer","N","N","Sa","N","N","Y","N","N","N","N","N","Daylight","Broadside","Pedestrian Violation","Other Motor Vehicle","N","N","N","N"
5801023,"N","Y","Injury (Complaint of Pain)","N",2012,19.5833333333333,"Summer","N","N","F","N","N","Y","N","N","N","N","N","Dusk or Dawn","Other","Pedestrian Violation","Non-Collision","N","N","N","N"
5801115,"N","Y","Injury (Complaint of Pain)","N",2012,15,"Fall","PM","N","W","N","N","Y","N","N","N","N","N","Daylight","Hit Object","Wrong Side of Road","Fixed Object","N","N","N","N"
5801117,"N","Y","Injury (Complaint of Pain)","N",2012,17.5,"Fall","PM","N","Tu","N","N","Y","N","N","N","N","N","Daylight","Other","Wrong Side of Road","Other Motor Vehicle","N","N","N","N"