"CASE_ID","mc_killed","mc_injured","collision_severity","severe","accident_year","hours_since_midnight","season","rush_hour","late_night","day_of_week","intersection","state_hwy_ind","w_clear","w_cloudy","w_rainy","w_other","road_not_dry","road_condition_issue","lighting","type_of_collision","pcf_viol_category","mviw","alcohol_involved","truck_accident","pedestrian_accident","bicycle_accident"
5836551,"N","Y","PDO (property damage only)","N",2012,12.9166666666667,"Fall","N","N","Su","N","Y","Y","N","N","N","N","N","Daylight","Rear End","Wrong Side of Road","Other Motor Vehicle","N","N","N","N"
5836555,"N","Y","Injury (Complaint of Pain)","N",2012,8.25,"Summer","AM","N","Th","N","Y","Y","N","N","N","N","N","Daylight","Overturned","Wrong Side of Road","Non-Collision","N","N","N","N"
5836821,"N","Y","Injury (Complaint of Pain)","N",2012,6.25,"Fall","N","N","Th","N","Y","Y","N","N","N","N","N","Daylight","Sideswipe","Automobile Right of Way","Other Motor Vehicle","N","N","N","N"
5836881,"N","Y","Injury (Complaint of Pain)","N",2012,9.08333333333333,"Fall","N","N","F","N","N","Y","N","N","N","N","Y","Daylight","Sideswipe","Improper Turning","Other Motor Vehicle","N","N","N","N"
5836885,"N","Y","PDO (property damage only)","N",2012,21.3333333333333,"Fall","N","N","Su","N","Y","Y","N","N","N","N",NA,"Dark - Street Lights","Rear End","Improper Passing","Other Motor Vehicle","N","N","N","N"
5837123,"N","Y","Injury (Complaint of Pain)","N",2012,9.91666666666667,"Fall","N","N","Su","N","N","Y","N","N","N","N","N","Daylight","Sideswipe","Pedestrian Violation","Other Motor Vehicle","N","N","N","N"
5837140,"N","Y","Injury (Complaint of Pain)","N",2012,13.75,"Fall","N","N","Tu","Y","N","Y","N","N","N","N","N","Daylight","Broadside","Driving or Bicycling Under the Influence of Alcohol or Drug","Other Motor Vehicle","N","N","N","N"
5837171,"N","Y","Injury (Other Visible)","N",2012,20.2,"Summer","N","N","F","Y","N","Y","N","N","N","N","N","Dark - Street Lights","Head-On","Pedestrian Violation","Other Motor Vehicle","N","N","N","N"
5837247,"N","Y","Injury (Complaint of Pain)","N",2012,23.0833333333333,"Summer","N","Y","W","N","N","Y","N","N","N","N","N","Dark - Street Lights","Rear End","Improper Passing","Other Motor Vehicle","N","N","N","N"
5837282,"N","Y","Injury (Complaint of Pain)","N",2012,8.75,"Summer","AM","N","F","N","Y","Y","N","N","N","N","N","Daylight","Rear End","Wrong Side of Road","Other Motor Vehicle","N","N","N","N"
5837286,"N","Y","Injury (Complaint of Pain)","N",2012,20.4166666666667,"Fall","N","N","Su","N","Y","Y","N","N","N","N","N","Dark - Street Lights","Sideswipe","Automobile Right of Way","Other Motor Vehicle","N","N","N","N"
5837298,"N","Y","Injury (Complaint of Pain)","N",2012,7.33333333333333,"Fall","AM","N","F","N","Y","Y","N","N","N","N","N","Daylight","Overturned","Wrong Side of Road","Other Motor Vehicle","N","N","N","N"
5837488,"N","Y","Injury (Other Visible)","N",2012,7.25,"Fall","AM","N","Th","Y","N","Y","N","N","N","N","N","Daylight","Broadside","Pedestrian Violation","Other Motor Vehicle","N","N","N","N"
5837492,"N","Y","Injury (Other Visible)","N",2012,15.5,"Fall","PM","N","Tu","Y","N","Y","N","N","N","N","N","Daylight","Broadside","Pedestrian Violation","Other Motor Vehicle","N","N","N","N"
5837530,"N","Y","Injury (Complaint of Pain)","N",2012,14.6666666666667,"Fall","N","N","M","N","N","Y","N","N","N","N","N","Daylight","Head-On","Pedestrian Violation","Other Motor Vehicle","N","N","N","N"
5837577,"N","Y","PDO (property damage only)","N",2012,9,"Summer","AM","N","F","N","N","Y","N","N","N","N","N","Daylight","Other","Pedestrian Violation","Other Motor Vehicle","N","N","N","N"
5837606,"N","Y","Injury (Complaint of Pain)","N",2012,19.5,"Summer","N","N","W","Y","N","Y","N","N","N","N","N","Dark - Street Lights","Broadside","Pedestrian Violation","Other Motor Vehicle","N","N","N","N"
5837716,"N","Y","Injury (Complaint of Pain)","N",2012,15.3333333333333,"Summer","PM","N","F","N","Y","Y","N","N","N","N","N","Daylight","Sideswipe","Automobile Right of Way","Other Motor Vehicle","N","N","N","N"
5837740,"N","Y","Injury (Complaint of Pain)","N",2012,6.5,"Fall","N","N","F","N","Y","Y","N","N","N","N","N","Daylight","Rear End","Automobile Right of Way","Non-Collision","N","N","N","N"
5837969,"N","Y","PDO (property damage only)","N",2012,17.5,"Summer","PM","N","F","N","N","Y","N","N","N","N","N","Daylight","Broadside","Unsafe Lane Change","Other Motor Vehicle","N","N","N","N"
5838012,"N","N","Injury (Complaint of Pain)","N",2012,9.25,"Fall","N","N","W","Y","N","Y","N","N","N","N","N","Daylight","Sideswipe","Wrong Side of Road","Other Motor Vehicle","N","N","N","N"
5838031,"N","Y","Injury (Other Visible)","N",2012,8.83333333333333,"Fall","AM","N","W","Y","N","Y","N","N","N","N","N","Daylight","Head-On","Pedestrian Violation","Other Motor Vehicle","N","N","N","N"
5838106,"N","Y","Injury (Complaint of Pain)","N",2012,9,"Fall","AM","N","M","N","N","Y","N","N","N","N","N","Daylight","Hit Object","Wrong Side of Road","Fixed Object","N","N","N","N"
5838158,"N","N","PDO (property damage only)","N",2012,10.5,"Fall","N","N","Sa","N","N","Y","N","N","N","N","N","Daylight","Rear End","Improper Passing","Other Motor Vehicle","N","N","N","N"
5838809,"N","Y","Injury (Complaint of Pain)","N",2012,11,"Fall","N","N","Sa",NA,"N","Y","N","N","N","N","N","Daylight","Other","Pedestrian Right of Way","Non-Collision","N","N","N","N"
5838819,"N","N","PDO (property damage only)","N",2012,17.25,"Fall","PM","N","Tu","Y","N","Y","N","N","N","N","N","Daylight","Broadside","Pedestrian Violation","Other Motor Vehicle","N","N","N","N"
5838829,"N","Y","Injury (Other Visible)","N",2012,21.5,"Fall","N","N","F","N","N","Y","N","N","N","N","N","Dark - Street Lights","Hit Object","Unsafe Speed","Other Object","Y","N","N","N"
5838847,"N","N","PDO (property damage only)","N",2012,8.5,"Fall","AM","N","Tu","Y","N","Y","N","N","N","N","N","Daylight","Rear End","Wrong Side of Road","Other Motor Vehicle","N","N","N","N"
5838867,"N","Y","PDO (property damage only)","N",2012,20.5,"Fall","N","N","Sa","N","N","Y","N","N","N","N","N","Dark - Street Lights","Broadside","Pedestrian Violation","Other Motor Vehicle","N","N","N","N"
5838895,"N","N","Injury (Complaint of Pain)","N",2012,16.5,"Fall","PM","N","M",NA,"N","Y","N","N","N","N","Y","Daylight","Rear End","Improper Passing","Other Motor Vehicle","N","N","N","N"
5839044,"N","Y","Injury (Complaint of Pain)","N",2012,22.3333333333333,"Summer","N","N","F","Y","N","Y","N","N","N","N","N","Dark - Street Lights","Broadside","Pedestrian Violation","Other Motor Vehicle","N","N","N","N"
5839104,"N","Y","Injury (Complaint of Pain)","N",2012,17.5,"Summer","PM","N","Th","N","N","Y","N","N","N","N","N","Daylight","Broadside","Pedestrian Violation","Other Motor Vehicle","N","N","N","N"
5839149,"N","Y","Injury (Complaint of Pain)","N",2012,17.75,"Fall","N","N","Sa","N","N","Y","N","N","N","N","N","Daylight","Broadside","Pedestrian Violation","Other Motor Vehicle","N","N","N","N"
5839158,"N","Y","Injury (Complaint of Pain)","N",2012,19.0833333333333,"Fall","N","N","W","N","Y","Y","N","N","N","N","N","Dark - Street Lights","Rear End","Automobile Right of Way","Other Motor Vehicle","N","N","N","N"
5839616,"N","Y","Injury (Other Visible)","N",2012,13.8333333333333,"Fall","N","N","Sa","N","Y","Y","N","N","N","N","Y","Daylight","Hit Object","Wrong Side of Road","Other Object","N","N","N","N"
5839886,"N","Y","Injury (Other Visible)","N",2012,16.1666666666667,"Fall","N","N","Su","N","Y","Y","N","N","N","Y","N","Daylight","Overturned","Code 20","Non-Collision","N","N","N","N"
5839999,"N","Y","PDO (property damage only)","N",2012,7,"Fall","AM","N","W","N","Y","Y","N","N","N","N","N","Daylight","Sideswipe","Automobile Right of Way","Other Motor Vehicle","N","N","N","N"
5840339,"N","Y","PDO (property damage only)","N",2012,11.25,"Summer","N","N","W","Y","N","Y","N","N","N","N","N","Daylight","Head-On","Pedestrian Violation","Other Motor Vehicle","N","N","N","N"
5840443,"N","Y","PDO (property damage only)","N",2012,17,"Summer","PM","N","F","N","Y","Y","N","N","N","Y","N","Daylight","Overturned","Code 20","Non-Collision","N","N","N","N"
5841846,"N","Y","PDO (property damage only)","N",2012,14.1666666666667,"Fall","N","N","M","N","N","Y","N","N","N","N","N","Daylight","Broadside","Pedestrian Right of Way","Other Motor Vehicle","N","N","N","N"
5841858,"N","Y","PDO (property damage only)","N",2012,21.75,"Fall","N","N","W","Y","N","Y","N","N","N","N","Y","Dark - Street Lights","Broadside","Pedestrian Violation","Other Motor Vehicle","N","N","N","N"
5842884,"N","Y","PDO (property damage only)","N",2012,17.75,"Fall","PM","N","W","N","Y","Y","N","N","N","N","N","Daylight","Sideswipe","Automobile Right of Way","Other Motor Vehicle","N","N","N","N"
5842892,"N","Y","Injury (Complaint of Pain)","N",2012,9.08333333333333,"Fall","N","N","W","N","Y","Y","Y","N","N","N","N","Daylight","Overturned","Wrong Side of Road","Non-Collision","N","N","N","N"
5843727,"N","Y","Injury (Other Visible)","N",2012,18.5,"Fall","PM","N","W","N","Y","Y","N","N","N","N","N","Dusk or Dawn","Sideswipe","Wrong Side of Road","Other Motor Vehicle","N","N","N","N"
5843768,"N","Y","Injury (Other Visible)","N",2012,11.3333333333333,"Fall","N","N","Th","Y","N","Y","N","N","N","N","N","Daylight","Broadside","Pedestrian Violation","Other Motor Vehicle","N","Y","N","N"
5844494,"N","Y","PDO (property damage only)","N",2012,19.8333333333333,"Fall","N","N","Sa","Y","N","Y","N","N","N","N","N","Dark - Street Lights","Sideswipe","Lights","Other Motor Vehicle","N","N","N","N"
5845266,"N","N","Injury (Complaint of Pain)","N",2012,8,"Fall","AM","N","F","Y","N","Y","N","N","N","N","N","Daylight","Broadside","Pedestrian Violation","Bicycle","N","N","N","Y"
5845274,"N","Y","PDO (property damage only)","N",2012,15.25,"Fall","PM","N","F","Y","N","Y","N","N","N","N","N","Daylight","Broadside","Pedestrian Violation","Other Motor Vehicle","N","N","N","N"
5846648,"N","Y","Injury (Complaint of Pain)","N",2012,20.8333333333333,"Summer","N","N","Tu","Y","N","Y","N","N","N","N","N","Dark - Street Lights","Head-On","Pedestrian Violation","Other Motor Vehicle","N","N","N","N"
5846952,"N","Y","Injury (Other Visible)","N",2012,11.3333333333333,"Fall","N","N","F","N","N","Y","N","N","N","N","N","Daylight","Broadside","Pedestrian Right of Way","Other Motor Vehicle","N","Y","N","N"
5847303,"N","N","Injury (Complaint of Pain)","N",2012,11,"Fall","N","N","F","N","N","Y","N","N","N","N","N","Daylight","Other","Wrong Side of Road","Other Motor Vehicle","N","N","N","N"
5847305,"N","Y","Injury (Complaint of Pain)","N",2012,8.16666666666667,"Summer","AM","N","Th","Y","N","Y","N","N","N","N","N","Daylight","Other","Pedestrian Violation","Non-Collision","N","N","N","N"
5847350,"N","Y","Injury (Complaint of Pain)","N",2012,17.5,"Fall","PM","N","Th","Y","N","Y","N","N","N","N","N","Daylight","Broadside","Pedestrian Violation","Other Motor Vehicle","N","N","N","N"
5849325,"N","Y","Injury (Complaint of Pain)","N",2012,13.3333333333333,"Summer","N","N","F","N","Y","Y","N","N","N","N","N","Daylight","Overturned","Wrong Side of Road","Non-Collision","N","N","N","N"
5850342,"N","Y","Injury (Other Visible)","N",2012,22,"Summer","N","N","W","N","N","Y","N","N","N","N","N","Dark - No Street Lights","Sideswipe","Pedestrian Right of Way","Other Motor Vehicle","N","N","N","N"
5850344,"N","Y","Injury (Complaint of Pain)","N",2012,0.0833333333333333,"Summer","N","Y","Sa","Y","N","Y","N","N","N","N","N","Dark - Street Lights","Other","Pedestrian Violation","Other Motor Vehicle","N","N","N","N"
5850361,"N","Y","PDO (property damage only)","N",2012,16.6666666666667,"Summer","PM","N","Tu","Y","N","Y","N","N","N","N","N","Daylight","Broadside","Pedestrian Violation","Other Motor Vehicle","N","N","N","N"
5850370,"N","Y","Injury (Complaint of Pain)","N",2012,14.75,"Summer","N","N","W","Y","N","Y","N","N","N","N","N","Daylight","Broadside","Pedestrian Violation","Other Motor Vehicle","N","N","N","N"
5850377,"N","Y","PDO (property damage only)","N",2012,22.8333333333333,"Summer","N","N","Th","Y","Y","Y","N","N","N","N","N","Dark - Street Lights","Broadside","Pedestrian Violation","Other Motor Vehicle","N","N","N","N"
5850381,"N","Y","Injury (Complaint of Pain)","N",2012,17.5,"Summer","PM","N","W","N","N","Y","N","N","N","N","Y","Daylight","Overturned","Other Improper Driving","Non-Collision","N","N","N","N"
5850390,"N","Y","Injury (Complaint of Pain)","N",2012,17,"Summer","PM","N","Tu","N","N","Y","N","N","N","N","N","Daylight","Rear End","Pedestrian Right of Way","Parked Motor Vehicle","N","N","N","N"
5850963,"N","Y","PDO (property damage only)","N",2012,7.41666666666667,"Fall","AM","N","M","N","Y","Y","N","N","N","N","N","Daylight","Head-On","Wrong Side of Road","Other Motor Vehicle","N","N","N","N"
5850973,"N","Y","Injury (Other Visible)","N",2012,7.7,"Fall","AM","N","Tu","N","Y","Y","N","N","N","N","N","Daylight","Sideswipe","Wrong Side of Road","Other Motor Vehicle","N","N","N","N"
5852757,"N","Y","Injury (Complaint of Pain)","N",2012,15.8333333333333,"Fall","PM","N","F","N","N","Y","N","N","N","N","N","Daylight","Broadside","Pedestrian Violation","Other Motor Vehicle","N","N","N","N"
5852808,"N","Y","Injury (Complaint of Pain)","N",2012,11.8333333333333,"Fall","N","N","Sa","N","Y","Y","N","N","N","N","N","Daylight","Rear End","Wrong Side of Road","Other Motor Vehicle","N","N","N","N"
5853068,"N","Y","Injury (Other Visible)","N",2012,7.16666666666667,"Fall","AM","N","F","N","Y","Y","N","N","N","Y","N","Daylight","Overturned","Driving or Bicycling Under the Influence of Alcohol or Drug","Non-Collision","N","N","N","N"
5853154,"N","Y","Injury (Complaint of Pain)","N",2012,18.75,"Fall","PM","N","Th","N","N","Y","N","N","N","N","N","Dark - Street Lights","Broadside","Pedestrian Violation","Other Motor Vehicle","N","N","N","N"
5855600,"N","Y","Injury (Complaint of Pain)","N",2012,12.4166666666667,"Fall","N","N","F","N","Y","Y","N","N","N","N","N","Daylight","Sideswipe","Automobile Right of Way","Other Motor Vehicle","N","N","N","N"
5857047,"N","N","Injury (Complaint of Pain)","N",2012,7.66666666666667,"Fall","AM","N","M","N","N","Y","N","N","N","N","N","Daylight","Broadside","Pedestrian Right of Way","Other Motor Vehicle","Y","N","N","N"
5857050,"N","Y","PDO (property damage only)","N",2012,19.1666666666667,"Fall","N","N","W","Y","N","Y","N","N","N","N","N","Dusk or Dawn","Broadside","Pedestrian Violation","Other Motor Vehicle","N","N","N","N"
5857194,"N","Y","Injury (Complaint of Pain)","N",2012,22.6666666666667,"Fall","N","N","Sa","Y","N","Y","N","N","N","N","N","Dark - Street Lights","Broadside","Pedestrian Violation","Motor Vehicle on Other Roadway","N","N","N","N"
5857197,"N","Y","PDO (property damage only)","N",2012,20.3333333333333,"Fall","N","N","Su","Y","N","Y","N","N","N","N","N","Dark - Street Lights","Broadside","Pedestrian Violation","Other Motor Vehicle","N","N","N","N"
5857434,"N","Y","Injury (Complaint of Pain)","N",2012,12.5833333333333,"Fall","N","N","M","N","N","Y","N","N","N","N","N","Daylight","Head-On","Pedestrian Violation","Other Motor Vehicle","N","N","N","N"
5857437,"N","Y","PDO (property damage only)","N",2012,7.83333333333333,"Fall","AM","N","Tu","Y","N","Y","N","N","N","N","N","Daylight","Broadside","Pedestrian Violation","Other Motor Vehicle","N","N","N","N"
5859017,"N","Y","Injury (Other Visible)","N",2012,22.25,"Fall","N","N","F","N","N","Y","N","N","N","N","N","Dark - Street Lights","Vehicle/Pedestrian","Hazardous Parking","Pedestrian","N","N","Y","N"
5859023,"N","Y","Injury (Other Visible)","N",2012,20.6666666666667,"Fall","N","N","Su","N","N","Y","N","N","N","N","N","Dark - Street Lights","Broadside","Pedestrian Violation","Other Motor Vehicle","N","N","N","N"
5859039,"N","Y","Injury (Complaint of Pain)","N",2012,12.6666666666667,"Fall","N","N","F","N","N","Y","N","N","N","N","N","Daylight","Rear End","Improper Passing","Other Motor Vehicle","N","N","N","N"
5859086,"N","Y","Injury (Complaint of Pain)","N",2012,17,"Fall","N","N","Su","N","N","Y","N","N","N","N","N","Daylight","Rear End","Wrong Side of Road","Other Motor Vehicle","N","N","N","N"
5859091,"N","Y","PDO (property damage only)","N",2012,18,"Summer","PM","N","Tu","N","N","Y","N","N","N","N","N","Daylight","Hit Object","Wrong Side of Road","Fixed Object","N","N","N","N"
5859878,"N","Y","Injury (Complaint of Pain)","N",2012,12.8833333333333,"Fall","N","N","W","N","Y","Y","N","N","N","N",NA,"Daylight","Hit Object","Code 20","Fixed Object","N","N","N","N"
5859886,"N","N","PDO (property damage only)","N",2012,7.61666666666667,"Fall","AM","N","Tu","N","Y","Y","N","N","N","N","N","Daylight","Sideswipe","Pedestrian Right of Way","Other Motor Vehicle","N","N","N","N"
5859986,"N","Y","Injury (Other Visible)","N",2012,22.0833333333333,"Fall","N","N","Th","N","N","Y","N","N","N","N","Y","Dark - Street Lights","Hit Object","Wrong Side of Road","Fixed Object","N","N","N","N"
5860936,"N","N","PDO (property damage only)","N",2012,16.9333333333333,"Fall","PM","N","Tu","Y","N","Y","N","N","N","N","N","Daylight","Head-On","Pedestrian Violation","Other Motor Vehicle","N","N","N","N"
5860965,"N","Y","PDO (property damage only)","N",2012,18.3333333333333,"Fall","PM","N","W","N","N","Y","N","N","N","N","N","Dusk or Dawn","Broadside","Pedestrian Right of Way","Other Motor Vehicle","N","N","N","N"
5861029,"N","Y","PDO (property damage only)","N",2012,10.75,"Fall","N","N","M","N","N","Y","N","N","N","N","N","Daylight","Broadside","Automobile Right of Way","Other Motor Vehicle","N","N","N","N"
5861103,"N","Y","PDO (property damage only)","N",2012,19.5166666666667,"Fall","N","N","Su","N","N","Y","N","N","N","N","N","Dark - Street Lights","Head-On","Pedestrian Violation","Other Motor Vehicle","N","N","N","N"
5861543,"N","Y","Injury (Complaint of Pain)","N",2012,12.5,"Fall","N","N","Su","N","N","Y","N","N","N","N","N","Daylight","Sideswipe","Automobile Right of Way","Other Motor Vehicle","N","N","N","N"
5861731,"N","Y","Injury (Complaint of Pain)","N",2012,13.5333333333333,"Fall","N","N","Th","Y","N","Y","N","N","N","N","N","Daylight","Sideswipe","Pedestrian Right of Way","Other Motor Vehicle","N","N","N","N"
5862587,"N","Y","Injury (Complaint of Pain)","N",2012,6.33333333333333,"Fall","N","N","W","N","N","Y","N","N","N","N","N","Dark - Street Lights","Sideswipe","Impeding Traffic","Other Motor Vehicle","N","N","N","N"
5862599,"N","Y","Injury (Complaint of Pain)","N",2012,10.1666666666667,"Fall","N","N","F","N","N","Y","N","N","N","N","N","Daylight","Broadside","Improper Passing","Other Motor Vehicle","N","N","N","N"
5862682,"N","Y","Injury (Other Visible)","N",2012,21,"Fall","N","N","Th","Y","N","Y","N","N","N","N","N","Dark - Street Lights","Head-On","Pedestrian Violation","Other Motor Vehicle","N","N","N","N"
5862914,"N","Y","PDO (property damage only)","N",2012,12,"Fall","N","N","Th","N","N","N","Y","N","N","N","N","Daylight","Sideswipe","Pedestrian Right of Way","Other Motor Vehicle","N","N","N","N"
5862917,"N","Y","Injury (Complaint of Pain)","N",2012,10.25,"Fall","N","N","Tu","Y","Y","Y","N","N","N","N","N","Daylight","Rear End","Wrong Side of Road","Other Motor Vehicle","N","N","N","N"
5862937,"N","Y","Injury (Complaint of Pain)","N",2012,8.66666666666667,"Fall","AM","N","W","Y","N","Y","N","N","N","N","N","Daylight","Hit Object","Pedestrian Violation","Other Motor Vehicle","N","N","N","N"
5863042,"N","Y","Injury (Other Visible)","N",2012,20.1666666666667,"Fall","N","N","Sa","Y","N","Y","N","N","N","N","N","Dusk or Dawn","Sideswipe","Pedestrian Violation","Other Object","N","N","N","N"
5863048,"N","Y","PDO (property damage only)","N",2012,18.6666666666667,"Fall","PM","N","F","N","N","Y","N","N","N","N","N","Dark - Street Lights","Head-On","Unsafe Lane Change","Other Motor Vehicle","N","N","N","N"
5863063,"N","Y","Injury (Other Visible)","N",2012,18,"Fall","N","N","Su","Y","N","Y","N","N","N","N","N","Dark - Street Lights","Broadside","Unsafe Speed","Other Motor Vehicle","Y","N","N","N"
5863077,"N","Y","PDO (property damage only)","N",2012,20.25,"Fall","N","N","M","Y","N","Y","N","N","N","N","N","Dark - Street Lights","Broadside","Pedestrian Violation","Other Motor Vehicle","N","N","N","N"
5863109,"N","Y","Injury (Complaint of Pain)","N",2012,9.58333333333333,"Fall","N","N","Tu","N","N","Y","N","N","N","N","N","Daylight","Other","Pedestrian Violation","Other Motor Vehicle","N","N","N","N"
5863117,"N","Y","Injury (Complaint of Pain)","N",2012,19.6666666666667,"Fall","N","N","W","Y","N","Y","N","N","N","N","N","Dark - Street Lights","Broadside","Pedestrian Violation","Other Motor Vehicle","N","N","N","N"
5863246,"N","Y","Injury (Other Visible)","N",2012,15.1666666666667,"Fall","PM","N","Tu","Y","N","Y","N","N","N","N","N","Daylight","Head-On","Pedestrian Violation","Other Motor Vehicle","N","N","N","N"
5863266,"N","Y","PDO (property damage only)","N",2012,9.25,"Fall","N","N","Th","N","N","Y","N","N","N","N","N","Daylight","Broadside","Unsafe Starting or Backing","Other Motor Vehicle","N","N","N","N"
5863270,"N","Y","Injury (Complaint of Pain)","N",2012,18.1666666666667,"Fall","N","N","Su","N","N","Y","N","N","N","N","N","Dark - Street Lights","Broadside","Pedestrian Violation","Other Motor Vehicle","N","N","N","N"
5863326,"N","Y","PDO (property damage only)","N",2012,17.6666666666667,"Fall","PM","N","F","N","N","Y","N","N","N","N",NA,"Daylight","Broadside","Pedestrian Violation","Other Motor Vehicle","N","N","N","N"
5863334,"N","Y","PDO (property damage only)","N",2012,16.0833333333333,"Fall","N","N","Sa","N","N","Y","N","N","N","N","N","Daylight","Other","Wrong Side of Road","Other Object","N","N","N","N"
5863528,"N","N","PDO (property damage only)","N",2012,15.5833333333333,"Fall","PM","N","M","N","N","Y","N","N","N","N","N","Daylight","Rear End","Wrong Side of Road","Other Motor Vehicle","N","N","N","N"
5863536,"N","Y","Injury (Complaint of Pain)","N",2012,13.6666666666667,"Fall","N","N","Su","N","N","Y","N","N","N","N","N","Daylight","Broadside","Unsafe Lane Change","Other Motor Vehicle","N","N","N","N"
5863544,"N","Y","Injury (Complaint of Pain)","N",2012,13.8333333333333,"Fall","N","N","M","N","N","Y","N","N","N","N","N","Daylight","Hit Object","Wrong Side of Road","Fixed Object","N","N","N","N"
5863556,"N","Y","PDO (property damage only)","N",2012,17.3333333333333,"Fall","PM","N","Th","N","N","Y","N","N","N","N","N","Daylight",NA,"Wrong Side of Road","Other Object","N","N","N","N"
5863568,"N","N","PDO (property damage only)","N",2012,13.25,"Fall","N","N","F","Y","N","Y","N","N","N","N","N","Daylight","Broadside","Pedestrian Violation","Other Motor Vehicle","Y","N","N","N"
5863627,"N","Y","PDO (property damage only)","N",2012,10.05,"Fall","N","N","Th","N","N","N","Y","N","N","N","N","Daylight","Sideswipe","Pedestrian Right of Way","Other Motor Vehicle","N","N","N","N"
5863825,"N","Y","Injury (Complaint of Pain)","N",2012,1.33333333333333,"Fall","N","Y","Sa","N","N","Y","N","N","N","N","N","Dark - Street Lights","Rear End","Wrong Side of Road","Other Motor Vehicle","N","N","N","N"
5864017,"N","N","PDO (property damage only)","N",2012,15.6666666666667,"Fall","N","N","Sa","Y","N","Y","N","N","N","N","N","Daylight","Broadside","Lights","Other Motor Vehicle","N","N","N","N"
5864366,"N","Y","Injury (Complaint of Pain)","N",2012,13.1666666666667,"Summer","N","N","Sa","Y","N","Y","N","N","N","N","N","Daylight","Broadside","Pedestrian Violation","Other Motor Vehicle","N","N","N","N"
5864394,"N","Y","Injury (Complaint of Pain)","N",2012,18.3333333333333,"Summer","PM","N","M","Y","N","Y","N","N","N","N","N","Daylight","Broadside","Pedestrian Right of Way","Other Motor Vehicle","N","N","N","N"
5864493,"N","Y","PDO (property damage only)","N",2012,23.8333333333333,"Summer","N","Y","Tu","N","N","Y","N","N","N","N","N","Dark - Street Lights","Hit Object","Code 20","Other Object","N","N","N","N"
5864541,"N","Y","Injury (Complaint of Pain)","N",2012,18.25,"Summer","PM","N","Tu","N","N","Y","N","N","N","N","N","Dusk or Dawn","Sideswipe","Pedestrian Right of Way","Other Motor Vehicle","N","N","N","N"
5865204,"N","Y","PDO (property damage only)","N",2012,3.75,"Fall","N","Y","Sa","N","Y","Y","N","N","N","N","N","Dark - Street Lights","Hit Object","Pedestrian Right of Way","Fixed Object","N","N","N","N"
5866128,"N","Y","PDO (property damage only)","N",2012,17.8333333333333,"Fall","PM","N","Th","Y","N","Y","N","N","N","N","N","Dusk or Dawn","Head-On","Driving or Bicycling Under the Influence of Alcohol or Drug","Other Motor Vehicle","Y","N","N","N"
5867126,"N","Y","PDO (property damage only)","N",2012,17.5,"Fall","PM","N","M","N","Y","Y","N","N","N","N","N","Dusk or Dawn","Sideswipe","Automobile Right of Way","Other Motor Vehicle","N","N","N","N"
5867140,"N","Y","Injury (Complaint of Pain)","N",2012,10.8333333333333,"Fall","N","N","Tu","N","N","Y","N","N","N","N","N","Daylight","Sideswipe","Pedestrian Right of Way","Other Motor Vehicle","N","N","N","N"
5867365,"N","Y","Injury (Complaint of Pain)","N",2012,15.6666666666667,"Fall","PM","N","W","Y","N","Y","N","N","N","N","N","Daylight","Broadside","Pedestrian Violation","Other Motor Vehicle","N","N","N","N"
5867510,"N","Y","Injury (Complaint of Pain)","N",2012,8,"Fall","AM","N","Tu","N","Y","Y","N","N","N","Y","N","Daylight","Sideswipe","Wrong Side of Road","Other Motor Vehicle","N","N","N","N"
5867514,"N","Y","PDO (property damage only)","N",2012,12.0833333333333,"Fall","N","N","Su","N","Y","Y","N","N","N","N","N","Daylight","Hit Object","Pedestrian Right of Way","Fixed Object","N","N","N","N"
5868596,"N","Y","PDO (property damage only)","N",2012,9.25,"Summer","N","N","Tu","N","Y","N","Y","N","N","N","N","Daylight","Rear End","Automobile Right of Way","Other Motor Vehicle","N","N","N","N"
5868604,"N","Y","Injury (Complaint of Pain)","N",2012,17.5,"Summer","PM","N","Th","N","Y","Y","N","N","N","N","N","Daylight","Sideswipe","Automobile Right of Way","Other Motor Vehicle","N","N","N","N"
5868624,"N","Y","PDO (property damage only)","N",2012,8.75,"Summer","AM","N","F","N","Y","Y","N","N","N","N","Y","Daylight","Rear End","Automobile Right of Way","Other Motor Vehicle","N","N","N","N"
5869282,"N","Y","PDO (property damage only)","N",2012,23.6666666666667,"Fall","N","Y","Sa","N","Y","Y","N","N","N","N","N","Dark - Street Lights","Sideswipe","Automobile Right of Way","Other Motor Vehicle","N","N","N","N"
5869286,"N","Y","Injury (Complaint of Pain)","N",2012,6.83333333333333,"Fall","N","N","W","N","Y","N","Y","N","N","N","N","Daylight","Rear End","Wrong Side of Road","Other Motor Vehicle","N","N","N","N"
5869463,"N","Y","Injury (Other Visible)","N",2012,17.75,"Fall","N","N","Sa","Y","N","Y","N","N","N","N","N","Daylight",NA,"Wrong Side of Road","Fixed Object","N","N","N","N"
5869466,"N","Y","Injury (Other Visible)","N",2012,10.0833333333333,"Fall","N","N","W","N","N","N","Y","N","N","N","N","Daylight","Sideswipe","Automobile Right of Way","Other Motor Vehicle","N","N","N","N"
5869470,"N","Y","Injury (Complaint of Pain)","N",2012,8.75,"Fall","AM","N","F","N","N","N","Y","N","N","N","N","Daylight","Other","Automobile Right of Way","Other Motor Vehicle","N","N","N","N"
5869486,"N","Y","PDO (property damage only)","N",2012,18.9166666666667,"Fall","PM","N","F","N","N","Y","N","N","N","N","N","Dark - Street Lights","Sideswipe","Automobile Right of Way","Other Motor Vehicle","Y","N","N","N"