"CASE_ID","mc_killed","mc_injured","collision_severity","severe","accident_year","hours_since_midnight","season","rush_hour","late_night","day_of_week","intersection","state_hwy_ind","w_clear","w_cloudy","w_rainy","w_other","road_not_dry","road_condition_issue","lighting","type_of_collision","pcf_viol_category","mviw","alcohol_involved","truck_accident","pedestrian_accident","bicycle_accident"
5964604,"N","Y","Injury (Other Visible)","N",2012,0.833333333333333,"Winter","N","Y","Su","N","N","N","N","Y","N","Y","N","Dark - Street Lights","Other","Pedestrian Violation","Other Motor Vehicle","N","N","N","N"
5965390,"N","Y","PDO (property damage only)","N",2012,20.25,"Summer","N","N","W","Y","N","Y","N","N","N","N","N","Dark - Street Lights","Broadside","Lights","Other Motor Vehicle","N","N","N","N"
5965415,"N","Y","Injury (Other Visible)","N",2012,11.6666666666667,"Fall","N","N","Tu","Y","N","Y","N","N","N","N","N","Daylight","Head-On","Pedestrian Violation","Other Motor Vehicle","N","N","N","N"
5965530,"N","Y","PDO (property damage only)","N",2012,20.5,"Fall","N","N","W","Y","N","Y","N","N","N","N","N","Dark - No Street Lights","Rear End","Unsafe Starting or Backing","Other Motor Vehicle","N","N","N","N"
5965696,"N","Y","PDO (property damage only)","N",2012,7.33333333333333,"Fall","AM","N","F","N","Y","Y","N","N","N","N","N","Daylight","Rear End","Wrong Side of Road","Other Motor Vehicle","N","N","N","N"
5966477,"N","Y","Injury (Complaint of Pain)","N",2012,9,"Fall","AM","N","M","Y","N","N","Y","N","N","N","N","Daylight","Other","Code 19","Other Object","N","N","N","N"
5966491,"N","Y","PDO (property damage only)","N",2012,7.41666666666667,"Fall","AM","N","W","N","Y","N","Y","N","N","N","N","Daylight","Overturned","Wrong Side of Road","Non-Collision","N","N","N","N"
5966500,"N","Y","PDO (property damage only)","N",2012,15.25,"Fall","PM","N","W","N","N","Y","N","N","N","N","N","Daylight","Broadside","Pedestrian Violation","Other Motor Vehicle","N","N","N","N"
5966504,"N","Y","Injury (Complaint of Pain)","N",2012,8,"Fall","AM","N","Th","N","N","N","Y","N","N","N","N","Daylight","Sideswipe","Automobile Right of Way","Other Motor Vehicle","N","N","N","N"
5966524,"N","Y","Injury (Complaint of Pain)","N",2012,9.75,"Fall","N","N","Su","N","N","Y","N","N","N","N","N","Daylight","Sideswipe","Automobile Right of Way","Other Motor Vehicle","N","N","N","N"
5966542,"N","Y","PDO (property damage only)","N",2012,6.63333333333333,"Fall","N","N","Tu","N","Y","Y","N","N","N","N","N","Daylight","Hit Object","Pedestrian Right of Way","Fixed Object","N","N","N","N"
5966678,"N","Y","Injury (Complaint of Pain)","N",2012,15.25,"Fall","PM","N","Tu","N","Y","Y","N","N","N","N","N","Daylight","Overturned","Automobile Right of Way","Non-Collision","N","N","N","N"
5966686,"N","Y","PDO (property damage only)","N",2012,9.08333333333333,"Fall","N","N","Su","N","Y","Y","N","N","N","N","N","Daylight","Overturned","Wrong Side of Road","Non-Collision","N","N","N","N"
5966698,"N","Y","Injury (Complaint of Pain)","N",2012,17.5,"Fall","PM","N","F","N","Y","Y","N","N","N","N","N","Dark - Street Lights","Sideswipe","Automobile Right of Way","Other Motor Vehicle","N","N","N","N"
5966770,"N","Y","PDO (property damage only)","N",2012,23.5833333333333,"Fall","N","Y","Tu","Y","N","Y","N","N","N","N","N","Dark - Street Lights","Broadside","Pedestrian Violation","Other Motor Vehicle","N","N","N","N"
5966800,"N","Y","PDO (property damage only)","N",2012,17.5,"Fall","PM","N","W","Y","N","N","N","Y","N","Y","N","Dark - Street Lights","Broadside","Lights","Other Motor Vehicle","N","N","N","N"
5966916,"N","N","Injury (Complaint of Pain)","N",2012,17.4166666666667,"Fall","PM","N","Th","N","N","Y","N","N","N","N","N","Daylight","Broadside","Pedestrian Violation","Other Motor Vehicle","N","N","N","N"
5966968,"N","N","Injury (Complaint of Pain)","N",2012,2,"Fall","N","Y","M","N","N","Y","N","N","N","N","N","Dark - Street Lights","Vehicle/Pedestrian","Traffic Signals and Signs","Pedestrian","N","N","Y","N"
5967035,"N","Y","Injury (Complaint of Pain)","N",2012,15,"Fall","PM","N","Th","Y","N","Y","N","N","N","N","N","Daylight","Broadside","Pedestrian Violation","Other Motor Vehicle","N","N","N","N"
5968984,"N","Y","Injury (Other Visible)","N",2012,15.6333333333333,"Winter","PM","N","F","N","Y","Y","N","N","N","N","N","Daylight","Rear End","Wrong Side of Road","Other Motor Vehicle","N","N","N","N"
5969012,"N","N","PDO (property damage only)","N",2012,19.5,"Winter","N","N","Su","N","N","Y","N","N","N","N","N","Dark - Street Lights","Rear End","Wrong Side of Road","Other Motor Vehicle","N","N","N","N"
5969051,"N","Y","Injury (Other Visible)","N",2012,17,"Winter","PM","N","M","N","N","Y","N","N","N","N","N","Dark - Street Lights","Broadside","Improper Turning","Other Motor Vehicle","N","N","N","N"
5969069,"N","Y","PDO (property damage only)","N",2012,19.75,"Winter","N","N","W","Y","N","Y","N","N","N","N","N","Dark - Street Lights","Other","Pedestrian Violation","Other Motor Vehicle","N","N","N","N"
5969081,"N","Y","PDO (property damage only)","N",2012,17.5833333333333,"Fall","PM","N","W","N","N","Y","N","N","N","Y","N","Dark - Street Lights","Other","Impeding Traffic","Non-Collision","N","N","N","N"
5969153,"N","Y","Injury (Complaint of Pain)","N",2012,7.58333333333333,"Fall","AM","N","Tu","Y","N","Y","N","N","N","N","N","Daylight","Other","Pedestrian Violation","Motor Vehicle on Other Roadway","N","N","N","N"
5969157,"N","Y","PDO (property damage only)","N",2012,12.75,"Fall","N","N","Tu","N","N","Y","N","N","N","N","N","Daylight","Sideswipe","Pedestrian Violation","Other Motor Vehicle","N","N","N","N"
5970804,"N","Y","PDO (property damage only)","N",2012,16,"Fall","N","N","Su","Y","N","Y","N","N","N","N","N","Daylight","Broadside","Pedestrian Violation","Other Motor Vehicle","N","N","N","N"
5970807,"N","Y","Injury (Complaint of Pain)","N",2012,14.75,"Fall","N","N","W","N","N","N","Y","N","N","N","N","Daylight","Hit Object","Code 20","Fixed Object","N","N","N","N"
5970839,"N","Y","Injury (Complaint of Pain)","N",2012,18.8333333333333,"Fall","PM","N","W","N","N","Y","N","N","N","N","N","Dark - Street Lights","Sideswipe","Pedestrian Right of Way","Other Motor Vehicle","N","N","N","N"
5970875,"N","Y","PDO (property damage only)","N",2012,9.25,"Fall","N","N","F","Y","N","Y","N","N","N","N","N","Daylight","Broadside","Driving or Bicycling Under the Influence of Alcohol or Drug","Other Motor Vehicle","N","N","N","N"
5971051,"N","Y","Injury (Complaint of Pain)","N",2012,23.1666666666667,"Fall","N","Y","Th","Y","N","Y","N","N","N","N","N","Dark - Street Lights","Broadside","Pedestrian Violation","Other Motor Vehicle","N","N","N","N"
5971104,"N","Y","PDO (property damage only)","N",2012,12.25,"Fall","N","N","Th","N","N","N","Y","N","N","N","N","Daylight","Sideswipe","Automobile Right of Way","Other Motor Vehicle","N","N","N","N"
5971520,"N","Y","Injury (Complaint of Pain)","N",2012,11.0833333333333,"Fall","N","N","W","N","N","Y","N","N","N","N","N","Daylight","Broadside","Pedestrian Violation","Other Motor Vehicle","N","N","N","N"
5972457,"N","Y","Injury (Complaint of Pain)","N",2012,19.4166666666667,"Fall","N","N","F","Y","N","Y","N","N","N","N","N","Dark - Street Lights","Broadside","Pedestrian Violation","Other Motor Vehicle","N","N","N","N"
5972737,"N","Y","Injury (Complaint of Pain)","N",2012,9.75,"Fall","N","N","Tu","Y","N","Y","N","N","N","N","N","Daylight","Sideswipe","Pedestrian Violation","Other Motor Vehicle","N","N","N","N"
5975090,"N","Y","Injury (Complaint of Pain)","N",2012,23.6666666666667,"Fall","N","Y","Tu","Y","N","Y","N","N","N","N","N","Dark - Street Lights","Broadside","Pedestrian Violation","Other Motor Vehicle","N","N","N","N"
5975122,"N","Y","PDO (property damage only)","N",2012,19.25,"Fall","N","N","W","N","N","Y","N","N","N","N","N","Dark - Street Lights","Other","Pedestrian Violation","Other Object","N","N","N","N"
5975221,"N","Y","Injury (Complaint of Pain)","N",2012,9.16666666666667,"Fall","N","N","Tu","N","N","Y","N","N","N","N","N","Daylight","Rear End","Wrong Side of Road","Other Motor Vehicle","N","N","N","N"
5975241,"N","Y","PDO (property damage only)","N",2012,19,"Fall","N","N","Su","N","N","Y","N","N","N","N","N","Dark - Street Lights","Rear End","Improper Passing","Other Motor Vehicle","N","N","N","N"
6020993,"N","Y","Injury (Complaint of Pain)","N",2012,9.58333333333333,"Summer","N","N","Th","N","Y","Y","N","N","N","N","Y","Daylight","Hit Object","Wrong Side of Road","Other Object","N","N","N","N"
6021849,"N","Y","Injury (Complaint of Pain)","N",2012,16.3833333333333,"Summer","PM","N","Tu","N","Y","Y","N","N","N","N","N","Daylight","Sideswipe","Automobile Right of Way","Other Motor Vehicle","N","N","N","N"
6021866,"N","Y","PDO (property damage only)","N",2012,17.8333333333333,"Summer","PM","N","W","N","Y","Y","N","N","N","N","N","Daylight","Rear End","Automobile Right of Way","Other Motor Vehicle","N","N","N","N"
6022670,"N","Y","Injury (Complaint of Pain)","N",2012,6,"Winter","N","N","M","N","N","Y","N","N","N","N","N","Dusk or Dawn","Broadside","Pedestrian Violation","Other Motor Vehicle","N","N","N","N"
6025532,"N","Y","PDO (property damage only)","N",2012,14,"Summer","N","N","Tu","N","Y","Y","N","N","N","N","N","Daylight","Sideswipe","Automobile Right of Way","Other Motor Vehicle","N","N","N","N"
6025546,"N","Y","PDO (property damage only)","N",2012,16.4166666666667,"Summer","PM","N","F","N","Y","Y","N","N","N","N","N","Daylight","Rear End","Pedestrian Right of Way","Other Motor Vehicle","N","N","N","N"
6025587,"N","Y","PDO (property damage only)","N",2012,7.83333333333333,"Summer","AM","N","M","N","Y","Y","N","N","N","N","N","Daylight","Rear End","Wrong Side of Road","Other Motor Vehicle","N","N","N","N"
6025598,"N","Y","PDO (property damage only)","N",2012,6.33333333333333,"Summer","N","N","Th","N","Y","N","Y","N","N","N","N","Daylight","Sideswipe","Pedestrian Right of Way","Other Motor Vehicle","N","N","N","N"
6027514,"N","Y","Injury (Complaint of Pain)","N",2012,13.0833333333333,"Summer","N","N","Sa","N","Y","Y","N","N","N","N","N","Daylight","Broadside","Automobile Right of Way","Other Motor Vehicle","N","N","N","N"
6031327,"N","Y","Injury (Complaint of Pain)","N",2012,6.75,"Summer","N","N","M","N","Y","Y","N","N","N","N","N","Daylight","Rear End","Automobile Right of Way","Other Motor Vehicle","N","N","N","N"
6044560,"N","Y","Injury (Complaint of Pain)","N",2012,16.4666666666667,"Summer","PM","N","F","N","Y","Y","N","N","N","N","N","Daylight","Overturned","Wrong Side of Road","Non-Collision","N","N","N","N"
6048156,"N","Y","Injury (Other Visible)","N",2012,17.25,"Summer","PM","N","Th","N","Y","Y","N","N","N","N","N","Daylight","Rear End","Wrong Side of Road","Other Motor Vehicle","N","Y","N","N"
6058902,"N","Y","Injury (Complaint of Pain)","N",2012,17.25,"Fall","N","N","Su","N","Y","Y","N","N","N","N","N","Daylight","Hit Object","Driving or Bicycling Under the Influence of Alcohol or Drug","Fixed Object","N","N","N","N"
6058903,"N","Y","Injury (Complaint of Pain)","N",2012,8.08333333333333,"Fall","AM","N","W","N","Y","Y","N","N","N","N","N","Daylight","Overturned","Automobile Right of Way","Non-Collision","N","N","N","N"
6078764,"N","Y","Injury (Complaint of Pain)","N",2012,9.66666666666667,"Fall","N","N","Th","N","Y","Y","N","N","N","N","N","Daylight","Rear End","Wrong Side of Road","Other Motor Vehicle","N","N","N","N"
6078835,"N","Y","Injury (Complaint of Pain)","N",2012,18,"Fall","PM","N","M","N","Y","Y","N","N","N","N","N","Daylight","Sideswipe","Pedestrian Right of Way","Other Motor Vehicle","N","N","N","N"
6079006,"N","Y","PDO (property damage only)","N",2012,6.71666666666667,"Fall","N","N","M","N","Y","Y","N","N","N","N","N","Daylight","Sideswipe","Automobile Right of Way","Other Motor Vehicle","N","N","N","N"
6079566,"N","Y","Injury (Complaint of Pain)","N",2012,12.75,"Fall","N","N","M","Y","N","Y","N","N","N","N","N","Daylight","Broadside","Pedestrian Right of Way","Other Motor Vehicle","N","N","N","N"
6079597,"N","Y","Injury (Complaint of Pain)","N",2012,8.16666666666667,"Fall","AM","N","Tu","N","Y","Y","N","N","N","N","N","Daylight","Sideswipe","Improper Turning","Other Motor Vehicle","N","N","N","N"
6080467,"N","Y","Injury (Complaint of Pain)","N",2012,21,"Fall","N","N","M","N","Y","Y","N","N","N","N","N","Dark - Street Lights","Overturned","Wrong Side of Road","Non-Collision","N","N","N","N"
6083831,"N","Y","PDO (property damage only)","N",2012,14.8333333333333,"Fall","N","N","W","N","Y","Y","N","N","N","N","N","Daylight","Sideswipe","Automobile Right of Way","Other Motor Vehicle","N","N","N","N"
6087841,"N","Y","Injury (Complaint of Pain)","N",2012,9.91666666666667,"Fall","N","N","W","N","Y","Y","N","N","N","N","N","Daylight","Overturned","Wrong Side of Road","Non-Collision","N","N","N","N"
6104338,"N","Y","Injury (Complaint of Pain)","N",2012,19.1666666666667,"Fall","N","N","F","N","Y","Y","N","N","N","N","N","Dark - Street Lights","Sideswipe","Automobile Right of Way","Other Motor Vehicle","N","N","N","N"
6104381,"N","Y","PDO (property damage only)","N",2012,15.25,"Fall","PM","N","W","N","Y","Y","N","N","N","N","N","Daylight","Overturned","Wrong Side of Road","Non-Collision","N","N","N","N"
6104389,"N","Y","Injury (Complaint of Pain)","N",2012,17.1666666666667,"Fall","PM","N","Th","N","Y","Y","N","N","N","N","N","Daylight","Rear End","Wrong Side of Road","Other Motor Vehicle","N","N","N","N"
6104405,"N","Y","Injury (Complaint of Pain)","N",2012,2.08333333333333,"Fall","N","Y","F","N","Y","Y","N","N","N","N","N","Dark - Street Lights","Hit Object","Wrong Side of Road","Fixed Object","N","N","N","N"
6117553,"N","Y","Injury (Complaint of Pain)","N",2012,16.0833333333333,"Fall","PM","N","M","N","Y","Y","N","N","N","N","N","Daylight","Rear End","Wrong Side of Road","Other Motor Vehicle","N","N","N","N"
6117561,"N","Y","Injury (Complaint of Pain)","N",2012,7,"Fall","AM","N","Th","N","Y","Y","N","N","N","N","N","Daylight","Rear End","Automobile Right of Way","Other Motor Vehicle","N","N","N","N"
6119100,"N","Y","Injury (Complaint of Pain)","N",2012,18.5,"Summer","N","N","Sa","N","N","Y","N","N","N","N","N","Daylight","Head-On","Pedestrian Right of Way","Other Motor Vehicle","N","N","N","N"
6120604,"N","Y","Injury (Complaint of Pain)","N",2012,9.66666666666667,"Fall","N","N","Sa","N","Y","Y","N","N","N","N","N","Daylight","Other","Wrong Side of Road","Other Motor Vehicle","N","N","N","N"
6130160,"N","Y","Injury (Complaint of Pain)","N",2012,13.6666666666667,"Summer","N","N","Sa","Y","N","Y","N","N","N","N","N","Daylight",NA,"Pedestrian Right of Way","Other Object","N","N","N","N"
6146334,"N","Y","Injury (Other Visible)","N",2012,19.9666666666667,"Fall","N","N","W","N","Y","Y","N","N","N","N","Y","Dark - No Street Lights","Rear End","Pedestrian Right of Way","Other Motor Vehicle","N","N","N","N"
6158992,"N","Y","PDO (property damage only)","N",2012,21.3333333333333,"Fall","N","N","M","N","Y","Y","N","N","N","N","N","Dark - Street Lights","Hit Object","Code 20","Fixed Object","N","N","N","N"
6159089,"N","Y","Injury (Other Visible)","N",2012,3.83333333333333,"Fall","N","Y","W","N","Y","Y","N","N","N","N","N","Dark - Street Lights","Hit Object","Wrong Side of Road","Other Object","N","N","N","N"
6161934,"N","Y","Injury (Complaint of Pain)","N",2012,15.2,"Fall","PM","N","W","N","Y",NA,NA,NA,NA,"N","N","Daylight","Sideswipe","Pedestrian Right of Way","Other Motor Vehicle","N","N","N","N"
6166338,"N","Y","Injury (Complaint of Pain)","N",2012,8.75,"Fall","AM","N","Tu","N","Y","Y","N","N","N","N","N","Daylight","Rear End","Wrong Side of Road","Other Motor Vehicle","N","N","N","N"
6166354,"N","Y","Injury (Complaint of Pain)","N",2012,9.66666666666667,"Fall","N","N","Th","N","Y","Y","N","N","N","N","N","Daylight","Rear End","Wrong Side of Road","Other Motor Vehicle","N","N","N","N"
6166410,"N","Y","PDO (property damage only)","N",2012,13.8333333333333,"Fall","N","N","Tu","N","Y","Y","N","N","N","N","N","Daylight","Rear End","Driving or Bicycling Under the Influence of Alcohol or Drug","Other Motor Vehicle","N","N","N","N"
6168193,"N","Y","PDO (property damage only)","N",2012,18.1666666666667,"Fall","PM","N","F","N","Y","Y","N","N","N","N","N","Dark - Street Lights","Overturned","Pedestrian Right of Way",NA,"N","N","N","N"
6172795,"N","Y","Injury (Complaint of Pain)","N",2012,7.41666666666667,"Fall","AM","N","W","N","Y","N","Y","N","N","N","N","Daylight","Hit Object","Wrong Side of Road","Other Object","N","N","N","N"
6200689,"N","Y","Injury (Complaint of Pain)","N",2012,14.8333333333333,"Fall","N","N","Tu","N","Y","Y","N","N","N","N","N","Daylight","Sideswipe","Wrong Side of Road","Other Motor Vehicle","N","N","N","N"
6200709,"N","Y","Injury (Complaint of Pain)","N",2012,19.3666666666667,"Fall","N","N","Tu","N","Y","Y","N","N","N","N","Y","Dark - Street Lights","Sideswipe","Pedestrian Right of Way","Other Motor Vehicle","N","N","N","N"
6201706,"N","Y","PDO (property damage only)","N",2012,5.83333333333333,"Fall","N","N","F","N","Y","N","Y","N","N","Y","N","Dark - Street Lights","Hit Object","Wrong Side of Road","Fixed Object","N","N","N","N"
6263323,"N","N","Injury (Complaint of Pain)","N",2012,18.75,"Summer","PM","N","Th","Y","N","Y","N","N","N","N","N","Daylight","Sideswipe","Lights","Other Motor Vehicle","N","N","N","N"
6270760,"N","Y","PDO (property damage only)","N",2012,15.25,"Winter","PM","N","Th","N","Y","Y","N","N","N","N","N","Daylight","Overturned","Driving or Bicycling Under the Influence of Alcohol or Drug","Other Motor Vehicle","N","N","N","N"
6275674,"N","Y","Injury (Complaint of Pain)","N",2012,17.8333333333333,"Fall","PM","N","Th","N","Y","Y","N","N","N","N","N","Dark - No Street Lights","Rear End","Wrong Side of Road","Other Motor Vehicle","N","N","N","N"
6275690,"N","Y","PDO (property damage only)","N",2012,12.3333333333333,"Winter","N","N","Sa","N","Y","N","Y","N","N","Y","Y","Daylight","Rear End","Pedestrian Right of Way","Other Motor Vehicle","N","N","N","N"
6275733,"N","Y","Injury (Complaint of Pain)","N",2012,12.6,"Fall","N","N","F","N","N","Y","N","N","N","N","N","Daylight","Overturned","Wrong Side of Road","Non-Collision","N","N","N","N"
6321753,"N","Y","PDO (property damage only)","N",2012,13.3333333333333,"Fall","N","N","Tu","N","N","Y","N","N","N","N","N","Daylight","Sideswipe","Pedestrian Violation","Other Motor Vehicle","N","N","N","N"
6406697,"N","Y","Injury (Complaint of Pain)","N",2012,15.25,"Fall","PM","N","F","N","Y","Y","N","N","N","N","N","Daylight","Hit Object","Code 20","Other Object","N","N","N","N"
5465823,"N","N","Fatal","Y",2012,7.25,"Winter","AM","N","M","N","N","Y","N","N","N","N","N","Daylight","Sideswipe","Pedestrian Right of Way","Other Motor Vehicle","N","N","N","N"
5480593,"N","N","Fatal","Y",2012,17.5,"Winter","PM","N","Tu","N","N","Y","N","N","N","N","N","Dark - Street Lights","Rear End","Improper Passing","Other Motor Vehicle","N","N","N","N"
5487095,"N","N","Fatal","Y",2012,18,"Winter","PM","N","F","N","N","Y","N","N","N","N","N","Dusk or Dawn","Rear End","Wrong Side of Road","Other Motor Vehicle","N","N","N","N"
5490057,"N","N","Fatal","Y",2012,9.5,"Winter","N","N","Tu","N","Y","Y","N","N","N","N","N","Daylight","Sideswipe","Driving or Bicycling Under the Influence of Alcohol or Drug","Other Motor Vehicle","N","N","N","N"
5492684,"N","N","Fatal","Y",2012,22,"Winter","N","N","Su","N","N","Y","N","N","N","N","N","Dark - Street Lights","Rear End","Wrong Side of Road","Parked Motor Vehicle","N","N","N","N"
5492910,"N","N","Fatal","Y",2012,18,"Winter","PM","N","Th","N","Y","Y","N","N","N","N","N","Daylight","Rear End","Wrong Side of Road","Other Motor Vehicle","N","N","N","N"
5493368,"N","N","Fatal","Y",2012,13.1666666666667,"Winter","N","N","Th","N","Y","Y","N","N","N","N","N","Daylight","Rear End","Pedestrian Right of Way","Parked Motor Vehicle","N","N","N","N"
5494088,"N","N","Fatal","Y",2012,15,"Winter","N","N","Su","N","N","Y","N","N","N","N","N","Daylight","Broadside","Unsafe Starting or Backing","Parked Motor Vehicle","N","N","N","N"
5496573,"N","N","Fatal","Y",2012,8.5,"Winter","AM","N","F","N","N","Y","N","N","N","N","N","Daylight","Sideswipe","Automobile Right of Way","Parked Motor Vehicle","N","N","N","N"
5497094,"N","N","Fatal","Y",2012,16.7666666666667,"Winter","PM","N","Th","N","Y","Y","N","N","N","N","N","Daylight","Sideswipe","Automobile Right of Way","Other Motor Vehicle","N","N","N","N"
5497114,"N","N","Fatal","Y",2012,8.75,"Winter","AM","N","Th","N","Y","Y","N","N","N","N","N","Daylight","Rear End","Wrong Side of Road","Other Motor Vehicle","N","N","N","N"
5503054,"N","N","Fatal","Y",2012,20,"Winter","N","N","Th","Y","N","Y","N","N","N","N","N","Dark - Street Lights","Sideswipe","Pedestrian Violation","Other Motor Vehicle","N","N","N","N"
5503119,"N","N","Fatal","Y",2012,15.9166666666667,"Winter","PM","N","W","N","Y","Y","N","N","N","N","N","Daylight","Sideswipe","Impeding Traffic","Other Motor Vehicle","N","N","N","N"
5504964,"N","N","Fatal","Y",2012,7.41666666666667,"Winter","AM","N","Th","N","Y","Y","N","N","N","N","N","Daylight","Sideswipe","Automobile Right of Way","Non-Collision","N","N","N","N"
5505037,"N","N","Fatal","Y",2012,8.83333333333333,"Winter","AM","N","W","N","Y","Y","N","N","N","N","N","Daylight","Rear End","Wrong Side of Road","Other Motor Vehicle","N","N","N","N"
5505495,"N","N","Fatal","Y",2012,18,"Winter","PM","N","F","N","N","Y","N","N","N","N","N","Dark - Street Lights","Sideswipe","Automobile Right of Way","Other Motor Vehicle","N","N","N","N"
5506575,"N","N","Fatal","Y",2012,14.6666666666667,"Winter","N","N","F","Y","N","Y","N","N","N","N","N","Daylight","Broadside","Lights","Other Motor Vehicle","N","N","N","N"
5507810,"N","N","Fatal","Y",2012,8.5,"Winter","AM","N","Th","N","Y","Y","N","N","N","N","N","Daylight","Sideswipe","Impeding Traffic","Other Motor Vehicle","N","N","N","N"
5512145,"N","N","Fatal","Y",2012,15.8333333333333,"Winter","PM","N","F","N","Y","Y","N","N","N","N","N","Daylight","Rear End","Wrong Side of Road","Other Motor Vehicle","N","N","N","N"
5514786,"N","N","Fatal","Y",2012,16,"Winter","PM","N","F","N","Y","Y","N","N","N","N","N","Daylight","Rear End","Wrong Side of Road","Other Motor Vehicle","N","N","N","N"
5518870,"N","N","Fatal","Y",2012,13.9666666666667,"Winter","N","N","F","N","Y","Y","N","N","N","N","Y","Daylight","Rear End","Wrong Side of Road","Other Motor Vehicle","N","N","N","N"
5519148,"N","N","Fatal","Y",2012,8.16666666666667,"Winter","AM","N","Th","N","Y","Y","N","N","N","N","N","Daylight","Rear End","Wrong Side of Road","Other Motor Vehicle","N","N","N","N"
5519202,"N","N","Fatal","Y",2012,11.8333333333333,"Winter","N","N","W","N","N","N","N","Y","N","Y","N","Daylight","Head-On","Wrong Side of Road","Fixed Object","N","N","N","N"
5531607,"N","N","Fatal","Y",2012,18.9166666666667,"Winter","PM","N","W","N","N","Y","N","N","N","N","N","Dark - Street Lights","Broadside","Pedestrian Violation","Other Motor Vehicle","N","N","N","N"
5533034,"N","N","Fatal","Y",2012,7.41666666666667,"Winter","AM","N","Tu","N","Y","Y","N","N","N","N","N","Daylight","Sideswipe","Automobile Right of Way","Other Motor Vehicle","N","N","N","N"
5533791,"N","N","Fatal","Y",2012,15.25,"Winter","PM","N","Th","N","N","Y","N","N","N","N","N","Dusk or Dawn","Other","Unsafe Starting or Backing","Parked Motor Vehicle","N","N","N","N"
5537458,"N","N","Fatal","Y",2012,6.66666666666667,"Winter","N","N","F","N","Y","Y","N","N","N","N","N","Daylight","Sideswipe","Pedestrian Right of Way","Other Motor Vehicle","N","N","N","N"
5538485,"N","N","Fatal","Y",2012,23,"Winter","N","Y","F","N","N","N","Y","N","N","N","N","Dark - Street Lights","Sideswipe","Wrong Side of Road","Other Motor Vehicle","N","N","N","N"
5538803,"N","N","Fatal","Y",2012,16.6666666666667,"Winter","N","N","Su","N","N","Y","N","N","N","N","N","Daylight","Sideswipe","Automobile Right of Way","Other Motor Vehicle","N","N","N","N"
5539847,"N","N","Fatal","Y",2012,10.4333333333333,"Winter","N","N","F","N","Y","Y","N","N","N","N","N","Daylight","Sideswipe","Wrong Side of Road","Other Motor Vehicle","N","N","N","N"
5539995,"N","N","Fatal","Y",2012,8.46666666666667,"Winter","AM","N","Th","N","Y","Y","N","N","N","N","N","Daylight","Sideswipe","Pedestrian Right of Way","Other Motor Vehicle","N","N","N","N"
5545805,"N","N","Fatal","Y",2012,1.38333333333333,"Winter","N","Y","Su","N","Y","Y","N","N","N","N","N","Dark - Street Lights","Sideswipe","Automobile Right of Way","Other Motor Vehicle","N","N","N","N"
5548442,"N","N","Fatal","Y",2012,8,"Winter","AM","N","W","Y","N","Y","N","N","N","N","N","Daylight","Broadside","Pedestrian Violation","Other Motor Vehicle","N","N","N","N"
5550676,"N","N","Fatal","Y",2012,15.5833333333333,"Spring","PM","N","F","N","N","Y","N","N","N","N","N","Daylight","Rear End","Wrong Side of Road","Other Motor Vehicle","N","N","N","N"
5553463,"N","N","Fatal","Y",2012,2,"Winter","N","Y","Sa","N","N","Y","N","N","N","N","N","Dark - Street Lights","Sideswipe","Unsafe Starting or Backing","Parked Motor Vehicle","N","N","N","N"
5555758,"N","N","Fatal","Y",2012,8.75,"Winter","N","N","Sa","N","Y","Y","N","N","N","N","N","Daylight","Rear End","Wrong Side of Road","Other Motor Vehicle","N","N","N","N"
5561398,"N","N","Fatal","Y",2012,17.5,"Spring","N","N","Sa","N","N","N","Y","N","N","N","N","Daylight","Broadside","Pedestrian Violation","Other Motor Vehicle","N","N","N","N"
5562062,"N","N","Fatal","Y",2012,15,"Spring","PM","N","Tu","N","N","Y","N","N","N","N","N","Daylight","Rear End","Improper Passing","Other Motor Vehicle","N","N","N","N"
5562066,"N","N","Fatal","Y",2012,15.0166666666667,"Spring","PM","N","Tu","N","N","Y","N","N","N","N","N","Daylight","Sideswipe","Automobile Right of Way","Other Motor Vehicle","N","N","N","N"
5562290,"N","N","Fatal","Y",2012,17.4166666666667,"Winter","N","N","Sa","N","Y","Y","N","N","N","N","N","Daylight","Sideswipe","Wrong Side of Road","Other Motor Vehicle","N","N","N","N"
5562962,"N","N","Fatal","Y",2012,16.8,"Summer","PM","N","M","N","Y","Y","N","N","N","N","N","Daylight","Sideswipe","Wrong Side of Road","Other Motor Vehicle","N","N","N","N"
5563277,"N","N","Fatal","Y",2012,16.5833333333333,"Summer","PM","N","F","N","N","Y","N","N","N","N","N","Daylight","Rear End","Improper Passing","Other Motor Vehicle","N","N","N","N"
5578550,"N","N","Fatal","Y",2012,20.9166666666667,"Winter","N","N","Sa","N","Y","Y","N","N","N","N","N","Dark - Street Lights","Sideswipe","Automobile Right of Way","Other Motor Vehicle","N","N","N","N"
5578799,"N","N","Fatal","Y",2012,12.5833333333333,"Winter","N","N","Tu","N","N","Y","N","N","N","N","N","Daylight","Rear End","Automobile Right of Way","Parked Motor Vehicle","N","N","N","N"
5581312,"N","N","Fatal","Y",2012,8.08333333333333,"Spring","AM","N","W","N","Y","Y","N","N","N","N","N","Daylight","Sideswipe","Pedestrian Right of Way","Other Motor Vehicle","N","N","N","N"
5581320,"N","N","Fatal","Y",2012,14.3333333333333,"Spring","N","N","W","N","Y","Y","N","N","N","N","N","Daylight","Sideswipe","Pedestrian Right of Way","Other Motor Vehicle","N","N","N","N"
5581328,"N","N","Fatal","Y",2012,7.91666666666667,"Spring","AM","N","Th","N","Y","Y","N","N","N","N","N","Daylight","Sideswipe","Automobile Right of Way","Other Motor Vehicle","N","N","N","N"