"CASE_ID","mc_killed","mc_injured","collision_severity","severe","accident_year","hours_since_midnight","season","rush_hour","late_night","day_of_week","intersection","state_hwy_ind","w_clear","w_cloudy","w_rainy","w_other","road_not_dry","road_condition_issue","lighting","type_of_collision","pcf_viol_category","mviw","alcohol_involved","truck_accident","pedestrian_accident","bicycle_accident"
5582219,"N","N","Fatal","Y",2012,15,"Spring","PM","N","W","N","N","Y","N","N","N","N","N","Daylight","Sideswipe","Pedestrian Right of Way","Other Motor Vehicle","N","N","N","N"
5582525,"N","N","Fatal","Y",2012,17.65,"Spring","PM","N","F","N","Y","Y","N","N","N","N","N","Daylight","Sideswipe","Automobile Right of Way","Other Motor Vehicle","N","N","N","N"
5582693,"N","N","Fatal","Y",2012,17.5833333333333,"Spring","PM","N","W","N","Y","N","Y","N","N","N","N","Daylight","Sideswipe","Automobile Right of Way","Other Motor Vehicle","N","N","N","N"
5587640,"N","N","Fatal","Y",2012,13.6666666666667,"Spring","N","N","Th","N","Y","Y","N","N","N","N","N","Daylight","Sideswipe","Pedestrian Right of Way","Other Motor Vehicle","N","N","N","N"
5588271,"N","N","Fatal","Y",2012,17.25,"Spring","PM","N","Th","N","Y","Y","N","N","N","N","N","Daylight","Sideswipe","Impeding Traffic","Other Motor Vehicle","Y","N","N","N"
5588299,"N","N","Fatal","Y",2012,22.8333333333333,"Spring","N","N","Th","N","Y","Y","N","N","N","N","N","Dark - Street Lights","Rear End","Unsafe Speed","Other Motor Vehicle","Y","N","N","N"
5588397,"N","N","Fatal","Y",2012,8,"Spring","AM","N","Tu","N","Y","Y","N","N","N","N","N","Daylight","Rear End","Wrong Side of Road","Other Motor Vehicle","N","N","N","N"
5589081,"N","N","Fatal","Y",2012,17.3333333333333,"Spring","PM","N","M","N","N","Y","N","N","N","N","N","Daylight","Other","Unsafe Starting or Backing","Parked Motor Vehicle","N","N","N","N"
5592498,"N","N","Fatal","Y",2012,14.3333333333333,"Spring","N","N","M","N","N","Y","N","N","N","N","N","Daylight","Sideswipe","Impeding Traffic","Other Motor Vehicle","N","N","N","N"
5594647,"N","N","Fatal","Y",2012,13.1666666666667,"Spring","N","N","Tu","N","N","Y","N","N","N","N","N","Daylight","Rear End","Wrong Side of Road","Other Motor Vehicle","N","N","N","N"
5598041,"N","N","Fatal","Y",2012,12.1,"Winter","N","N","W","N","Y","Y","N","N","N","N","N","Daylight","Sideswipe","Wrong Side of Road","Other Motor Vehicle","N","N","N","N"
5599044,"N","N","Fatal","Y",2012,10.5,"Spring","N","N","F","N","N","Y","N","N","N","N","N","Daylight","Broadside","Wrong Side of Road","Parked Motor Vehicle","N","N","N","N"
5599186,"N","N","Fatal","Y",2012,19.0833333333333,"Spring","N","N","Th","N","N","Y","N","N","N","N","N","Dark - Street Lights","Sideswipe","Pedestrian Right of Way","Other Motor Vehicle","N","N","N","N"
5599188,"N","N","Fatal","Y",2012,20.1666666666667,"Spring","N","N","F","Y","N","Y","N","N","N","N","N","Dusk or Dawn","Sideswipe","Pedestrian Violation","Other Motor Vehicle","N","N","N","N"
5608239,"N","N","Fatal","Y",2012,18.1333333333333,"Spring","N","N","Su","N","Y","Y","N","N","N","N","N","Daylight","Sideswipe","Automobile Right of Way","Other Motor Vehicle","N","N","N","N"
5616960,"N","N","Fatal","Y",2012,14,"Spring","N","N","W","N","N","N","Y","N","N","N","N","Dark - Street Lights","Sideswipe","Unsafe Starting or Backing","Other Motor Vehicle","N","N","N","N"
5616968,"N","N","Fatal","Y",2012,6.5,"Spring","N","N","M","N","Y","Y","N","N","N","N","N","Daylight","Sideswipe","Impeding Traffic","Other Motor Vehicle","N","N","N","N"
5617496,"N","N","Fatal","Y",2012,23,"Spring","N","Y","Sa","N","Y","Y","N","N","N","N","N","Dark - Street Lights","Sideswipe","Wrong Side of Road","Other Motor Vehicle","N","N","N","N"
5617722,"N","N","Fatal","Y",2012,9.41666666666667,"Spring","N","N","M","N","Y","Y","N","N","N","N","N","Daylight","Rear End","Wrong Side of Road","Other Motor Vehicle","N","N","N","N"
5621269,"N","N","Fatal","Y",2012,10.4166666666667,"Spring","N","N","Sa","N","Y","Y","N","N","N","N","N","Daylight","Sideswipe","Automobile Right of Way","Other Motor Vehicle","N","N","N","N"
5623052,"N","N","Fatal","Y",2012,11,"Spring","N","N","Su","N","Y","Y","N","N","N","N","N","Daylight","Rear End","Wrong Side of Road","Other Motor Vehicle","N","N","N","N"
5624441,"N","N","Fatal","Y",2012,15.9166666666667,"Spring","PM","N","F","N","Y","Y","N","N","N","N","N","Daylight","Sideswipe","Code 20","Other Motor Vehicle","N","N","N","N"
5626517,"N","N","Fatal","Y",2012,20.6666666666667,"Spring","N","N","Su","N","N","Y","N","N","N","N","N","Dark - Street Lights","Sideswipe","Automobile Right of Way","Other Motor Vehicle","N","N","N","N"
5631214,"N","N","Fatal","Y",2012,11,"Spring","N","N","Sa","N","Y","Y","N","N","N","N","N","Daylight","Hit Object","Code 20","Other Object","N","N","N","N"
5632051,"N","N","Fatal","Y",2012,0.333333333333333,"Spring","N","Y","W","N","N","Y","N","N","N","N","N","Dark - Street Lights","Head-On","Wrong Side of Road","Parked Motor Vehicle","N","N","N","N"
5632753,"N","N","Fatal","Y",2012,20.3333333333333,"Spring","N","N","F","N","N","Y","N","N","N","N","N","Dark - Street Lights",NA,"Code 20","Fixed Object","N","N","N","N"
5632762,"N","N","Fatal","Y",2012,13.3333333333333,"Spring","N","N","Su","N","N","Y","N","N","N","N","N","Daylight","Other","Unsafe Starting or Backing","Parked Motor Vehicle","N","N","N","N"
5632929,"N","N","Fatal","Y",2012,12.1666666666667,"Spring","N","N","Th","N","Y","Y","N","N","N","N","N","Daylight","Rear End","Wrong Side of Road","Other Motor Vehicle","N","N","N","N"
5633545,"N","N","Fatal","Y",2012,18.75,"Spring","PM","N","W","N","Y","Y","N","N","N","N","N","Daylight","Rear End","Wrong Side of Road","Other Motor Vehicle","N","N","N","N"
5633581,"N","N","Fatal","Y",2012,13.5,"Spring","N","N","F","N","Y","Y","N","N","N","N","N","Daylight","Rear End","Wrong Side of Road","Other Motor Vehicle","N","N","N","N"
5634368,"N","N","Fatal","Y",2012,8.41666666666667,"Spring","AM","N","F","N","Y","Y","N","N","N","N","N","Daylight","Rear End","Wrong Side of Road","Other Motor Vehicle","N","N","N","N"
5641153,"N","N","Fatal","Y",2012,16.8333333333333,"Spring","N","N","Sa","N","Y","Y","N","N","N","N","N","Daylight","Sideswipe","Pedestrian Right of Way","Other Motor Vehicle","N","N","N","N"
5642729,"N","N","Fatal","Y",2012,15.25,"Spring","PM","N","Th","N","N","Y","N","N","N","N","N","Daylight","Head-On","Improper Turning","Other Motor Vehicle","N","N","N","N"
5642831,"N","N","Fatal","Y",2012,11.1666666666667,"Spring","N","N","W","N","N","Y","N","N","N","N","N","Daylight","Other","Unsafe Starting or Backing","Parked Motor Vehicle","N","N","N","N"
5642832,"N","N","Fatal","Y",2012,11.1666666666667,"Spring","N","N","Th","N","N","Y","N","N","N","N","N","Daylight","Other","Unsafe Starting or Backing","Parked Motor Vehicle","N","N","N","N"
5643696,"N","N","Fatal","Y",2012,13.4166666666667,"Spring","N","N","Su","N","Y","Y","N","N","N","N","N","Daylight","Rear End","Impeding Traffic","Other Motor Vehicle","N","N","N","N"
5662356,"N","N","Fatal","Y",2012,1.5,"Spring","N","Y","Sa","N","Y","Y","N","N","N","N","N","Dark - Street Lights","Hit Object","Unsafe Speed","Fixed Object","Y","N","N","N"
5662395,"N","N","Fatal","Y",2012,18.5,"Spring","N","N","Su","N","N","Y","N","N","N","N","N","Daylight","Other","Unsafe Starting or Backing","Parked Motor Vehicle","N","N","N","N"
5666126,"N","N","Fatal","Y",2012,9.16666666666667,"Spring","N","N","Th","N","N","Y","N","N","N","N","N","Daylight","Other","Unsafe Starting or Backing","Other Motor Vehicle","N","N","N","N"
5667175,"N","N","Fatal","Y",2012,17,"Spring","PM","N","Th","N","Y","Y","N","N","N","N","N","Daylight","Sideswipe","Automobile Right of Way","Other Motor Vehicle","N","N","N","N"
5667196,"N","N","Fatal","Y",2012,18.6666666666667,"Spring","PM","N","Tu","N","Y","Y","N","N","N","N","N","Daylight","Sideswipe","Automobile Right of Way","Other Motor Vehicle","N","N","N","N"
5668003,"N","N","Fatal","Y",2012,14.9166666666667,"Spring","N","N","M","N","Y","Y","N","N","N","N","N","Daylight","Hit Object","Code 20","Other Object","N","N","N","N"
5668045,"N","N","Fatal","Y",2012,21.5,"Spring","N","N","Th","N","N","N","Y","N","N","N","N","Dark - Street Lights","Other","Unsafe Starting or Backing","Parked Motor Vehicle","N","N","N","N"
5668426,"N","N","Fatal","Y",2012,14,"Spring","N","N","M","N","Y","Y","N","N","N","N","N","Daylight","Hit Object","Automobile Right of Way","Fixed Object","N","N","N","N"
5668835,"N","N","Fatal","Y",2012,3.83333333333333,"Spring","N","Y","Su","N","N","N","Y","N","N","N","N","Dark - Street Lights","Overturned","Unsafe Speed","Fixed Object","Y","N","N","N"
5669483,"N","N","Fatal","Y",2012,14.3333333333333,"Spring","N","N","W","N","N","Y","N","N","N","N","N","Daylight","Head-On","Pedestrian Violation","Other Motor Vehicle","N","N","N","N"
5670250,"N","N","Fatal","Y",2012,12.3333333333333,"Summer","N","N","W","N","Y","Y","N","N","N","N","N","Daylight","Rear End","Wrong Side of Road","Other Motor Vehicle","N","N","N","N"
5670282,"N","N","Fatal","Y",2012,16.7,"Spring","PM","N","W","N","Y","Y","N","N","N","N","N","Daylight","Sideswipe","Automobile Right of Way","Other Motor Vehicle","N","N","N","N"
5676620,"N","N","Fatal","Y",2012,23.85,"Summer","N","Y","Su","N","N","Y","N","N","N","N","N","Dark - Street Lights","Sideswipe","Unsafe Speed","Parked Motor Vehicle","Y","N","N","N"
5678178,"N","N","Fatal","Y",2012,14,"Spring","N","N","Sa","Y","N","Y","N","N","N","N","N","Daylight","Sideswipe","Automobile Right of Way","Other Motor Vehicle","N","N","N","N"
5679169,"N","N","Fatal","Y",2012,15.25,"Spring","PM","N","Tu","N","N","Y","N","N","N","N","N","Daylight","Rear End","Wrong Side of Road","Other Motor Vehicle","N","N","N","N"
5679712,"N","N","Fatal","Y",2012,7.83333333333333,"Spring","AM","N","W","N","Y","N","Y","N","N","N","N","Daylight","Sideswipe","Automobile Right of Way","Other Motor Vehicle","N","N","N","N"
5683717,"N","N","Fatal","Y",2012,6.83333333333333,"Spring","N","N","M","N","Y","N","Y","N","N","N","N","Dusk or Dawn","Sideswipe","Improper Turning","Other Motor Vehicle","N","N","N","N"
5683781,"N","N","Fatal","Y",2012,11.4166666666667,"Spring","N","N","F","N","Y","Y","N","N","N","N","Y","Daylight","Sideswipe","Automobile Right of Way","Other Motor Vehicle","N","N","N","N"
5684064,"N","N","Fatal","Y",2012,3,"Spring","N","Y","Su","N","N","Y","N","N","N","N","N","Dark - No Street Lights","Sideswipe","Unsafe Starting or Backing","Parked Motor Vehicle","N","N","N","N"
5684153,"N","N","Fatal","Y",2012,3.45,"Spring","N","Y","Sa","N","Y","Y","N","N","N","N","N","Dark - Street Lights","Rear End","Wrong Side of Road","Other Motor Vehicle","N","N","N","N"
5686285,"N","N","Fatal","Y",2012,20.1666666666667,"Summer","N","N","F","N","N","Y","N","N","N","N","N","Dark - Street Lights","Sideswipe","Unsafe Lane Change","Other Motor Vehicle","N","N","N","N"
5688510,"N","N","Fatal","Y",2012,8.5,"Summer","AM","N","Tu","N","Y","Y","N","N","N","N","N","Daylight","Hit Object","Wrong Side of Road","Fixed Object","N","N","N","N"
5690217,"N","N","Fatal","Y",2012,18.6666666666667,"Spring","PM","N","M","N","Y","Y","N","N","N","N","N","Daylight","Other","Pedestrian Right of Way","Fixed Object","N","N","N","N"
5690729,"N","N","Fatal","Y",2012,13.5833333333333,"Summer","N","N","M","N","Y","Y","N","N","N","N","N","Daylight","Sideswipe","Automobile Right of Way","Other Motor Vehicle","N","N","N","N"
5692141,"N","N","Fatal","Y",2012,0.5,"Summer","N","Y","F","N","N","N","Y","N","N","N","N","Dark - Street Lights","Hit Object","Wrong Side of Road","Fixed Object","N","N","N","N"
5692445,"N","N","Fatal","Y",2012,21.0833333333333,"Summer","N","N","Tu","N","N","Y","N","N","N","N","N","Dark - Street Lights","Other","Unsafe Starting or Backing","Parked Motor Vehicle","N","N","N","N"
5718133,"N","N","Fatal","Y",2012,16.8333333333333,"Spring","PM","N","Tu","N","Y","Y","N","N","N","N","N","Daylight","Rear End","Wrong Side of Road","Other Motor Vehicle","N","N","N","N"
5719518,"N","N","Fatal","Y",2012,20.8333333333333,"Summer","N","N","Th","N","Y","Y","N","N","N","N","N","Dark - No Street Lights","Rear End","Wrong Side of Road","Other Motor Vehicle","N","N","N","N"
5719833,"N","N","Fatal","Y",2012,18.25,"Summer","PM","N","Th","N","Y","Y","N","N","N","N","N","Daylight","Sideswipe","Impeding Traffic","Other Motor Vehicle","N","N","N","N"
5724863,"N","N","Fatal","Y",2012,0.416666666666667,"Summer","N","Y","Th","N","N","Y","N","N","N","N","N","Dark - Street Lights","Hit Object","Unsafe Speed","Fixed Object","Y","N","N","N"
5726331,"N","N","Fatal","Y",2012,0.25,"Summer","N","Y","M","N","N","Y","N","N","N","N","N","Dark - Street Lights","Hit Object","Wrong Side of Road","Fixed Object","N","N","N","N"
5727960,"N","N","Fatal","Y",2012,17.4166666666667,"Summer","PM","N","Tu","N","N","Y","N","N","N","N","N","Daylight","Sideswipe","Wrong Side of Road","Other Motor Vehicle","N","N","N","N"
5729483,"N","N","Fatal","Y",2012,17.8333333333333,"Summer","N","N","Su","N","N","Y","N","N","N","N","N","Daylight","Broadside","Unsafe Speed","Other Motor Vehicle","Y","N","N","N"
5736712,"N","N","Fatal","Y",2012,23.0833333333333,"Summer","N","Y","Th","N","N","Y","N","N","N","N","N","Dark - Street Lights","Rear End","Improper Passing","Other Motor Vehicle","N","N","N","N"
5738956,"N","N","Fatal","Y",2012,4.83333333333333,"Summer","N","Y","M","Y","N","Y","N","N","N","N","N","Dark - Street Lights","Rear End","Impeding Traffic","Parked Motor Vehicle","N","N","N","N"
5743231,"N","N","Fatal","Y",2012,17,"Summer","PM","N","Tu","N","N","Y","N","N","N","N","N","Daylight","Sideswipe","Unsafe Lane Change","Other Motor Vehicle","N","N","N","N"
5743442,"N","N","Fatal","Y",2012,2.75,"Summer","N","Y","Th","N","Y","Y","N","N","N","N","N","Dark - Street Lights","Sideswipe","Automobile Right of Way","Other Motor Vehicle","N","N","N","N"
5743945,"N","N","Fatal","Y",2012,0.5,"Summer","N","Y","W","N","N","Y","N","N","N","N","N","Dark - Street Lights","Sideswipe","Wrong Side of Road","Parked Motor Vehicle","Y","N","N","N"
5744064,"N","N","Fatal","Y",2012,10.5333333333333,"Summer","N","N","F","N","Y","Y","N","N","N","N","N","Daylight","Sideswipe","Automobile Right of Way","Other Motor Vehicle","N","N","N","N"
5745010,"N","N","Fatal","Y",2012,17.4666666666667,"Summer","PM","N","F","N","Y","Y","N","N","N","N","N","Daylight","Sideswipe","Automobile Right of Way","Other Motor Vehicle","N","N","N","N"
5750460,"N","N","Fatal","Y",2012,19.0333333333333,"Summer","N","N","W","N","N","N","Y","N","N","N","N","Daylight","Sideswipe","Driving or Bicycling Under the Influence of Alcohol or Drug","Other Motor Vehicle","N","N","N","N"
5752597,"N","N","Fatal","Y",2012,16.5,"Summer","PM","N","F","N","N","Y","N","N","N","N","N","Daylight","Rear End","Wrong Side of Road","Other Motor Vehicle","N","N","N","N"
5752617,"N","N","Fatal","Y",2012,20.75,"Summer","N","N","Th","N","N","Y","N","N","N","N","N","Dark - Street Lights","Sideswipe","Unsafe Lane Change","Other Motor Vehicle","N","N","N","N"
5752905,"N","N","Fatal","Y",2012,18.25,"Spring","PM","N","W","N","Y","Y","N","N","N","N","N","Daylight","Rear End","Wrong Side of Road","Other Motor Vehicle","N","N","N","N"
5764637,"N","N","Fatal","Y",2012,16.75,"Summer","PM","N","Tu","N","N","Y","N","N","N","N","N","Daylight","Sideswipe","Automobile Right of Way","Other Motor Vehicle","N","N","N","N"
5765344,"N","N","Fatal","Y",2012,18.1666666666667,"Summer","PM","N","Tu","N","Y","Y","N","N","N","N","N","Daylight","Sideswipe","Pedestrian Right of Way","Other Motor Vehicle","N","N","N","N"
5775095,"N","N","Fatal","Y",2012,12.1666666666667,"Summer","N","N","Th","N","N","Y","N","N","N","N","N","Daylight","Sideswipe","Improper Turning","Other Motor Vehicle","N","N","N","N"
5775437,"N","N","Fatal","Y",2012,21.0833333333333,"Summer","N","N","F","N","N","Y","N","N","N","N","N","Dark - No Street Lights","Hit Object","Wrong Side of Road","Fixed Object","N","N","N","N"
5777987,"N","N","Fatal","Y",2012,6.41666666666667,"Fall","N","N","W","N","Y","Y","N","N","N","N","N","Daylight","Rear End","Wrong Side of Road","Other Motor Vehicle","N","N","N","N"
5781765,"N","N","Fatal","Y",2012,18.9166666666667,"Summer","PM","N","Tu","N","Y","Y","N","N","N","N","N","Daylight","Sideswipe","Automobile Right of Way","Other Motor Vehicle","N","N","N","N"
5784662,"N","N","Fatal","Y",2012,3.5,"Summer","N","Y","Su","N","N","Y","N","N","N","N","N","Dark - Street Lights","Sideswipe","Automobile Right of Way","Other Motor Vehicle","N","N","N","N"
5791753,"N","N","Fatal","Y",2012,18.9166666666667,"Fall","PM","N","Th","N","Y","N","N","Y","N","Y","N","Dark - Street Lights","Overturned","Automobile Right of Way","Non-Collision","N","N","N","N"
5791917,"N","N","Fatal","Y",2012,13.8666666666667,"Summer","N","N","Th","N","Y","Y","N","N","N","N","N","Daylight","Sideswipe","Wrong Side of Road","Other Motor Vehicle","N","N","N","N"
5798317,"N","N","Fatal","Y",2012,18.4166666666667,"Summer","N","N","Sa","N","Y","Y","N","N","N","N","Y","Daylight","Rear End","Wrong Side of Road","Other Motor Vehicle","N","N","N","N"
5800326,"N","N","Fatal","Y",2012,14.1666666666667,"Fall","N","N","Sa","N","Y","Y","N","N","N","N","N","Daylight","Sideswipe","Pedestrian Right of Way","Other Motor Vehicle","N","N","N","N"
5800332,"N","N","Fatal","Y",2012,14.3333333333333,"Fall","N","N","Sa","N","N","Y","N","N","N","N","N","Daylight","Rear End","Wrong Side of Road","Other Motor Vehicle","N","N","N","N"
5802494,"N","N","Fatal","Y",2012,7.75,"Summer","AM","N","Tu","N","Y","Y","N","N","N","N","N","Daylight","Sideswipe","Automobile Right of Way","Other Motor Vehicle","N","N","N","N"
5806083,"N","N","Fatal","Y",2012,7.33333333333333,"Fall","AM","N","M","N","Y","N","Y","N","N","N","N","Daylight","Sideswipe","Wrong Side of Road","Other Motor Vehicle","N","N","N","N"
5808766,"N","N","Fatal","Y",2012,21.1666666666667,"Fall","N","N","Su","N","N","Y","N","N","N","N","N","Dark - Street Lights","Sideswipe","Wrong Side of Road","Parked Motor Vehicle","N","N","N","N"
5811283,"N","N","Fatal","Y",2012,13.5,"Fall","N","N","F","N","N","Y","N","N","N","N","N","Daylight","Overturned","Wrong Side of Road","Other Motor Vehicle","N","N","N","N"
5813863,"N","N","Fatal","Y",2012,17.8333333333333,"Fall","N","N","Sa","N","Y","Y","N","N","N","N","N","Daylight","Sideswipe","Automobile Right of Way","Other Motor Vehicle","N","N","N","N"
5818118,"N","N","Fatal","Y",2012,6,"Summer","N","N","Tu","N","Y","Y","N","N","N","N","N","Dark - Street Lights","Rear End","Wrong Side of Road","Other Motor Vehicle","N","N","N","N"
5823466,"N","N","Fatal","Y",2012,18.5,"Fall","PM","N","F","N","Y","Y","N","N","N","N","N","Dark - Street Lights","Sideswipe","Automobile Right of Way","Other Motor Vehicle","N","N","N","N"
5827549,"N","N","Fatal","Y",2012,0.55,"Fall","N","Y","Tu","N","Y","Y","N","N","N","N","N","Dark - Street Lights","Hit Object","Wrong Side of Road","Other Object","N","N","N","N"
5827991,"N","N","Fatal","Y",2012,8.66666666666667,"Fall","AM","N","F","N","Y","Y","N","N","N","N","N","Daylight","Sideswipe","Automobile Right of Way","Other Motor Vehicle","N","N","N","N"
5828401,"N","N","Fatal","Y",2012,2.13333333333333,"Fall","N","Y","M","N","Y","Y","N","N","N","N","Y","Dark - Street Lights","Rear End","Unsafe Speed","Other Motor Vehicle","Y","N","N","N"
5828464,"N","N","Fatal","Y",2012,9.5,"Fall","N","N","Th","N","Y","Y","N","N","N","N","N","Daylight","Sideswipe","Wrong Side of Road","Other Motor Vehicle","N","N","N","N"
5828539,"N","N","Fatal","Y",2012,18,"Fall","PM","N","W","N","Y","Y","N","N","N","N","N","Daylight","Sideswipe","Wrong Side of Road","Other Motor Vehicle","N","N","N","N"
5829616,"N","N","Fatal","Y",2012,8.75,"Summer","AM","N","W","N","Y","N","Y","N","N","N","N","Daylight","Sideswipe","Automobile Right of Way","Other Motor Vehicle","N","N","N","N"
5833428,"N","N","Fatal","Y",2012,16,"Fall","PM","N","M","N","Y","Y","N","N","N","N","N","Daylight","Sideswipe","Automobile Right of Way","Other Motor Vehicle","N","N","N","N"
5834387,"N","N","Fatal","Y",2012,10.5833333333333,"Summer","N","N","Th","N","N","Y","N","N","N","N","N","Daylight","Rear End","Unsafe Starting or Backing","Parked Motor Vehicle","N","N","N","N"
5835177,"N","N","Fatal","Y",2012,17.25,"Summer","PM","N","Th","N","N","N","Y","Y","N","Y","N","Daylight","Broadside","Wrong Side of Road","Other Motor Vehicle","N","N","N","N"
5837774,"N","N","Fatal","Y",2012,12.0833333333333,"Fall","N","N","Sa","N","Y","Y","N","N","N","N","N","Daylight","Sideswipe","Automobile Right of Way","Other Motor Vehicle","N","N","N","N"
5837790,"N","N","Fatal","Y",2012,16.5833333333333,"Fall","PM","N","F","N","Y","Y","N","N","N","N","N","Daylight","Sideswipe","Wrong Side of Road","Other Motor Vehicle","N","N","N","N"
5837802,"N","N","Fatal","Y",2012,10,"Fall","N","N","F","N","Y","Y","N","N","N","N","N","Daylight","Rear End","Driving or Bicycling Under the Influence of Alcohol or Drug","Other Motor Vehicle","N","N","N","N"
5840669,"N","N","Fatal","Y",2012,5.08333333333333,"Fall","N","N","Sa","N","N","Y","N","N","N","N","Y","Daylight","Hit Object","Unsafe Speed","Fixed Object","Y","N","N","N"
5842944,"N","N","Fatal","Y",2012,10.3833333333333,"Fall","N","N","F","N","Y","Y","N","N","N","N","N","Daylight","Overturned","Wrong Side of Road","Non-Collision","N","N","N","N"
5843153,"N","N","Fatal","Y",2012,14.3333333333333,"Fall","N","N","Th","N","Y","N","Y","N","N","Y","N","Daylight","Overturned","Wrong Side of Road","Non-Collision","N","N","N","N"
5843154,"N","N","Fatal","Y",2012,0.483333333333333,"Fall","N","Y","M","N","Y","Y","N","N","N","N","N","Dark - Street Lights","Sideswipe","Wrong Side of Road","Other Motor Vehicle","N","N","N","N"
5844932,"N","N","Fatal","Y",2012,8.91666666666667,"Summer","AM","N","F","N","Y","Y","N","N","N","N","N","Daylight","Sideswipe","Automobile Right of Way","Other Motor Vehicle","N","N","N","N"
5848407,"N","N","Fatal","Y",2012,14,"Spring","N","N","Sa","N","Y","Y","N","N","N","N","N","Daylight","Sideswipe","Impeding Traffic","Other Motor Vehicle","N","N","N","N"
5851991,"N","N","Fatal","Y",2012,18.6666666666667,"Fall","PM","N","F","N","Y","Y","N","N","N","N","N","Dark - Street Lights","Sideswipe","Automobile Right of Way","Other Motor Vehicle","N","N","N","N"
5852074,"N","N","Fatal","Y",2012,0.733333333333333,"Fall","N","Y","Su","N","Y","Y","N","N","N","N","N","Dark - Street Lights","Overturned","Pedestrian Right of Way","Non-Collision","N","N","N","N"
5855983,"N","N","Fatal","Y",2012,22.5833333333333,"Fall","N","N","F","N","Y","Y","N","N","N","N","N","Dark - Street Lights","Rear End","Wrong Side of Road","Other Motor Vehicle","N","N","N","N"
5856019,"N","N","Fatal","Y",2012,7.75,"Fall","AM","N","M","N","Y","N","Y","N","N","N","N","Daylight","Sideswipe","Pedestrian Right of Way","Other Motor Vehicle","N","N","N","N"
5856836,"N","N","Fatal","Y",2012,20,"Fall","N","N","Tu","N","Y","Y","N","N","N","N","N","Dark - Street Lights","Sideswipe","Automobile Right of Way","Other Motor Vehicle","N","N","N","N"
5859356,"N","N","Fatal","Y",2012,14.75,"Spring","N","N","Sa","N","Y","Y","N","N","N","N","N","Daylight","Sideswipe","Automobile Right of Way","Other Motor Vehicle","N","N","N","N"
5860004,"N","N","Fatal","Y",2012,7.25,"Fall","AM","N","W","N","N","Y","N","N","N","N","N","Daylight","Rear End","Wrong Side of Road","Other Motor Vehicle","N","N","N","N"
5862458,"N","N","Fatal","Y",2012,18.9166666666667,"Fall","N","N","Su","N","N","Y","N","N","N","N","N","Dark - Street Lights","Sideswipe","Automobile Right of Way",NA,"N","N","N","N"
5864071,"N","N","Fatal","Y",2012,8.73333333333333,"Spring","AM","N","W","N","Y","Y","N","N","N","N","N","Daylight","Sideswipe","Driving or Bicycling Under the Influence of Alcohol or Drug","Other Motor Vehicle","N","Y","N","N"
5867662,"N","N","Fatal","Y",2012,7.16666666666667,"Fall","AM","N","M","N","Y","N","Y","N","N","Y","N","Dusk or Dawn","Sideswipe","Wrong Side of Road","Other Motor Vehicle","N","N","N","N"
5867882,"N","N","Fatal","Y",2012,9,"Fall","AM","N","F","N","Y","Y","N","N","N","N","N","Daylight","Sideswipe","Automobile Right of Way","Other Motor Vehicle","N","N","N","N"
5867886,"N","N","Fatal","Y",2012,16.25,"Fall","PM","N","Th","N","Y","Y","N","N","N","N","N","Daylight","Sideswipe","Automobile Right of Way","Other Motor Vehicle","N","N","N","N"
5868084,"N","N","Fatal","Y",2012,7.41666666666667,"Fall","AM","N","M","N","Y","Y","N","N","N","N","N","Daylight","Sideswipe","Automobile Right of Way","Other Motor Vehicle","N","N","N","N"
5868151,"N","N","Fatal","Y",2012,6.83333333333333,"Fall","N","N","F","N","Y","Y","N","N","N","N","N","Daylight","Sideswipe","Automobile Right of Way","Other Motor Vehicle","N","N","N","N"
5868155,"N","N","Fatal","Y",2012,15.25,"Fall","PM","N","F","N","Y","Y","N","N","N","N","N","Daylight","Rear End","Automobile Right of Way","Other Motor Vehicle","N","N","N","N"
5870532,"N","N","Fatal","Y",2012,9,"Fall","AM","N","F","Y","N","Y","N","N","N","N","N","Daylight","Broadside","Pedestrian Violation","Other Motor Vehicle","N","N","N","N"
5870831,"N","N","Fatal","Y",2012,11.9166666666667,"Fall","N","N","M","Y","N","Y","N","N","N","N","N","Daylight","Hit Object","Automobile Right of Way","Fixed Object","N","N","N","N"
5873790,"N","N","Fatal","Y",2012,16.9,"Summer","PM","N","W","N","Y","Y","N","N","N","N","N","Daylight","Rear End","Wrong Side of Road","Other Motor Vehicle","N","N","N","N"
5886535,"N","N","Fatal","Y",2012,20.5,"Fall","N","N","Su","N","N","N","Y","N","N","N","Y","Dark - Street Lights","Other","Wrong Side of Road","Fixed Object","Y","N","N","N"
5886866,"N","N","Fatal","Y",2012,17.6666666666667,"Fall","PM","N","M","N","Y","Y","N","N","N","N","N","Dusk or Dawn","Sideswipe","Automobile Right of Way","Other Motor Vehicle","N","N","N","N"
5887630,"N","N","Fatal","Y",2012,9.16666666666667,"Fall","N","N","Th","N","N","Y","N","N","N","N","N","Daylight","Other","Impeding Traffic","Other Motor Vehicle","N","N","N","N"
5895599,"N","N","Fatal","Y",2012,9.5,"Summer","N","N","F","Y","N","Y","N","N","N","N","N","Daylight","Broadside","Lights","Other Motor Vehicle","N","N","N","N"
5895623,"N","N","Fatal","Y",2012,0.416666666666667,"Winter","N","Y","Su","N","N","Y","N","N","N","N","N","Dark - Street Lights","Broadside","Automobile Right of Way","Other Motor Vehicle","N","N","N","N"
5902015,"N","N","Fatal","Y",2012,23.9166666666667,"Fall","N","Y","Tu","N","N","Y","N","N","N","N","N","Dark - Street Lights","Sideswipe","Wrong Side of Road","Parked Motor Vehicle","N","N","N","N"
5906940,"N","N","Fatal","Y",2012,6.5,"Fall","N","N","W","N","N","Y","N","N","N","N","N","Daylight","Broadside","Driving or Bicycling Under the Influence of Alcohol or Drug","Parked Motor Vehicle","N","N","N","N"
5908222,"N","N","Fatal","Y",2012,17.1666666666667,"Fall","N","N","Sa","N","N","Y","N","N","N","N","N","Daylight","Other","Code 19","Parked Motor Vehicle","N","N","N","N"
5914591,"N","N","Fatal","Y",2012,15.3333333333333,"Fall","N","N","Su","N","N","Y","N","N","N","N","N","Daylight","Sideswipe","Unsafe Speed","Other Motor Vehicle","Y","N","N","N"
5917957,"N","N","Fatal","Y",2012,9,"Fall","AM","N","F","N","Y","Y","N","N","N","N","N","Daylight","Sideswipe","Wrong Side of Road","Other Motor Vehicle","N","N","N","N"