"CASE_ID","mc_killed","mc_injured","collision_severity","severe","accident_year","hours_since_midnight","season","rush_hour","late_night","day_of_week","intersection","state_hwy_ind","w_clear","w_cloudy","w_rainy","w_other","road_not_dry","road_condition_issue","lighting","type_of_collision","pcf_viol_category","mviw","alcohol_involved","truck_accident","pedestrian_accident","bicycle_accident"
5949774,"N","Y","Injury (Complaint of Pain)","N",2013,18.5,"Winter","PM","N","W","N","N","N","Y","N","N","N","Y","Dark - Street Lights","Broadside","Pedestrian Violation","Other Motor Vehicle","N","N","N","N"
5949785,"N","Y","Injury (Complaint of Pain)","N",2013,9.5,"Winter","N","N","Tu","N","N","Y","N","N","N","N","N","Daylight",NA,"Wrong Side of Road","Fixed Object","N","N","N","N"
5949843,"N","Y","Injury (Other Visible)","N",2013,9.5,"Winter","N","N","Sa","Y","N","Y","N","N","N","N","N","Daylight","Broadside","Wrong Side of Road","Other Motor Vehicle","N","N","N","N"
5949886,"N","Y","Injury (Complaint of Pain)","N",2013,17.0833333333333,"Winter","PM","N","Th","N","N","Y","N","N","N","N","N","Daylight","Broadside","Wrong Side of Road","Parked Motor Vehicle","N","N","N","N"
5960188,"N","Y","Injury (Other Visible)","N",2013,21.8333333333333,"Spring","N","N","Su","N","N","Y","N","N","N","N","N","Dark - Street Lights","Rear End","Unsafe Speed","Other Motor Vehicle","Y","N","N","N"
5960535,"N","Y","Injury (Other Visible)","N",2013,12.3333333333333,"Winter","N","N","F","N","Y","Y","N","N","N","N","N","Daylight","Broadside","Pedestrian Violation","Other Motor Vehicle","N","N","N","N"
5960570,"N","Y","PDO (property damage only)","N",2013,14.5833333333333,"Winter","N","N","Th","Y","N","Y","N","N","N","N","N","Daylight","Broadside","Pedestrian Violation","Other Motor Vehicle","N","N","N","N"
5960598,"N","Y","Injury (Complaint of Pain)","N",2013,15.75,"Winter","PM","N","W","N","N","Y","N","N","N","N","N","Daylight","Broadside","Pedestrian Violation","Other Motor Vehicle","N","N","N","N"
5960632,"N","Y","PDO (property damage only)","N",2013,20.3333333333333,"Winter","N","N","Th","N","Y","Y","N","N","N","N","N","Dark - Street Lights","Sideswipe","Automobile Right of Way","Other Motor Vehicle","N","N","N","N"
5960634,"N","Y","Injury (Other Visible)","N",2013,20.25,"Winter","N","N","Tu","N","N","Y","N","N","N","N","N","Dark - Street Lights","Broadside","Pedestrian Violation","Other Motor Vehicle","N","N","N","N"
5963787,"N","Y","PDO (property damage only)","N",2013,13.9166666666667,"Winter","N","N","Su","N","N","Y","N","N","N","N","N","Daylight","Broadside","Pedestrian Violation","Other Motor Vehicle","N","N","N","N"
5963803,"N","Y","Injury (Complaint of Pain)","N",2013,14.75,"Winter","N","N","Sa","Y","N","Y","N","N","N","N","N","Daylight","Other","Wrong Side of Road","Fixed Object","N","N","N","N"
5963815,"N","Y","Injury (Complaint of Pain)","N",2013,16,"Winter","PM","N","F","Y","N","Y","N","N","N","N","N","Daylight","Other","Wrong Side of Road","Other Object","N","N","N","N"
5965356,"N","Y","Injury (Complaint of Pain)","N",2013,17.5,"Winter","PM","N","M","Y","N","Y","N","N","N","N","N","Daylight","Broadside","Pedestrian Violation","Other Motor Vehicle","N","N","N","N"
5974197,"N","Y","PDO (property damage only)","N",2013,9.08333333333333,"Winter","N","N","W","Y","N","Y","N","N","N","N","N","Daylight","Broadside","Pedestrian Violation","Other Motor Vehicle","N","N","N","N"
5975311,"N","Y","Injury (Other Visible)","N",2013,17.6333333333333,"Winter","PM","N","W","Y","N","Y","N","N","N","N","N","Dark - Street Lights","Broadside","Driving or Bicycling Under the Influence of Alcohol or Drug","Other Motor Vehicle","N","N","N","N"
5975354,"N","Y","Injury (Complaint of Pain)","N",2013,16.8333333333333,"Winter","PM","N","W","N","N","Y","N","N","N","N","N","Daylight","Broadside","Pedestrian Violation","Other Motor Vehicle","N","N","N","N"
5975384,"N","Y","Injury (Complaint of Pain)","N",2013,1.58333333333333,"Winter","N","Y","Sa","N","N","Y","N","N","N","N","N","Dark - Street Lights","Rear End","Improper Passing","Other Motor Vehicle","N","N","N","N"
5976250,"N","Y","Injury (Complaint of Pain)","N",2013,19,"Winter","PM","N","W","Y","N","Y","N","N","N","N","N","Dark - Street Lights","Broadside","Pedestrian Violation","Other Motor Vehicle","N","N","N","N"
5976262,"N","Y","PDO (property damage only)","N",2013,20,"Winter","N","N","W","N","N","Y","N","N","N","N","N","Dark - Street Lights","Other","Automobile Right of Way","Other Motor Vehicle","N","N","N","N"
5976373,"N","Y","Injury (Complaint of Pain)","N",2013,16.8333333333333,"Winter","PM","N","W","N","N","Y","N","N","N","N","N","Daylight","Other","Automobile Right of Way","Fixed Object","N","N","N","N"
5976423,"N","Y","Injury (Complaint of Pain)","N",2013,9,"Winter","AM","N","M","N","Y","Y","N","N","N","N","N","Daylight","Overturned","Wrong Side of Road","Non-Collision","N","N","N","N"
5976437,"N","Y","PDO (property damage only)","N",2013,10.5,"Winter","N","N","W","Y","N","Y","N","N","N","N","N","Daylight","Broadside","Lights","Other Motor Vehicle","N","N","N","N"
5976478,"N","Y","Injury (Complaint of Pain)","N",2013,13.25,"Winter","N","N","Su","N","Y","Y","N","N","N","N","N","Daylight","Hit Object","Wrong Side of Road","Fixed Object","N","N","N","N"
5976501,"N","Y","PDO (property damage only)","N",2013,11.5833333333333,"Winter","N","N","Sa","N","Y","Y","N","N","N","N","N","Daylight","Rear End","Wrong Side of Road","Other Motor Vehicle","N","N","N","N"
5976527,"N","Y","Injury (Complaint of Pain)","N",2013,12.1666666666667,"Winter","N","N","Th","N","N","Y","N","N","N","N","N","Daylight","Rear End","Automobile Right of Way","Other Motor Vehicle","Y","N","N","N"
5976572,"N","Y","PDO (property damage only)","N",2013,13.5833333333333,"Winter","N","N","Su","N","N","Y","N","N","N","N","N","Daylight","Overturned","Wrong Side of Road","Other Object","N","N","N","N"
5976612,"N","Y","PDO (property damage only)","N",2013,14.75,"Winter","N","N","M","N","N","Y","N","N","N","N","N","Daylight","Rear End","Improper Passing","Other Motor Vehicle","N","N","N","N"
5976620,"N","N","Injury (Complaint of Pain)","N",2013,17.5833333333333,"Winter","PM","N","W","N","N","Y","N","N","N","N","N","Dark - Street Lights","Broadside","Pedestrian Violation","Other Motor Vehicle","N","N","N","N"
5976628,"N","Y","Injury (Complaint of Pain)","N",2013,7.75,"Winter","AM","N","Tu","Y","N","Y","N","N","N","N","N","Daylight","Sideswipe","Automobile Right of Way","Other Motor Vehicle","N","N","N","N"
5976675,"N","N","PDO (property damage only)","N",2013,17.8333333333333,"Winter","PM","N","M","Y","N","Y","N","N","N","N","N","Dark - Street Lights","Sideswipe","Pedestrian Violation","Other Motor Vehicle","N","N","N","N"
5976677,"N","Y","PDO (property damage only)","N",2013,10.5833333333333,"Winter","N","N","Su","N","N","Y","N","N","N","N","N","Daylight","Rear End","Wrong Side of Road","Other Motor Vehicle","N","N","N","N"
5976684,"N","Y","Injury (Complaint of Pain)","N",2013,15.3333333333333,"Winter","PM","N","Tu","N","N","Y","N","N","N","N","N","Daylight","Sideswipe","Unsafe Lane Change","Other Motor Vehicle","N","N","N","N"
5976715,"N","Y","Injury (Complaint of Pain)","N",2013,9.33333333333333,"Winter","N","N","W","Y","N","Y","N","N","N","Y","N","Daylight","Other","Wrong Side of Road","Other Object","N","N","N","N"
5976973,"N","Y","Injury (Complaint of Pain)","N",2013,11.25,"Winter","N","N","W","N","N","Y","N","N","N","N","N","Daylight","Broadside","Pedestrian Violation","Motor Vehicle on Other Roadway","N","N","N","N"
5976977,"N","Y","Injury (Complaint of Pain)","N",2013,13.75,"Winter","N","N","Tu","Y","N","Y","N","N","N","N","N","Daylight","Hit Object","Wrong Side of Road","Fixed Object","N","N","N","N"
5977133,"N","Y","Injury (Other Visible)","N",2013,22.6666666666667,"Winter","N","N","Tu","N","N","Y","N","N","N","N","N","Dark - Street Lights","Rear End","Unsafe Speed","Parked Motor Vehicle","N","N","N","N"
5977240,"N","Y","Injury (Other Visible)","N",2013,10.5833333333333,"Winter","N","N","W","N","N","Y","N","N","N","N","N","Daylight",NA,"Other Improper Driving","Other Object","N","N","N","N"
5977855,"N","Y","Injury (Complaint of Pain)","N",2013,12.25,"Winter","N","N","Sa","N","N","N","Y","N","N","N","N","Daylight","Other","Code 20","Other Motor Vehicle","N","N","N","N"
5977856,"N","Y","PDO (property damage only)","N",2013,17.4166666666667,"Winter","PM","N","M","Y","N","Y","N","N","N","N","N","Dusk or Dawn","Broadside","Pedestrian Violation","Other Motor Vehicle","N","N","N","N"
5977872,"N","N","PDO (property damage only)","N",2013,8.91666666666667,"Winter","AM","N","Tu","Y","N","Y","N","N","N","N","N","Daylight","Head-On","Pedestrian Violation","Parked Motor Vehicle","Y","N","N","N"
5977899,"N","Y","Injury (Complaint of Pain)","N",2013,14.9166666666667,"Winter","N","N","Su","Y","Y","Y","N","N","N","N","N","Daylight","Broadside","Pedestrian Violation","Other Motor Vehicle","N","N","N","N"
5978227,"N","Y","PDO (property damage only)","N",2013,9.08333333333333,"Winter","N","N","W","N","N","Y","N","N","N","N","Y","Daylight","Rear End","Improper Passing","Other Motor Vehicle","N","N","N","N"
5980247,"N","Y","Injury (Complaint of Pain)","N",2013,12.1666666666667,"Winter","N","N","Su","Y","N","Y","N","N","N","N","N","Daylight","Broadside","Lights","Other Motor Vehicle","N","N","N","N"
5980339,"N","Y","Injury (Other Visible)","N",2013,20.9333333333333,"Winter","N","N","M","Y","N","Y","N","N","N","N","N","Dark - Street Lights","Sideswipe","Pedestrian Violation","Other Object","N","N","N","N"
5980410,"N","Y","Injury (Complaint of Pain)","N",2013,8.66666666666667,"Winter","AM","N","F","N","N","Y","N","N","N","N","N","Daylight","Sideswipe","Code 20","Other Motor Vehicle","N","N","N","N"
5980438,"N","Y","Injury (Complaint of Pain)","N",2013,14.0833333333333,"Winter","N","N","Su","Y","N","Y","N","N","N","N","N","Daylight","Sideswipe","Wrong Side of Road","Other Motor Vehicle","N","N","N","N"
5980808,"N","Y","PDO (property damage only)","N",2013,13.6666666666667,"Winter","N","N","Tu","N","Y","Y","N","N","N","N","N","Daylight","Overturned","Wrong Side of Road","Non-Collision","N","N","N","N"
5980842,"N","Y","PDO (property damage only)","N",2013,21.9666666666667,"Winter","N","N","F","N","Y","Y","N","N","N","N","N","Dark - Street Lights","Sideswipe","Automobile Right of Way","Other Motor Vehicle","N","N","N","N"
5980856,"N","Y","Injury (Other Visible)","N",2013,18,"Winter","PM","N","F","Y","N","Y","N","N","N","N","N","Dusk or Dawn","Sideswipe","Pedestrian Violation",NA,"N","N","N","N"
5981456,"N","Y","Injury (Other Visible)","N",2013,1.86666666666667,"Winter","N","Y","Su","N","Y","Y","N","N","N","N","N","Dark - Street Lights","Rear End","Unsafe Speed","Other Motor Vehicle","Y","N","N","N"
5981961,"N","Y","Injury (Complaint of Pain)","N",2013,9.91666666666667,"Winter","N","N","F","Y","N","Y","N","N","N","N","N","Daylight","Broadside","Pedestrian Violation","Other Motor Vehicle","N","N","N","N"
5981965,"N","Y","Injury (Other Visible)","N",2013,14.0833333333333,"Winter","N","N","Sa","N","N","Y","N","N","N","N","N","Daylight",NA,"Wrong Side of Road","Fixed Object","N","N","N","N"
5983542,"N","Y","Injury (Complaint of Pain)","N",2013,14.1666666666667,"Winter","N","N","Su","N","N","Y","N","N","N","N","N","Daylight","Broadside","Lights","Other Motor Vehicle","N","N","N","N"
5983655,"N","Y","Injury (Other Visible)","N",2013,17.8333333333333,"Winter","PM","N","Th","Y","N","N","Y","N","N","N","N","Dark - Street Lights","Broadside","Pedestrian Violation","Other Motor Vehicle","N","N","N","N"
5983658,"N","Y","Injury (Complaint of Pain)","N",2013,14,"Winter","N","N","Sa","N","N","Y","N","N","N","N","N","Daylight","Other","Lights","Other Motor Vehicle","N","N","N","N"
5984640,"N","Y","Injury (Other Visible)","N",2013,21.5833333333333,"Winter","N","N","Su","N","N","Y","N","N","N","N","N","Dark - Street Lights","Sideswipe","Unsafe Speed","Parked Motor Vehicle","Y","N","N","N"
5987219,"N","Y","Injury (Complaint of Pain)","N",2013,17.6666666666667,"Winter","PM","N","F","N","N","Y","N","N","N","N","N","Dark - Street Lights","Other","Pedestrian Right of Way","Non-Collision","N","N","N","N"
5987223,"N","Y","PDO (property damage only)","N",2013,18.3333333333333,"Winter","PM","N","W","N","N","Y","N","N","N","N","N","Dark - Street Lights","Other","Code 20",NA,"N","N","N","N"
5987321,"N","Y","PDO (property damage only)","N",2013,18.75,"Winter","PM","N","F","Y","N","Y","N","N","N","N","N","Dark - Street Lights","Sideswipe","Pedestrian Right of Way","Other Motor Vehicle","N","N","N","N"
5987408,"N","Y","Injury (Complaint of Pain)","N",2013,15.9166666666667,"Winter","PM","N","Th","Y","N","Y","N","N","N","N","N","Daylight","Rear End","Pedestrian Right of Way","Other Motor Vehicle","N","N","N","N"
5987854,"N","Y","PDO (property damage only)","N",2013,18.75,"Winter","PM","N","F","Y","N","N","N","Y","N","Y","N","Dark - Street Lights","Broadside","Pedestrian Violation","Other Motor Vehicle","N","N","N","N"
5987874,"N","Y","PDO (property damage only)","N",2013,12.6666666666667,"Winter","N","N","Sa","N","N","Y","N","N","N","N","N","Daylight","Vehicle/Pedestrian","Automobile Right of Way","Pedestrian","N","N","N","N"
5988362,"N","Y","Injury (Other Visible)","N",2013,20.9166666666667,"Winter","N","N","Th","Y","N","N","N","Y","N","Y","N","Dark - Street Lights","Broadside","Pedestrian Violation","Other Motor Vehicle","N","N","N","N"
5988367,"N","N","PDO (property damage only)","N",2013,19.5,"Winter","N","N","Th","N","N","Y","N","N","N","N","N","Dark - No Street Lights","Rear End","Wrong Side of Road","Other Motor Vehicle","N","N","N","N"
5988374,"N","Y","Injury (Other Visible)","N",2013,18,"Winter","PM","N","W","N","N","Y","N","N","N","N","N","Dark - Street Lights","Broadside","Pedestrian Violation","Other Motor Vehicle","N","N","N","N"
5988382,"N","Y","PDO (property damage only)","N",2013,16.75,"Winter","N","N","Sa","Y","N","Y","N","N","N","N","N","Daylight","Broadside","Wrong Side of Road","Other Motor Vehicle","N","N","N","N"
5988494,"N","Y","PDO (property damage only)","N",2013,12.5,"Winter","N","N","Th","N","Y","Y","N","N","N","N","N","Daylight","Sideswipe","Wrong Side of Road","Other Motor Vehicle","N","N","N","N"
5988549,"N","Y","Injury (Complaint of Pain)","N",2013,17,"Winter","PM","N","W","N","Y","Y","N","N","N","N","N","Daylight","Sideswipe","Wrong Side of Road","Other Motor Vehicle","N","N","N","N"
5988743,"N","Y","Injury (Complaint of Pain)","N",2013,14.8333333333333,"Winter","N","N","W","N","Y","Y","N","N","N","N","N","Daylight","Rear End","Wrong Side of Road","Other Motor Vehicle","N","N","N","N"
5990264,"N","Y","Injury (Complaint of Pain)","N",2013,16,"Winter","PM","N","Th","Y","N","Y","N","N","N","N","N","Daylight","Sideswipe","Pedestrian Violation","Motor Vehicle on Other Roadway","N","N","N","N"
5990363,"N","Y","Injury (Complaint of Pain)","N",2013,11.5,"Winter","N","N","Su","N","N","N","Y","N","N","N","N","Daylight","Sideswipe","Improper Turning","Other Motor Vehicle","N","N","N","N"
5990367,"N","Y","PDO (property damage only)","N",2013,21,"Winter","N","N","W","N","N","Y","N","N","N","N","N","Dark - Street Lights","Sideswipe","Automobile Right of Way","Motor Vehicle on Other Roadway","N","N","N","N"
5990480,"N","Y","Injury (Complaint of Pain)","N",2013,22.4166666666667,"Winter","N","N","Su","Y","N","Y","N","N","N","N","N","Dark - Street Lights","Broadside","Pedestrian Violation","Other Motor Vehicle","N","N","N","N"
5990561,"N","Y","PDO (property damage only)","N",2013,17.8333333333333,"Winter","PM","N","W","N","N","N","Y","N","N","N","N","Dusk or Dawn","Rear End","Improper Passing","Other Motor Vehicle","N","N","N","N"
5990575,"N","Y","Injury (Complaint of Pain)","N",2013,10.6666666666667,"Winter","N","N","Sa","Y","N","Y","N","N","N","N","N","Daylight","Broadside","Pedestrian Violation","Other Motor Vehicle","N","N","N","N"
5990579,"N","Y","PDO (property damage only)","N",2013,20.1666666666667,"Winter","N","N","Th","N","N","N","N","Y","N","Y","N","Dark - Street Lights","Rear End","Wrong Side of Road","Other Motor Vehicle","N","N","N","N"
5990594,"N","Y","PDO (property damage only)","N",2013,8,"Winter","AM","N","M","N","N","Y","N","N","N","N","N","Daylight","Broadside","Pedestrian Violation","Non-Collision","N","N","N","N"
5990723,"N","Y","Injury (Complaint of Pain)","N",2013,12.0833333333333,"Winter","N","N","Tu","N","N","N","Y","N","N","Y","N","Daylight","Other","Wrong Side of Road","Non-Collision","N","N","N","N"
5990731,"N","N","Injury (Other Visible)","N",2013,7.16666666666667,"Winter","AM","N","W","N","N","Y","N","N","N","N","N","Daylight","Vehicle/Pedestrian","Traffic Signals and Signs","Pedestrian","N","N","Y","N"
5990794,"N","Y","Injury (Complaint of Pain)","N",2013,13.1666666666667,"Winter","N","N","Th","N","N","Y","N","N","N","N","N","Daylight","Other","Wrong Side of Road","Non-Collision","N","N","N","N"
5990807,"N","Y","Injury (Complaint of Pain)","N",2013,11.8333333333333,"Winter","N","N","Tu","N","N","Y","N","N","N","N","N","Daylight","Broadside","Pedestrian Violation","Other Motor Vehicle","N","N","N","N"
5990962,"N","Y","PDO (property damage only)","N",2013,17.1666666666667,"Winter","PM","N","W","N","Y","Y","N","N","N","N","N","Dusk or Dawn","Broadside","Automobile Right of Way","Other Motor Vehicle","N","N","N","N"
5990986,"N","Y","PDO (property damage only)","N",2013,18.6666666666667,"Winter","PM","N","Tu","N","Y","Y","N","N","N","N","N","Dark - Street Lights","Sideswipe","Automobile Right of Way","Other Motor Vehicle","N","N","N","N"
5991224,"N","Y","Injury (Other Visible)","N",2013,19.5,"Winter","N","N","Th","Y","N","Y","N","N","N","N","N","Dark - Street Lights","Broadside","Pedestrian Violation","Other Motor Vehicle","N","N","N","N"
5991258,"N","Y","Injury (Complaint of Pain)","N",2013,16.75,"Winter","N","N","Su","N","N","Y","N","N","N","N","N","Daylight","Hit Object","Pedestrian Right of Way","Fixed Object","N","N","N","N"
5991862,"N","Y","Injury (Other Visible)","N",2013,16.0833333333333,"Winter","PM","N","W","Y","N","N","Y","N","N","N","N","Daylight","Head-On","Pedestrian Violation","Other Motor Vehicle","N","N","N","N"
5992209,"N","Y","PDO (property damage only)","N",2013,17.5833333333333,"Winter","PM","N","Tu","N","N","Y","N","N","N","N","N","Dark - Street Lights","Broadside","Improper Turning","Other Motor Vehicle","N","N","N","N"
5992281,"N","Y","PDO (property damage only)","N",2013,17.3333333333333,"Winter","PM","N","M","N","Y","Y","N","N","N","N","N","Daylight","Sideswipe","Impeding Traffic","Other Motor Vehicle","N","N","N","N"
5992512,"N","Y","Injury (Complaint of Pain)","N",2013,17.4166666666667,"Winter","PM","N","Tu","N","N","Y","N","N","N","N","N","Dusk or Dawn","Broadside","Unsafe Lane Change","Other Motor Vehicle","N","N","N","N"
5992524,"N","Y","Injury (Complaint of Pain)","N",2013,14.8333333333333,"Winter","N","N","F","Y","N","Y","N","N","N","N","N","Daylight","Broadside","Pedestrian Violation","Other Motor Vehicle","N","N","N","N"
5992528,"N","Y","Injury (Complaint of Pain)","N",2013,10.8333333333333,"Winter","N","N","Su","Y","N","Y","N","N","N","N","N","Daylight","Sideswipe","Pedestrian Violation","Other Motor Vehicle","N","N","N","N"
5992536,"N","Y","Injury (Complaint of Pain)","N",2013,22.1666666666667,"Winter","N","N","Th","Y","N","N","Y","Y","N","Y","N","Dark - Street Lights","Broadside","Pedestrian Violation","Other Motor Vehicle","N","N","N","N"
5992546,"N","N","PDO (property damage only)","N",2013,15.0166666666667,"Winter","N","N","Su","Y","N","Y","N","N","N","N","N","Daylight",NA,"Driving or Bicycling Under the Influence of Alcohol or Drug","Bicycle","N","N","N","Y"
5992735,"N","Y","Injury (Complaint of Pain)","N",2013,15.6666666666667,"Winter","PM","N","F","Y","N","N","Y","N","N","N","N","Daylight","Broadside","Lights","Other Motor Vehicle","N","N","N","N"
5992759,"N","Y","Injury (Complaint of Pain)","N",2013,13.75,"Winter","N","N","Su","N","N","N","Y","N","N","N","N","Daylight","Broadside","Lights","Motor Vehicle on Other Roadway","N","N","N","N"
5992776,"N","Y","PDO (property damage only)","N",2013,5.66666666666667,"Winter","N","N","Tu","N","N","Y","N","N","N","N","N","Dark - No Street Lights","Sideswipe","Improper Turning","Other Motor Vehicle","N","N","N","N"
5992908,"N","Y","PDO (property damage only)","N",2013,21.95,"Winter","N","N","M","Y","N","Y","N","N","N","N","N","Dark - Street Lights","Head-On","Pedestrian Violation","Other Motor Vehicle","N","N","N","N"
5992916,"N","Y","Injury (Complaint of Pain)","N",2013,15.4166666666667,"Winter","PM","N","M","N","N","Y","N","N","N","N","N","Daylight","Broadside","Unsafe Starting or Backing","Other Motor Vehicle","N","N","N","N"
5992948,"N","Y","PDO (property damage only)","N",2013,13.5,"Winter","N","N","F","N","N","Y","N","N","N","N","N","Daylight","Broadside","Pedestrian Violation","Other Motor Vehicle","N","N","N","N"
5993775,"N","Y","Injury (Complaint of Pain)","N",2013,17.3333333333333,"Spring","PM","N","F","N","N","Y","N","N","N","N","N","Daylight","Head-On","Pedestrian Violation","Other Motor Vehicle","N","N","N","N"
5993809,"N","Y","Injury (Complaint of Pain)","N",2013,15.5,"Winter","PM","N","Th","Y","N","Y","N","N","N","N","N","Daylight","Broadside","Pedestrian Violation","Other Motor Vehicle","N","N","N","N"
5993818,"N","Y","Injury (Complaint of Pain)","N",2013,21.75,"Winter","N","N","Th","N","N","Y","N","N","N","N","N","Dark - Street Lights","Sideswipe","Unsafe Speed","Fixed Object","Y","N","N","N"
5993835,"N","N","Injury (Complaint of Pain)","N",2013,16.3333333333333,"Winter","PM","N","Th","N","N","Y","N","N","N","N","N","Daylight","Vehicle/Pedestrian","Hazardous Parking","Pedestrian","N","N","Y","N"
5994998,"N","Y","Injury (Other Visible)","N",2013,20.25,"Winter","N","N","F","Y","N","N","N","Y","N","Y","N","Dark - Street Lights","Head-On","Pedestrian Violation","Other Motor Vehicle","N","N","N","N"
5995527,"N","Y","Injury (Complaint of Pain)","N",2013,18,"Winter","PM","N","M","Y","N","Y","N","N","N","N",NA,"Dark - Street Lights",NA,"Pedestrian Right of Way",NA,"N","N","N","N"
5997082,"N","Y","PDO (property damage only)","N",2013,18.5,"Winter","PM","N","W","Y","N","N","Y","N","N","N","N","Dark - Street Lights","Broadside","Pedestrian Violation","Other Motor Vehicle","N","N","N","N"
5997401,"N","Y","Injury (Complaint of Pain)","N",2013,15.25,"Winter","N","N","Su","Y","N","Y","N","N","N","N","N","Daylight","Broadside","Pedestrian Violation","Other Motor Vehicle","N","N","N","N"
5997656,"N","Y","Injury (Complaint of Pain)","N",2013,11.1666666666667,"Winter","N","N","Sa","N","Y","Y","N","N","N","N","N","Daylight","Overturned","Driving or Bicycling Under the Influence of Alcohol or Drug","Non-Collision","N","N","N","N"
5997659,"N","Y","PDO (property damage only)","N",2013,18.8333333333333,"Winter","PM","N","Th","Y","N","Y","N","N","N","N","N","Dark - Street Lights","Broadside","Pedestrian Violation","Other Motor Vehicle","N","N","N","N"
5997668,"N","Y","Injury (Complaint of Pain)","N",2013,22.5833333333333,"Winter","N","N","F","N","Y","Y","N","N","N","N","N","Dark - Street Lights","Hit Object","Pedestrian Right of Way","Fixed Object","N","N","N","N"
5998050,"N","Y","Injury (Complaint of Pain)","N",2013,13.0833333333333,"Winter","N","N","F","Y","N","Y","N","N","N","N","N","Daylight","Broadside","Pedestrian Violation","Other Motor Vehicle","N","N","N","N"
5998132,"N","Y","PDO (property damage only)","N",2013,22.5833333333333,"Winter","N","N","Sa","N","N","Y","N","N","N","N","N","Dark - Street Lights","Rear End","Wrong Side of Road","Other Motor Vehicle","N","N","N","N"
5998164,"N","Y","Injury (Complaint of Pain)","N",2013,10.3333333333333,"Winter","N","N","Su","N","N","Y","N","N","N","N","N","Daylight","Other","Wrong Side of Road","Fixed Object","N","N","N","N"
5998196,"N","Y","PDO (property damage only)","N",2013,20.6666666666667,"Winter","N","N","Sa","Y","N","N","N","Y","N","Y","N","Dark - Street Lights","Broadside","Lights","Other Motor Vehicle","N","N","N","N"
5998199,"N","Y","PDO (property damage only)","N",2013,19.6666666666667,"Winter","N","N","F","N","Y","Y","N","N","N","N","N","Dark - No Street Lights","Sideswipe","Impeding Traffic","Other Motor Vehicle","N","N","N","N"
5998280,"N","Y","PDO (property damage only)","N",2013,14.8333333333333,"Winter","N","N","F","N","N","Y","N","N","N","N","N","Daylight","Head-On","Pedestrian Violation","Other Motor Vehicle","N","N","N","N"
5998480,"N","Y","PDO (property damage only)","N",2013,15.3333333333333,"Winter","PM","N","F","Y","N","Y","N","N","N","N","N","Daylight","Broadside","Pedestrian Right of Way","Other Motor Vehicle","N","N","N","N"
5998921,"N","Y","Injury (Other Visible)","N",2013,19,"Winter","PM","N","F","N","N","Y","N","N","N","N","N","Dark - Street Lights","Broadside","Pedestrian Violation","Other Motor Vehicle","N","N","N","N"
5999442,"N","Y","Injury (Complaint of Pain)","N",2013,10.4166666666667,"Winter","N","N","F","N","N","Y","N","N","N","N","N","Daylight","Other","Pedestrian Right of Way","Other Object","N","N","N","N"
5999443,"N","Y","Injury (Complaint of Pain)","N",2013,18.5,"Winter","N","N","Sa","Y","N","Y","N","N","N","N","N","Daylight","Broadside","Pedestrian Violation","Other Motor Vehicle","N","N","N","N"
5999486,"N","Y","PDO (property damage only)","N",2013,16.3333333333333,"Winter","PM","N","W","Y","N","Y","N","N","N","N","N","Dusk or Dawn","Head-On","Pedestrian Violation","Other Motor Vehicle","N","N","N","N"
5999500,"N","Y","PDO (property damage only)","N",2013,18,"Winter","PM","N","Tu","N","N","Y","N","N","N","N","N","Dark - Street Lights","Broadside","Pedestrian Violation","Other Motor Vehicle","N","N","N","N"
6000261,"N","Y","Injury (Complaint of Pain)","N",2013,8.08333333333333,"Winter","AM","N","W","Y","N","Y","N","N","N","N","N","Daylight","Broadside","Lights","Other Motor Vehicle","N","N","N","N"
6001651,"N","Y","Injury (Complaint of Pain)","N",2013,21,"Winter","N","N","W","N","N","Y","N","N","N","N","N","Dark - Street Lights","Broadside","Pedestrian Violation","Other Motor Vehicle","N","N","N","N"
6002927,"N","Y","PDO (property damage only)","N",2013,11.9,"Winter","N","N","Su","N","Y","Y","N","N","N","N","N","Daylight","Rear End","Wrong Side of Road","Other Motor Vehicle","N","N","N","N"
6002931,"N","Y","Injury (Complaint of Pain)","N",2013,15.6666666666667,"Winter","N","N","Sa","N","Y","Y","N","N","N","N","N","Daylight","Sideswipe","Automobile Right of Way","Other Motor Vehicle","N","N","N","N"
6002951,"N","Y","Injury (Complaint of Pain)","N",2013,15.8333333333333,"Winter","PM","N","F","N","Y","Y","N","N","N","N","N","Daylight","Sideswipe","Pedestrian Right of Way","Other Motor Vehicle","N","N","N","N"
6002959,"N","Y","Injury (Other Visible)","N",2013,7.31666666666667,"Winter","AM","N","Th","N","Y","Y","N","N","N","N","N","Daylight","Rear End","Automobile Right of Way","Other Motor Vehicle","N","N","N","N"
6003958,"N","Y","PDO (property damage only)","N",2013,19.5,"Winter","N","N","M","Y","N","Y","N","N","N","N","N","Dark - Street Lights","Head-On","Pedestrian Violation","Other Motor Vehicle","N","N","N","N"
6003990,"N","Y","Injury (Other Visible)","N",2013,13.75,"Winter","N","N","Su","Y","N","Y","N","N","N","N","N","Daylight","Broadside","Lights","Other Motor Vehicle","N","N","N","N"
6004279,"N","Y","PDO (property damage only)","N",2013,8.41666666666667,"Winter","AM","N","Tu","Y","N","N","Y","N","N","N","N","Daylight","Broadside","Pedestrian Violation","Other Motor Vehicle","N","N","N","N"