"CASE_ID","mc_killed","mc_injured","collision_severity","severe","accident_year","hours_since_midnight","season","rush_hour","late_night","day_of_week","intersection","state_hwy_ind","w_clear","w_cloudy","w_rainy","w_other","road_not_dry","road_condition_issue","lighting","type_of_collision","pcf_viol_category","mviw","alcohol_involved","truck_accident","pedestrian_accident","bicycle_accident"
6039240,"N","Y","Injury (Complaint of Pain)","N",2013,21.0833333333333,"Spring","N","N","Su","N","N","Y","N","N","N","N","N","Dark - Street Lights","Broadside","Wrong Side of Road","Other Motor Vehicle","N","N","N","N"
6040167,"N","Y","PDO (property damage only)","N",2013,12.5,"Spring","N","N","M","Y","Y","Y","N","N","N","N","N","Daylight","Broadside","Pedestrian Violation","Other Motor Vehicle","N","N","N","N"
6040178,"N","Y","PDO (property damage only)","N",2013,13,"Spring","N","N","F","N","N","Y","N","N","N","N","N","Daylight","Sideswipe","Automobile Right of Way","Other Motor Vehicle","N","N","N","N"
6040218,"N","Y","PDO (property damage only)","N",2013,12.5833333333333,"Spring","N","N","Sa","Y","N","Y","N","N","N","N","N","Daylight","Broadside","Pedestrian Violation","Other Motor Vehicle","N","N","N","N"
6040225,"N","Y","Injury (Complaint of Pain)","N",2013,9.58333333333333,"Winter","N","N","Tu","N","N","Y","N","N","N","N","N","Daylight","Sideswipe","Pedestrian Right of Way","Other Motor Vehicle","N","N","N","N"
6040234,"N","Y","Injury (Complaint of Pain)","N",2013,16.1666666666667,"Spring","PM","N","Th","N","N","Y","N","N","N","N","N","Daylight","Other","Pedestrian Violation","Non-Collision","N","N","N","N"
6040238,"N","Y","Injury (Complaint of Pain)","N",2013,20,"Spring","N","N","Th","Y","N","Y","N","N","N","N","Y","Dark - Street Lights","Overturned","Driving or Bicycling Under the Influence of Alcohol or Drug","Non-Collision","N","N","N","N"
6040529,"N","Y","PDO (property damage only)","N",2013,15.1666666666667,"Spring","N","N","Su","N","Y","Y","N","N","N","N","N","Daylight","Sideswipe","Automobile Right of Way","Other Motor Vehicle","N","N","N","N"
6040657,"N","Y","PDO (property damage only)","N",2013,22.75,"Spring","N","N","Th","N","Y","Y","N","N","N","N","N","Dark - Street Lights","Sideswipe","Impeding Traffic","Other Motor Vehicle","N","N","N","N"
6040665,"N","Y","Injury (Complaint of Pain)","N",2013,13.6833333333333,"Spring","N","N","Sa","N","Y","Y","N","N","N","N","N","Daylight","Overturned","Wrong Side of Road","Non-Collision","N","N","N","N"
6040669,"N","Y","Injury (Complaint of Pain)","N",2013,14.1666666666667,"Spring","N","N","F","N","Y","Y","N","N","N","N","N","Daylight","Sideswipe","Automobile Right of Way","Other Motor Vehicle","N","N","N","N"
6042034,"N","Y","Injury (Complaint of Pain)","N",2013,17,"Spring","PM","N","M","N","Y","Y","N","N","N","N","N","Daylight","Sideswipe","Automobile Right of Way","Other Motor Vehicle","N","N","N","N"
6042471,"N","Y","Injury (Complaint of Pain)","N",2013,8,"Winter","AM","N","F","Y","N","Y","N","N","N","N","N","Daylight","Broadside","Unsafe Lane Change","Other Motor Vehicle","N","N","N","N"
6042764,"N","N","Injury (Complaint of Pain)","N",2013,7.16666666666667,"Spring","AM","N","F","N","Y","N","Y","N","N","N","N","Daylight","Sideswipe","Wrong Side of Road","Other Motor Vehicle","N","N","N","N"
6042996,"N","Y","Injury (Complaint of Pain)","N",2013,9,"Spring","AM","N","F","N","N","Y","N","N","N","N","N","Daylight","Broadside","Automobile Right of Way","Other Motor Vehicle","N","N","N","N"
6043016,"N","Y","PDO (property damage only)","N",2013,13.8333333333333,"Spring","N","N","Su","N","N","Y","N","N","N","N","N","Daylight","Broadside","Pedestrian Right of Way","Other Motor Vehicle","N","N","N","N"
6043027,"N","Y","Injury (Complaint of Pain)","N",2013,15,"Spring","N","N","Su","Y","N","Y","N","N","N","N","N","Daylight","Overturned","Wrong Side of Road","Fixed Object","N","N","N","N"
6043028,"N","Y","Injury (Other Visible)","N",2013,21.6666666666667,"Spring","N","N","F","N","N","Y","N","N","N","N","N","Dark - No Street Lights","Vehicle/Pedestrian","Hazardous Parking","Pedestrian","N","N","Y","N"
6043096,"N","Y","Injury (Complaint of Pain)","N",2013,7.63333333333333,"Spring","AM","N","Th","N","Y","Y","N","N","N","N","N","Daylight","Sideswipe","Automobile Right of Way","Other Motor Vehicle","N","N","N","N"
6043274,"N","N","Injury (Complaint of Pain)","N",2013,15.0833333333333,"Spring","PM","N","M","N","N","Y","N","N","N","N","N","Daylight","Broadside","Pedestrian Violation","Other Motor Vehicle","N","N","N","N"
6043333,"N","Y","Injury (Other Visible)","N",2013,16.9166666666667,"Spring","PM","N","F","Y","N","Y","N","N","N","N","N","Daylight","Broadside","Pedestrian Violation","Other Motor Vehicle","N","N","N","N"
6043734,"N","Y","PDO (property damage only)","N",2013,11.8333333333333,"Spring","N","N","Tu","N","Y","Y","N","N","N","N","N","Daylight","Rear End","Wrong Side of Road","Other Motor Vehicle","N","N","N","N"
6044721,"N","Y","Injury (Other Visible)","N",2013,18.5666666666667,"Spring","PM","N","Th","N","Y","Y","N","N","N","N","N","Daylight","Sideswipe","Automobile Right of Way","Other Motor Vehicle","N","N","N","N"
6044733,"N","Y","PDO (property damage only)","N",2013,8.16666666666667,"Spring","AM","N","Tu","N","Y","Y","N","N","N","N","N","Daylight","Rear End","Wrong Side of Road","Other Motor Vehicle","N","N","N","N"
6044757,"N","Y","Injury (Complaint of Pain)","N",2013,18.25,"Spring","PM","N","W","N","Y","Y","N","N","N","N","N","Daylight","Rear End","Wrong Side of Road","Other Motor Vehicle","N","N","N","N"
6046217,"N","Y","Injury (Complaint of Pain)","N",2013,6.25,"Spring","N","N","M","Y","N","Y","N","N","N","N","N","Daylight","Rear End","Lights","Other Motor Vehicle","N","N","N","N"
6047741,"N","Y","PDO (property damage only)","N",2013,16.5,"Spring","PM","N","Tu","Y","N","Y","N","N","N","N","N","Daylight","Broadside","Pedestrian Violation","Other Motor Vehicle","N","N","N","N"
6047782,"N","Y","Injury (Complaint of Pain)","N",2013,7.25,"Spring","N","N","Sa","N","Y","Y","N","N","N","N","Y","Dusk or Dawn","Rear End","Wrong Side of Road","Other Motor Vehicle","N","N","N","N"
6048389,"N","Y","Injury (Complaint of Pain)","N",2013,19,"Spring","N","N","Sa","N","N","Y","N","N","N","N","N","Daylight","Other","Unsafe Speed","Other Object","Y","N","N","N"
6048675,"N","Y","Injury (Complaint of Pain)","N",2013,16.5833333333333,"Spring","PM","N","Tu","Y","N","Y","N","N","N","N","N","Daylight","Hit Object","Wrong Side of Road","Fixed Object","N","N","N","N"
6048692,"N","Y","PDO (property damage only)","N",2013,23.65,"Spring","N","Y","Su","Y","N","Y","N","N","N","N","N","Dark - Street Lights","Broadside","Pedestrian Violation","Other Motor Vehicle","N","N","N","N"
6048712,"N","Y","PDO (property damage only)","N",2013,9.33333333333333,"Spring","N","N","Th","N","N","Y","N","N","N","N","N","Daylight","Sideswipe","Automobile Right of Way","Non-Collision","N","N","N","N"
6048759,"N","Y","Injury (Complaint of Pain)","N",2013,16.1666666666667,"Spring","PM","N","Th","N","Y","Y","N","N","N","N","N","Daylight","Overturned","Pedestrian Right of Way","Non-Collision","N","N","N","N"
6048767,"N","Y","PDO (property damage only)","N",2013,17.8333333333333,"Spring","N","N","Su","N","Y","Y","N","N","N","N","N","Daylight","Sideswipe","Automobile Right of Way","Pedestrian","N","N","N","N"
6052725,"N","Y","Injury (Complaint of Pain)","N",2013,19,"Spring","PM","N","F","Y","N","Y","N","N","N","N","N","Daylight","Sideswipe","Lights","Other Motor Vehicle","N","N","N","N"
6052765,"N","Y","PDO (property damage only)","N",2013,8.08333333333333,"Spring","AM","N","Tu","N","N","N","Y","N","N","N","N","Daylight","Sideswipe","Automobile Right of Way","Other Motor Vehicle","N","N","N","N"
6052991,"N","Y","PDO (property damage only)","N",2013,14.75,"Spring","N","N","W","Y","N","Y","N","N","N","N","N","Daylight","Head-On","Pedestrian Violation","Other Motor Vehicle","N","N","N","N"
6053319,"N","Y","Injury (Complaint of Pain)","N",2013,13.5,"Spring","N","N","M","N","N","Y","N","N","N","N","N","Daylight","Sideswipe","Improper Turning","Other Motor Vehicle","N","N","N","N"
6053461,"N","Y","Injury (Complaint of Pain)","N",2013,21.8333333333333,"Spring","N","N","Su","Y","N","Y","N","N","N","N","N","Dark - Street Lights","Sideswipe","Driving or Bicycling Under the Influence of Alcohol or Drug","Other Motor Vehicle","N","N","N","N"
6053474,"N","Y","Injury (Complaint of Pain)","N",2013,5.83333333333333,"Spring","N","N","Th","N","Y","Y","N","N","N","N","N","Dusk or Dawn","Overturned","Wrong Side of Road","Non-Collision","N","N","N","N"
6053489,"N","N","PDO (property damage only)","N",2013,8.91666666666667,"Spring","AM","N","Tu","N","N","Y","N","N","N","N","N","Daylight","Rear End","Improper Passing","Other Motor Vehicle","N","N","N","N"
6053593,"N","Y","PDO (property damage only)","N",2013,8.16666666666667,"Spring","AM","N","M","N","N","Y","N","N","N","N","N","Daylight","Sideswipe","Pedestrian Right of Way","Other Motor Vehicle","N","N","N","N"
6053597,"N","Y","Injury (Complaint of Pain)","N",2013,13,"Spring","N","N","Th","Y","N","Y","N","N","N","N","N","Daylight","Other","Wrong Side of Road","Other Object","N","N","N","N"
6053598,"N","Y","Injury (Complaint of Pain)","N",2013,20.4166666666667,"Spring","N","N","W","Y","N","Y","N","N","N","N","N","Dark - Street Lights","Sideswipe","Pedestrian Right of Way","Other Object","N","N","N","N"
6053756,"N","Y","PDO (property damage only)","N",2013,20.95,"Spring","N","N","Th","N","Y","Y","N","N","N","N","N","Dark - Street Lights","Rear End","Wrong Side of Road","Other Motor Vehicle","N","N","N","N"
6053853,"N","Y","PDO (property damage only)","N",2013,16.9166666666667,"Spring","N","N","Su","N","Y","Y","N","N","N","N","N","Daylight","Sideswipe","Wrong Side of Road","Other Motor Vehicle","N","N","N","N"
6053882,"N","Y","Injury (Complaint of Pain)","N",2013,18.25,"Spring","N","N","Su","Y","N","Y","N","N","N","N","N","Daylight","Broadside","Pedestrian Violation","Other Motor Vehicle","N","N","N","N"
6053917,"N","Y","PDO (property damage only)","N",2013,17.1666666666667,"Spring","PM","N","W","N","N","N","Y","N","N","N","N","Daylight","Rear End","Wrong Side of Road","Other Motor Vehicle","N","N","N","N"
6054002,"N","Y","Injury (Other Visible)","N",2013,6,"Spring","N","N","M","Y","N","N","Y","N","N","N","N","Dusk or Dawn","Head-On","Pedestrian Violation","Other Motor Vehicle","N","N","N","N"
6054034,"N","Y","Injury (Complaint of Pain)","N",2013,16.5,"Spring","PM","N","M","N","N","Y","N","N","N","N","N","Daylight","Overturned","Improper Turning","Non-Collision","N","N","N","N"
6054046,"N","Y","PDO (property damage only)","N",2013,18.9166666666667,"Spring","N","N","Sa","N","N","Y","N","N","N","N","N","Daylight","Sideswipe","Automobile Right of Way","Other Motor Vehicle","N","N","N","N"
6054061,"N","Y","Injury (Complaint of Pain)","N",2013,15.5,"Spring","PM","N","F","Y","N","Y","N","N","N","N","N","Daylight","Broadside","Pedestrian Violation","Other Motor Vehicle","N","N","N","N"
6054103,"N","Y","Injury (Complaint of Pain)","N",2013,15.5,"Spring","PM","N","W","N","N","Y","N","N","N","N","N","Daylight","Broadside","Pedestrian Violation","Other Motor Vehicle","N","N","N","N"
6054107,"N","Y","Injury (Complaint of Pain)","N",2013,10.4166666666667,"Spring","N","N","Sa","N","N","Y","N","N","N","N","N","Daylight","Broadside","Pedestrian Right of Way","Other Motor Vehicle","N","N","N","N"
6054135,"N","Y","Injury (Complaint of Pain)","N",2013,6.91666666666667,"Spring","N","N","W","Y","N","Y","N","N","N","N","N","Daylight","Rear End","Pedestrian Right of Way","Motor Vehicle on Other Roadway","N","N","N","N"
6056208,"N","Y","Injury (Complaint of Pain)","N",2013,17.6333333333333,"Spring","N","N","Su","N","Y","Y","N","N","N","N","N","Daylight","Rear End","Wrong Side of Road","Other Motor Vehicle","N","Y","N","N"
6056610,"N","Y","PDO (property damage only)","N",2013,20.5,"Spring","N","N","Su","N","N","Y","N","N","N","N","N","Dark - Street Lights","Sideswipe","Automobile Right of Way","Other Motor Vehicle","N","N","N","N"
6057444,"N","Y","PDO (property damage only)","N",2013,9.5,"Spring","N","N","Su","N","N","N","Y","N","N","N","N","Daylight","Broadside","Pedestrian Violation","Other Motor Vehicle","N","N","N","N"
6057495,"N","Y","Injury (Other Visible)","N",2013,0.333333333333333,"Spring","N","Y","M","N","Y","Y","N","N","N","N","N","Dark - Street Lights","Hit Object","Unsafe Speed","Fixed Object","Y","N","N","N"
6057500,"N","Y","Injury (Complaint of Pain)","N",2013,16.5833333333333,"Spring","PM","N","F","Y","N","Y","N","N","N","N","N","Daylight","Other","Pedestrian Right of Way","Non-Collision","N","N","N","N"
6057511,"N","Y","Injury (Complaint of Pain)","N",2013,18.75,"Spring","PM","N","M","N","Y","Y","N","N","N","N","N","Dusk or Dawn","Rear End","Wrong Side of Road","Other Motor Vehicle","N","N","N","N"
6057515,"N","Y","PDO (property damage only)","N",2013,17.25,"Spring","N","N","Sa","N","Y","Y","N","N","N","N","N","Daylight","Rear End","Wrong Side of Road","Other Motor Vehicle","N","N","N","N"
6057522,"N","Y","Injury (Complaint of Pain)","N",2013,8.78333333333333,"Spring","AM","N","Th","N","Y","Y","N","N","N","N","N","Daylight","Sideswipe","Wrong Side of Road","Other Motor Vehicle","N","N","N","N"
6057523,"N","Y","PDO (property damage only)","N",2013,16,"Spring","PM","N","Tu","N","N","Y","N","N","N","N",NA,"Daylight","Sideswipe","Improper Turning","Other Motor Vehicle","N","N","N","N"
6057543,"N","Y","Injury (Complaint of Pain)","N",2013,7.83333333333333,"Spring","AM","N","Th","Y","N","Y","N","N","N","N","N","Daylight","Broadside","Pedestrian Violation","Other Motor Vehicle","N","N","N","N"
6057546,"N","Y","Injury (Complaint of Pain)","N",2013,17.25,"Spring","PM","N","F","N","Y","Y","N","N","N","N","N","Daylight","Hit Object","Pedestrian Right of Way","Fixed Object","N","N","N","N"
6057550,"N","N","PDO (property damage only)","N",2013,19.5,"Spring","N","N","Th","N","Y","Y","N","N","N","N","N","Daylight","Sideswipe","Automobile Right of Way","Other Motor Vehicle","N","N","N","N"
6057569,"N","Y","PDO (property damage only)","N",2013,8.83333333333333,"Spring","AM","N","Th","N","Y","Y","N","N","N","N","N","Daylight","Sideswipe","Automobile Right of Way","Other Motor Vehicle","N","N","N","N"
6057577,"N","Y","Injury (Complaint of Pain)","N",2013,7.93333333333333,"Spring","AM","N","W","N","Y","Y","N","N","N","N","N","Daylight","Overturned","Wrong Side of Road","Non-Collision","N","N","N","N"
6057585,"N","Y","PDO (property damage only)","N",2013,14.25,"Spring","N","N","Sa","N","Y","Y","N","N","N","N","N","Daylight","Overturned","Wrong Side of Road","Non-Collision","N","N","N","N"
6057589,"N","Y","Injury (Complaint of Pain)","N",2013,15.25,"Spring","PM","N","F","N","Y","Y","N","N","N","N","N","Daylight","Sideswipe","Improper Turning","Other Motor Vehicle","N","N","N","N"
6057593,"N","Y","Injury (Complaint of Pain)","N",2013,8,"Spring","AM","N","Th","N","Y","Y","N","N","N","N","N","Daylight","Rear End","Impeding Traffic","Other Motor Vehicle","N","N","N","N"
6057596,"N","Y","PDO (property damage only)","N",2013,16.4166666666667,"Spring","N","N","Su","N","N","N","Y","N","N","N","N","Daylight","Hit Object","Improper Passing","Other Motor Vehicle","N","N","N","N"
6058407,"N","Y","Injury (Complaint of Pain)","N",2013,22.5,"Spring","N","N","Tu","N","N","Y","N","N","N","N","N","Dark - Street Lights","Other","Wrong Side of Road","Other Object","N","N","N","N"
6058415,"N","Y","PDO (property damage only)","N",2013,9.83333333333333,"Spring","N","N","W","N","N","Y","N","N","N","N","N","Daylight","Broadside","Pedestrian Right of Way","Other Motor Vehicle","N","N","N","N"
6059274,"N","Y","Injury (Other Visible)","N",2013,23.25,"Spring","N","Y","Tu","N","N","Y","N","N","N","N","N","Dark - Street Lights","Broadside","Pedestrian Right of Way","Other Motor Vehicle","N","N","N","N"
6059944,"N","Y","PDO (property damage only)","N",2013,16.9166666666667,"Spring","PM","N","Tu","N","N","Y","N","N","N","N","N","Daylight","Other","Wrong Side of Road","Non-Collision","N","N","N","N"
6060047,"N","Y","Injury (Complaint of Pain)","N",2013,20.75,"Spring","N","N","W","N","Y","Y","N","N","N","N","N","Dark - No Street Lights","Overturned","Wrong Side of Road","Fixed Object","N","N","N","N"
6060060,"N","Y","Injury (Complaint of Pain)","N",2013,22.25,"Spring","N","N","F","N","N","N","N","N","Y","N","N","Dark - Street Lights","Head-On","Unsafe Lane Change","Other Motor Vehicle","N","N","N","N"
6060321,"N","Y","Injury (Complaint of Pain)","N",2013,14.8333333333333,"Spring","N","N","F","N","N","Y","N","N","N","N","N","Daylight","Sideswipe","Automobile Right of Way","Other Motor Vehicle","N","N","N","N"
6060646,"N","Y","Injury (Complaint of Pain)","N",2013,10.6666666666667,"Spring","N","N","Su","N","Y","Y","N","N","N","N","N","Daylight","Overturned","Wrong Side of Road","Non-Collision","N","N","N","N"
6060673,"N","Y","PDO (property damage only)","N",2013,10.8333333333333,"Spring","N","N","Su","N","Y","Y","N","N","N","N","N","Daylight","Rear End","Wrong Side of Road","Other Motor Vehicle","N","N","N","N"
6060934,"N","Y","PDO (property damage only)","N",2013,3.43333333333333,"Spring","N","Y","Sa","Y","N","Y","N","N","N","N","N","Dark - Street Lights","Sideswipe","Impeding Traffic","Parked Motor Vehicle","N","N","N","N"
6060950,"N","Y","Injury (Other Visible)","N",2013,7,"Spring","N","N","Su","Y","N","Y","N","N","N","N","N","Daylight","Broadside","Pedestrian Violation","Other Motor Vehicle","N","N","N","N"
6061504,"N","Y","Injury (Complaint of Pain)","N",2013,6.83333333333333,"Spring","N","N","M","N","N","N","Y","N","N","N","N","Daylight","Sideswipe","Automobile Right of Way","Other Motor Vehicle","N","N","N","N"
6061846,"N","Y","PDO (property damage only)","N",2013,12.25,"Spring","N","N","Sa","N","N","Y","N","N","N","N","N","Daylight","Broadside","Pedestrian Violation","Bicycle","N","N","N","N"
6061882,"N","Y","Injury (Complaint of Pain)","N",2013,19.4333333333333,"Spring","N","N","F","N","N","Y","N","N","N","N","N","Dusk or Dawn","Broadside","Pedestrian Violation","Other Motor Vehicle","N","N","N","N"
6061909,"N","Y","PDO (property damage only)","N",2013,15.1666666666667,"Spring","PM","N","Th","N","N","Y","N","N","N","N","Y","Daylight","Broadside","Pedestrian Violation","Other Motor Vehicle","N","N","N","N"
6061917,"N","Y","Injury (Complaint of Pain)","N",2013,14.75,"Spring","N","N","Th","Y","N","Y","N","N","N","N","N","Daylight","Broadside","Pedestrian Violation","Other Motor Vehicle","N","N","N","N"
6061970,"N","Y","Injury (Complaint of Pain)","N",2013,9.5,"Spring","N","N","Sa","Y","N","Y","N","N","N","N","N","Daylight","Broadside","Pedestrian Violation","Other Motor Vehicle","N","N","N","N"
6062164,"N","Y","Injury (Complaint of Pain)","N",2013,13.5833333333333,"Spring","N","N","Sa","N","N","N","Y","N","N","N","N","Daylight","Broadside","Pedestrian Violation","Other Motor Vehicle","N","N","N","N"
6062199,"N","Y","PDO (property damage only)","N",2013,23.1666666666667,"Spring","N","Y","W","Y","N","Y","N","N","N","N","N","Dark - Street Lights","Broadside","Pedestrian Violation","Other Motor Vehicle","N","N","N","N"
6062254,"N","Y","Injury (Complaint of Pain)","N",2013,12.3333333333333,"Spring","N","N","W","N","N","Y","N","N","N","N","N","Daylight","Sideswipe","Code 19","Other Motor Vehicle","N","N","N","N"
6062294,"N","Y","PDO (property damage only)","N",2013,11.8333333333333,"Spring","N","N","Th","N","N","Y","N","N","N","N","N","Daylight","Rear End","Improper Passing","Other Motor Vehicle","N","N","N","N"
6062306,"N","Y","PDO (property damage only)","N",2013,7.83333333333333,"Spring","AM","N","M","N","N","Y","N","N","N","N","N","Daylight","Broadside","Pedestrian Violation","Other Motor Vehicle","N","N","N","N"
6062557,"N","Y","PDO (property damage only)","N",2013,6.16666666666667,"Spring","N","N","W","N","N","Y","N","N","N","Y","Y","Daylight","Other","Code 20","Other Object","N","N","N","N"
6063516,"N","Y","PDO (property damage only)","N",2013,16.6666666666667,"Spring","PM","N","Th","Y","N","Y","N","N","N","N","N","Daylight","Broadside","Pedestrian Right of Way","Other Motor Vehicle","N","N","N","N"
6063791,"N","Y","Injury (Complaint of Pain)","N",2013,11.5,"Spring","N","N","Su","Y","N","Y","N","N","N","N","N","Daylight","Broadside","Pedestrian Violation","Other Motor Vehicle","N","N","N","N"
6063794,"N","Y","Injury (Complaint of Pain)","N",2013,14.7333333333333,"Spring","N","N","Sa","N","N","Y","N","N","N","N","N","Daylight","Overturned","Wrong Side of Road","Non-Collision","N","N","N","N"
6064010,"N","Y","PDO (property damage only)","N",2013,12.4166666666667,"Spring","N","N","M","Y","N","Y","N","N","N","N","N","Daylight","Rear End","Improper Passing","Other Motor Vehicle","N","N","N","N"
6064070,"N","N","PDO (property damage only)","N",2013,14.9166666666667,"Spring","N","N","Th","N",NA,"Y","N","N","N","N","N","Daylight","Sideswipe","Automobile Right of Way","Other Motor Vehicle","N","N","N","N"
6064074,"N","Y","Injury (Complaint of Pain)","N",2013,12.4166666666667,"Spring","N","N","Th","N","N","Y","N","N","N","N","N","Daylight","Rear End","Wrong Side of Road","Other Motor Vehicle","N","N","N","N"
6064309,"N","Y","Injury (Other Visible)","N",2013,10.5,"Spring","N","N","Tu","N","N","Y","N","N","N","N","N","Daylight","Head-On","Wrong Side of Road","Parked Motor Vehicle","N","N","N","N"
6064313,"N","Y","PDO (property damage only)","N",2013,15.8333333333333,"Spring","N","N","Su","N","N","Y","N","N","N","N","N","Daylight","Broadside","Wrong Side of Road","Other Motor Vehicle","N","N","N","N"
6064826,"N","Y","Injury (Complaint of Pain)","N",2013,14,"Spring","N","N","Th","N","N","Y","N","N","N","N","N","Daylight","Head-On","Unsafe Lane Change","Other Motor Vehicle","N","N","N","N"
6064867,"N","N","PDO (property damage only)","N",2013,17.75,"Spring","PM","N","W","N","N","Y","N","N","N","N","N","Daylight","Sideswipe","Pedestrian Right of Way","Other Motor Vehicle","N","N","N","N"
6064988,"N","Y","Injury (Other Visible)","N",2013,19.75,"Spring","N","N","Sa","Y","N","Y","N","N","N","N","N","Dark - Street Lights","Head-On","Pedestrian Violation","Other Motor Vehicle","N","N","N","N"
6065032,"N","Y","PDO (property damage only)","N",2013,18.1666666666667,"Spring","PM","N","W","N","N","Y","N","N","N","N","N","Daylight","Broadside","Pedestrian Violation","Other Motor Vehicle","N","N","N","N"
6065040,"N","Y","PDO (property damage only)","N",2013,1.66666666666667,"Spring","N","Y","Sa","Y","N","Y","N","N","N","N","N","Dark - Street Lights","Vehicle/Pedestrian","Wrong Side of Road","Fixed Object","N","N","N","N"
6065566,"N","Y","PDO (property damage only)","N",2013,8.48333333333333,"Spring","AM","N","W","N","Y","Y","N","N","N","N","N","Daylight","Rear End","Wrong Side of Road","Other Motor Vehicle","N","N","N","N"
6065685,"N","N","PDO (property damage only)","N",2013,13.9166666666667,"Spring","N","N","Tu","Y","N","Y","N","N","N","N","N","Daylight","Broadside","Pedestrian Violation","Other Motor Vehicle","N","N","N","N"
6065803,"N","Y","PDO (property damage only)","N",2013,18.0833333333333,"Spring","PM","N","W","N","Y","Y","N","N","N","N","N","Daylight","Overturned","Driving or Bicycling Under the Influence of Alcohol or Drug","Non-Collision","N","N","N","N"
6065841,"N","Y","Injury (Complaint of Pain)","N",2013,14.5,"Spring","N","N","Sa","N","N","Y","N","N","N","N","N","Daylight","Broadside","Pedestrian Right of Way","Motor Vehicle on Other Roadway","N","N","N","N"
6065850,"N","Y","Injury (Complaint of Pain)","N",2013,9.16666666666667,"Spring","N","N","M","Y","N","Y","N","N","N","N","N","Daylight","Overturned","Lights","Non-Collision","N","N","N","N"
6065867,"N","Y","PDO (property damage only)","N",2013,13.5,"Spring","N","N","W","Y","N","Y","N","N","N","N","N","Daylight","Sideswipe","Pedestrian Right of Way","Other Motor Vehicle","N","N","N","N"
6065869,"N","Y","Injury (Complaint of Pain)","N",2013,9.83333333333333,"Spring","N","N","Th","N","N","Y","N","N","N","N","N","Daylight","Hit Object","Other Improper Driving","Fixed Object","N","N","N","N"
6065879,"N","Y","Injury (Complaint of Pain)","N",2013,11.25,"Spring","N","N","M","N","N","Y","N","N","N","N","N","Daylight","Sideswipe","Improper Turning","Other Motor Vehicle","N","N","N","N"
6066514,"N","Y","Injury (Complaint of Pain)","N",2013,9,"Spring","AM","N","W","N","Y","Y","N","N","N","N","N","Daylight","Overturned","Automobile Right of Way","Non-Collision","N","N","N","N"
6068910,"N","Y","PDO (property damage only)","N",2013,8.33333333333333,"Spring","AM","N","Th","Y","N","Y","N","N","N","N","N","Daylight","Broadside","Pedestrian Violation","Other Motor Vehicle","N","N","N","N"
6069379,"N","Y","PDO (property damage only)","N",2013,19.3,"Spring","N","N","W","N","Y","Y","N","N","N","N","N","Dark - No Street Lights","Hit Object","Code 20","Other Object","N","N","N","N"
6070358,"N","Y","Injury (Complaint of Pain)","N",2013,18.5,"Spring","PM","N","W","N","N","Y","N","N","N","N","N","Daylight","Sideswipe","Pedestrian Violation","Other Motor Vehicle","N","N","N","N"
6070370,"N","Y","Injury (Other Visible)","N",2013,13,"Spring","N","N","M","N","N","Y","N","N","N","N","N",NA,"Broadside","Pedestrian Violation","Other Motor Vehicle","N","N","N","N"
6070378,"N","Y","Injury (Complaint of Pain)","N",2013,16.5,"Spring","PM","N","Tu","N","N","Y","N","N","N","N","N","Daylight","Broadside","Pedestrian Violation","Other Motor Vehicle","N","N","N","N"
6070442,"N","Y","PDO (property damage only)","N",2013,8.91666666666667,"Spring","N","N","Sa","N","N","Y","N","N","N","N","N","Daylight","Overturned","Wrong Side of Road","Other Motor Vehicle","N","N","N","N"
6071390,"N","Y","Injury (Complaint of Pain)","N",2013,16.5833333333333,"Summer","N","N","Sa","N","N","Y","N","N","N","N","N","Daylight","Sideswipe","Pedestrian Right of Way","Other Motor Vehicle","N","N","N","N"
6071528,"N","N","PDO (property damage only)","N",2013,12.4166666666667,"Summer","N","N","W","N","Y","Y","N","N","N","N","N","Daylight","Broadside","Pedestrian Right of Way","Other Motor Vehicle","N","N","N","N"
6072169,"N","Y","PDO (property damage only)","N",2013,10.5,"Spring","N","N","W","Y","N","Y","N","N","N","N","N","Daylight","Broadside","Pedestrian Right of Way","Other Motor Vehicle","N","N","N","N"
6072917,"N","Y","PDO (property damage only)","N",2013,17.1666666666667,"Spring","PM","N","Th","N","N","Y","N","N","N","N","N","Daylight","Sideswipe","Pedestrian Violation","Other Motor Vehicle","N","N","N","N"
6073544,"N","Y","Injury (Complaint of Pain)","N",2013,15.8333333333333,"Spring","PM","N","W","Y","N","Y","N","N","N","N","N","Daylight","Broadside","Pedestrian Violation","Other Motor Vehicle","N","N","N","N"
6073773,"N","Y","Injury (Complaint of Pain)","N",2013,14.5,"Spring","N","N","Th","N","N","Y","N","N","N","N","N","Daylight","Broadside","Pedestrian Violation","Other Motor Vehicle","N","N","N","N"
6073809,"N","Y","PDO (property damage only)","N",2013,14.5,"Summer","N","N","W","Y","N","Y","N","N","N","N","Y","Daylight","Other","Other Improper Driving","Fixed Object","N","N","N","N"
6073830,"N","Y","Injury (Complaint of Pain)","N",2013,8.76666666666667,"Spring","AM","N","Th","Y","N","Y","N","N","N","N","N","Daylight","Broadside","Lights","Other Motor Vehicle","N","N","N","N"