"CASE_ID","mc_killed","mc_injured","collision_severity","severe","accident_year","hours_since_midnight","season","rush_hour","late_night","day_of_week","intersection","state_hwy_ind","w_clear","w_cloudy","w_rainy","w_other","road_not_dry","road_condition_issue","lighting","type_of_collision","pcf_viol_category","mviw","alcohol_involved","truck_accident","pedestrian_accident","bicycle_accident"
6073845,"N","Y","Injury (Complaint of Pain)","N",2013,8.41666666666667,"Spring","N","N","Sa","Y","Y","Y","N","N","N","N","N","Daylight","Broadside","Pedestrian Violation","Other Motor Vehicle","N","N","N","N"
6073886,"N","Y","PDO (property damage only)","N",2013,8.25,"Spring","AM","N","W","Y","N","Y","N","N","N","N","N","Daylight","Broadside","Pedestrian Violation","Other Motor Vehicle","N","N","N","N"
6073957,"N","N","PDO (property damage only)","N",2013,12.9166666666667,"Spring","N","N","F","N","N","Y","N","N","N","N","N","Daylight","Other","Automobile Right of Way","Other Motor Vehicle","N","N","N","N"
6073965,"N","Y","Injury (Complaint of Pain)","N",2013,22,"Spring","N","N","Th","N","N","Y","N","N","N","N","N","Dark - Street Lights","Rear End","Wrong Side of Road","Other Motor Vehicle","Y","N","N","N"
6074546,"N","N","PDO (property damage only)","N",2013,15.3333333333333,"Summer","PM","N","Th","N","N","Y","N","N","N","N","N","Daylight","Broadside","Pedestrian Violation","Other Motor Vehicle","N","N","N","N"
6074723,"N","Y","Injury (Complaint of Pain)","N",2013,16.3333333333333,"Spring","PM","N","M","N","N","Y","N","N","N","N","N","Daylight","Sideswipe","Improper Turning","Other Motor Vehicle","N","N","N","N"
6074731,"N","Y","Injury (Other Visible)","N",2013,15.75,"Spring","PM","N","W","N","N","N","Y","N","N","N","N","Daylight","Rear End","Wrong Side of Road","Other Motor Vehicle","N","N","N","N"
6074735,"N","Y","Injury (Other Visible)","N",2013,22.75,"Spring","N","N","F","N","N","Y","N","N","N","N","N","Dark - Street Lights","Rear End","Unsafe Speed","Other Motor Vehicle","Y","N","N","N"
6074759,"N","Y","Injury (Complaint of Pain)","N",2013,13,"Spring","N","N","F","N","N","Y","N","N","N","N","N","Daylight","Other","Wrong Side of Road","Other Object","N","N","N","N"
6075059,"N","Y","Injury (Complaint of Pain)","N",2013,18.25,"Spring","PM","N","M","N","Y","Y","N","N","N","N","N","Daylight","Rear End","Wrong Side of Road","Other Motor Vehicle","N","N","N","N"
6075080,"N","Y","Injury (Complaint of Pain)","N",2013,12.6666666666667,"Spring","N","N","Sa","N","Y","Y","N","N","N","N","N","Daylight","Rear End","Wrong Side of Road","Other Motor Vehicle","N","N","N","N"
6075144,"N","Y","Injury (Complaint of Pain)","N",2013,18.4166666666667,"Spring","PM","N","F","N","Y","Y","N","N","N","N","N","Daylight","Rear End","Wrong Side of Road","Other Motor Vehicle","N","N","N","N"
6075392,"N","Y","Injury (Complaint of Pain)","N",2013,14.5833333333333,"Spring","N","N","Tu","N","N","Y","N","N","N","N","N","Daylight","Rear End","Wrong Side of Road","Other Motor Vehicle","N","N","N","N"
6075408,"N","Y","Injury (Complaint of Pain)","N",2013,9.66666666666667,"Spring","N","N","Tu","N","N","Y","N","N","N","N","N","Daylight","Other","Pedestrian Violation","Other Motor Vehicle","N","N","N","N"
6075428,"N","N","PDO (property damage only)","N",2013,11.3333333333333,"Spring","N","N","Tu","N","N","Y","N","N","N","N","N","Daylight","Sideswipe","Pedestrian Violation","Bicycle","N","N","N","Y"
6075435,"N","Y","PDO (property damage only)","N",2013,18,"Spring","PM","N","W","Y","N","Y","N","N","N","N","N","Daylight","Sideswipe","Automobile Right of Way","Other Motor Vehicle","N","N","N","N"
6075440,"N","Y","PDO (property damage only)","N",2013,18.3333333333333,"Spring","PM","N","Tu","Y","N","Y","N","N","N","N","N","Daylight","Broadside","Pedestrian Violation","Other Motor Vehicle","N","N","N","N"
6075499,"N","Y","Injury (Complaint of Pain)","N",2013,12.5,"Spring","N","N","Sa","Y","N","N","Y","N","N","N","N","Daylight","Broadside","Lights","Other Motor Vehicle","N","N","N","N"
6075775,"N","Y","Injury (Other Visible)","N",2013,22.25,"Spring","N","N","Tu","Y",NA,"Y","N","N","N","N","N","Dark - Street Lights","Head-On","Pedestrian Violation","Other Motor Vehicle","N","N","N","N"
6075787,"N","Y","PDO (property damage only)","N",2013,19.75,"Spring","N","N","Sa","N","N","Y","N","N","N","N","N","Dusk or Dawn","Sideswipe","Automobile Right of Way","Other Motor Vehicle","N","N","N","N"
6075812,"N","Y","PDO (property damage only)","N",2013,15.05,"Spring","PM","N","Tu","N","Y","Y","N","N","N","N","N","Daylight","Sideswipe","Automobile Right of Way","Other Motor Vehicle","N","N","N","N"
6075843,"N","Y","Injury (Complaint of Pain)","N",2013,16.9166666666667,"Spring","PM","N","F","N","N","Y","N","N","N","N","N","Daylight","Sideswipe","Automobile Right of Way","Other Motor Vehicle","N","N","N","N"
6075864,"N","Y","Injury (Complaint of Pain)","N",2013,16.1666666666667,"Spring","PM","N","Th","N","Y","Y","N","N","N","N","N","Daylight","Sideswipe","Automobile Right of Way","Other Motor Vehicle","N","N","N","N"
6075876,"N","Y","PDO (property damage only)","N",2013,7.08333333333333,"Spring","AM","N","F","N","Y","Y","N","N","N","N","N","Daylight","Overturned","Automobile Right of Way","Non-Collision","N","N","N","N"
6075918,"N","Y","Injury (Other Visible)","N",2013,14.75,"Spring","N","N","Tu","Y","N","Y","N","N","N","N","N","Daylight","Broadside","Pedestrian Violation","Other Motor Vehicle","N","N","N","N"
6076347,"N","Y","Injury (Other Visible)","N",2013,10,"Spring","N","N","Tu","N","N","Y","N","N","N","N","N","Daylight","Broadside","Pedestrian Violation","Other Motor Vehicle","N","N","N","N"
6077160,"N","Y","Injury (Complaint of Pain)","N",2013,11.5833333333333,"Spring","N","N","Tu","N","Y","Y","N","N","N","N","N","Daylight","Rear End","Wrong Side of Road","Other Motor Vehicle","N","N","N","N"
6078428,"N","Y","PDO (property damage only)","N",2013,18.8333333333333,"Spring","PM","N","Th","N","N","Y","N","N","N","N","N","Daylight","Sideswipe","Pedestrian Violation","Other Motor Vehicle","N","N","N","N"
6078476,"N","Y","Injury (Complaint of Pain)","N",2013,19.7833333333333,"Spring","N","N","Th","N","Y","Y","N","N","N","N","N","Daylight","Sideswipe","Wrong Side of Road","Other Motor Vehicle","N","N","N","N"
6078481,"N","Y","Injury (Complaint of Pain)","N",2013,18.25,"Spring","PM","N","F","N","Y","Y","N","N","N","N","N","Daylight","Overturned","Wrong Side of Road","Non-Collision","N","N","N","N"
6079695,"N","Y","Injury (Complaint of Pain)","N",2013,20.4166666666667,"Spring","N","N","Sa","N","N","Y","N","N","N","N","N","Dark - Street Lights","Hit Object","Wrong Side of Road","Other Object","Y","N","N","N"
6079707,"N","Y","Injury (Complaint of Pain)","N",2013,12.75,"Spring","N","N","Su","Y","N","Y","N","N","N","N","N","Daylight","Broadside","Pedestrian Violation","Other Motor Vehicle","N","N","N","N"
6079716,"N","Y","Injury (Complaint of Pain)","N",2013,15.3333333333333,"Spring","N","N","Sa","N","Y","Y","N","N","N","N","N","Daylight","Sideswipe","Improper Turning","Other Motor Vehicle","N","N","N","N"
6079751,"N","Y","PDO (property damage only)","N",2013,9.75,"Spring","N","N","M","N","Y","N","Y","Y","N","Y","N","Daylight","Sideswipe","Driving or Bicycling Under the Influence of Alcohol or Drug","Other Motor Vehicle","N","N","N","N"
6079838,"N","Y","Injury (Complaint of Pain)","N",2013,16,"Spring","N","N","Sa","N","N","Y","N","N","N","N","N","Daylight","Other","Wrong Side of Road","Other Object","N","N","N","N"
6080931,"N","Y","Injury (Complaint of Pain)","N",2013,17.5,"Spring","PM","N","W","Y","N","N","Y","N","N","N","N","Daylight","Sideswipe","Pedestrian Right of Way","Bicycle","N","N","N","Y"
6080939,"N","Y","Injury (Complaint of Pain)","N",2013,2.5,"Spring","N","Y","F","Y","N","Y","N","N","N","N","N","Dark - Street Lights","Broadside","Unsafe Speed","Other Motor Vehicle","Y","N","N","N"
6081373,"N","Y","Injury (Complaint of Pain)","N",2013,18.8333333333333,"Spring","PM","N","M","N","N","Y","N","N","N","N","N","Daylight","Other","Wrong Side of Road","Non-Collision","N","N","N","N"
6081377,"N","Y","Injury (Complaint of Pain)","N",2013,18.5,"Spring","PM","N","M","Y","Y","Y","N","N","N","N",NA,"Daylight","Broadside","Pedestrian Right of Way","Other Motor Vehicle","N","N","N","N"
6081982,"N","Y","Injury (Other Visible)","N",2013,19.75,"Spring","N","N","F","N","N","Y","N","N","N","N","N","Dark - Street Lights","Other","Wrong Side of Road","Non-Collision","N","N","N","N"
6083295,"N","N","Injury (Complaint of Pain)","N",2013,19.9166666666667,"Spring","N","N","W","N","N","Y","N","N","N","N","N","Dusk or Dawn","Other","Improper Passing","Other Object","N","N","N","N"
6083307,"N","Y","PDO (property damage only)","N",2013,20.5,"Spring","N","N","W","N","N","Y","N","N","N","N","N","Dark - Street Lights","Broadside","Pedestrian Violation","Other Motor Vehicle","N","N","N","N"
6083359,"N","Y","Injury (Complaint of Pain)","N",2013,18.5833333333333,"Spring","PM","N","W","Y","N","Y","N","N","N","N","N","Daylight","Broadside","Pedestrian Violation","Other Motor Vehicle","N","N","N","N"
6083366,"N","Y","Injury (Complaint of Pain)","N",2013,9.25,"Spring","N","N","F","Y","N","Y","N","N","N","N","N","Daylight","Sideswipe","Wrong Side of Road","Other Motor Vehicle","N","N","N","N"
6083370,"N","Y","Injury (Complaint of Pain)","N",2013,12.9166666666667,"Spring","N","N","Sa","N","N","Y","N","N","N","N","N","Daylight","Sideswipe","Automobile Right of Way","Other Motor Vehicle","N","N","N","N"
6083439,"N","Y","Injury (Other Visible)","N",2013,16.75,"Spring","N","N","Sa","Y","N","Y","N","N","N","N","N","Daylight","Head-On","Pedestrian Violation","Other Motor Vehicle","N","N","N","N"
6083473,"N","Y","Injury (Complaint of Pain)","N",2013,16.5,"Spring","PM","N","Tu","N","N","Y","N","N","N","N","N","Daylight","Rear End","Wrong Side of Road","Other Motor Vehicle","N","N","N","N"
6083497,"N","Y","Injury (Complaint of Pain)","N",2013,14.3333333333333,"Spring","N","N","Tu","Y","N","Y","N","N","N","N","N","Daylight","Broadside","Pedestrian Right of Way","Other Motor Vehicle","N","N","N","N"
6083711,"N","Y","PDO (property damage only)","N",2013,8.16666666666667,"Spring","AM","N","Tu","N","N","N","Y","N","N","N","N","Daylight","Broadside","Pedestrian Violation","Other Motor Vehicle","N","N","N","N"
6084238,"N","Y","Injury (Complaint of Pain)","N",2013,8.16666666666667,"Spring","AM","N","Tu","Y","N","Y","N","N","N","N","N","Daylight","Sideswipe","Pedestrian Right of Way","Other Motor Vehicle","N","N","N","N"
6085122,"N","Y","Injury (Complaint of Pain)","N",2013,22.5,"Spring","N","N","F","N","N","Y","N","N","N","N","N","Dark - Street Lights","Head-On","Improper Turning","Other Motor Vehicle","N","N","N","N"
6085170,"N","Y","PDO (property damage only)","N",2013,15.75,"Spring","PM","N","W","Y","N","Y","N","N","N","N","N","Daylight","Broadside","Pedestrian Violation","Other Motor Vehicle","N","N","N","N"
6085185,"N","Y","Injury (Complaint of Pain)","N",2013,20.3333333333333,"Spring","N","N","Su","Y","N","Y","N","N","N","N","N","Dark - Street Lights","Head-On","Pedestrian Violation","Other Motor Vehicle","N","N","N","N"
6085195,"N","Y","PDO (property damage only)","N",2013,16.75,"Spring","PM","N","Tu","N","N","Y","N","N","N","N","N","Daylight","Broadside","Pedestrian Violation","Other Motor Vehicle","N","N","N","N"
6085198,"N","Y","Injury (Complaint of Pain)","N",2013,12.1666666666667,"Spring","N","N","F","Y","N","Y","N","N","N","N","N","Daylight","Broadside","Driving or Bicycling Under the Influence of Alcohol or Drug","Other Motor Vehicle","N","N","N","N"
6085257,"N","Y","Injury (Complaint of Pain)","N",2013,11.25,"Spring","N","N","F","Y","N","Y","N","N","N","N","N","Daylight","Broadside","Lights","Other Motor Vehicle","N","N","N","N"
6085657,"N","Y","Injury (Other Visible)","N",2013,16.25,"Spring","PM","N","Tu","Y","N","Y","N","N","N","N","N","Daylight","Other","Pedestrian Violation","Other Motor Vehicle","N","N","N","N"
6085760,"N","Y","Injury (Complaint of Pain)","N",2013,18,"Spring","PM","N","W","Y","N","Y","N","N","N","N","N","Daylight","Other","Wrong Side of Road","Non-Collision","N","N","N","N"
6086186,"N","Y","Injury (Other Visible)","N",2013,21.1666666666667,"Spring","N","N","Su","Y","N","Y","N","N","N","N","N","Dark - Street Lights","Other","Wrong Side of Road","Parked Motor Vehicle","N","N","N","N"
6086188,"N","Y","Injury (Complaint of Pain)","N",2013,15,"Spring","PM","N","M","Y","N","Y","N","N","N","N","N","Daylight","Broadside","Pedestrian Violation","Other Motor Vehicle","N","N","N","N"
6086190,"N","Y","Injury (Complaint of Pain)","N",2013,11.3333333333333,"Spring","N","N","F","N","N","Y","N","N","N","N","N","Daylight","Other","Pedestrian Violation","Other Motor Vehicle","N","Y","N","N"
6088448,"N","Y","Injury (Complaint of Pain)","N",2013,13.25,"Spring","N","N","Tu","N","N","Y","N","N","N","N","N","Daylight","Rear End","Wrong Side of Road","Other Motor Vehicle","N","N","N","N"
6088856,"N","Y","Injury (Complaint of Pain)","N",2013,16.7333333333333,"Spring","PM","N","Tu","N","Y","Y","N","N","N","N","N","Daylight","Rear End","Wrong Side of Road","Other Motor Vehicle","N","N","N","N"
6088860,"N","Y","Injury (Complaint of Pain)","N",2013,13.75,"Spring","N","N","Su","N","Y","Y","N","N","N","N","N","Daylight","Overturned","Pedestrian Right of Way","Non-Collision","N","N","N","N"
6088898,"N","Y","PDO (property damage only)","N",2013,18.1666666666667,"Spring","PM","N","Tu","N","Y","Y","N","N","N","N","N","Daylight","Overturned","Wrong Side of Road","Non-Collision","N","N","N","N"
6088922,"N","Y","PDO (property damage only)","N",2013,14.25,"Spring","N","N","Tu","N","Y","Y","N","N","N","N","Y","Daylight","Overturned","Wrong Side of Road","Non-Collision","N","N","N","N"
6088950,"N","Y","PDO (property damage only)","N",2013,8.85,"Spring","AM","N","W","N","Y","N","Y","N","N","N","N","Daylight","Rear End","Automobile Right of Way","Other Motor Vehicle","N","N","N","N"
6088954,"N","Y","Injury (Complaint of Pain)","N",2013,16.5833333333333,"Spring","PM","N","Th","N","Y","N","Y","N","N","N","N","Daylight","Sideswipe","Automobile Right of Way","Other Motor Vehicle","N","N","N","N"
6090328,"N","N","PDO (property damage only)","N",2013,11.75,"Spring","N","N","M","N","Y","Y","N","N","N","N","N","Daylight","Rear End","Wrong Side of Road","Other Motor Vehicle","N","N","N","N"
6090375,"N","Y","Injury (Complaint of Pain)","N",2013,14.1666666666667,"Spring","N","N","Th","N","Y","Y","N","N","N","N","N","Daylight","Overturned","Automobile Right of Way","Non-Collision","N","N","N","N"
6090916,"N","Y","Injury (Complaint of Pain)","N",2013,14.6,"Spring","N","N","Tu","N","N","Y","N","N","N","N","N","Daylight","Sideswipe","Automobile Right of Way","Other Motor Vehicle","N","N","N","N"
6090961,"N","Y","Injury (Complaint of Pain)","N",2013,15,"Spring","PM","N","Th","N","N","Y","N","N","N","N","N","Daylight","Broadside","Pedestrian Violation","Other Motor Vehicle","N","N","N","N"
6090979,"N","Y","PDO (property damage only)","N",2013,4.91666666666667,"Spring","N","Y","Th","Y","Y","Y","N","N","N","N","N","Dusk or Dawn","Broadside","Pedestrian Violation","Other Motor Vehicle","N","N","N","N"
6091015,"N","Y","PDO (property damage only)","N",2013,14.6666666666667,"Spring","N","N","Tu","Y","N","Y","N","N","N","N","N","Daylight","Sideswipe","Pedestrian Right of Way","Other Motor Vehicle","N","N","N","N"
6091669,"N","Y","PDO (property damage only)","N",2013,7.83333333333333,"Spring","AM","N","Th","N","Y","Y","N","N","N","N","N","Daylight","Sideswipe","Automobile Right of Way","Other Motor Vehicle","N","N","N","N"
6091796,"N","Y","PDO (property damage only)","N",2013,20.1666666666667,"Spring","N","N","F","N","N","Y","N","N","N","N","N","Dark - Street Lights","Sideswipe","Pedestrian Right of Way","Other Motor Vehicle","N","N","N","N"
6091799,"N","Y","PDO (property damage only)","N",2013,20.5,"Spring","N","N","F","Y","N","Y","N","N","N","N","N","Dark - Street Lights","Broadside","Pedestrian Violation","Other Motor Vehicle","N","N","N","N"
6091807,"N","Y","Injury (Complaint of Pain)","N",2013,21.1666666666667,"Spring","N","N","Th","Y","N","Y","N","N","N","N","N","Dark - Street Lights","Head-On","Pedestrian Violation","Other Motor Vehicle","N","N","N","N"
6091868,"N","Y","Injury (Complaint of Pain)","N",2013,8.75,"Spring","AM","N","Tu","N","N","N","Y","N","N","N","N","Daylight","Head-On","Wrong Side of Road","Other Motor Vehicle","N","N","N","N"
6091888,"N","Y","PDO (property damage only)","N",2013,13,"Spring","N","N","Sa","Y","N","Y","N","N","N","N","N","Daylight","Broadside","Pedestrian Violation","Other Motor Vehicle","N","N","N","N"
6092622,"N","Y","Injury (Complaint of Pain)","N",2013,14.3333333333333,"Spring","N","N","Su","N","Y","Y","N","N","N","N","N","Daylight","Overturned","Pedestrian Right of Way","Non-Collision","N","N","N","N"
6093128,"N","Y","PDO (property damage only)","N",2013,9.91666666666667,"Spring","N","N","F","N","Y","Y","N","N","N","N","N","Daylight","Overturned","Wrong Side of Road","Fixed Object","N","N","N","N"
6094083,"N","Y","Injury (Complaint of Pain)","N",2013,9.16666666666667,"Spring","N","N","M","N","N","Y","N","N","N","N","N","Daylight","Broadside","Pedestrian Right of Way","Other Motor Vehicle","N","N","N","N"
6094088,"N","Y","Injury (Complaint of Pain)","N",2013,11.25,"Spring","N","N","M","N","N","Y","N","N","N","N",NA,"Daylight","Rear End","Wrong Side of Road","Other Motor Vehicle","N","N","N","N"
6094096,"N","Y","Injury (Complaint of Pain)","N",2013,15,"Spring","N","N","Su","Y","N","Y","N","N","N","N","N","Daylight","Broadside","Pedestrian Violation","Other Motor Vehicle","N","N","N","N"
6094134,"N","Y","Injury (Complaint of Pain)","N",2013,22.0833333333333,"Spring","N","N","Th","N","N","Y","N","N","N","N","N","Dark - Street Lights","Other","Unsafe Speed","Other Object","Y","N","N","N"
6094645,"N","Y","Injury (Complaint of Pain)","N",2013,16.8333333333333,"Spring","PM","N","F","N","N","Y","N","N","N","N","N","Daylight","Sideswipe","Unsafe Starting or Backing","Motor Vehicle on Other Roadway","N","N","N","N"
6094654,"N","Y","Injury (Complaint of Pain)","N",2013,0.166666666666667,"Spring","N","Y","Tu","N","N","Y","N","N","N","N","N","Dark - Street Lights","Broadside","Pedestrian Right of Way","Motor Vehicle on Other Roadway","N","N","N","N"
6094657,"N","Y","Injury (Complaint of Pain)","N",2013,8.08333333333333,"Spring","AM","N","Tu","Y","N","Y","N","N","N","N","N","Daylight","Sideswipe","Pedestrian Violation","Other Motor Vehicle","N","N","N","N"
6094677,"N","Y","PDO (property damage only)","N",2013,18.3333333333333,"Spring","PM","N","Tu","Y","N","Y","N","N","N","N","N","Daylight","Broadside","Lights","Other Motor Vehicle","N","N","N","N"
6096113,"N","Y","Injury (Complaint of Pain)","N",2013,15,"Spring","PM","N","Tu","Y","N","Y","N","N","N","N","Y","Daylight","Broadside","Improper Turning","Other Motor Vehicle","N","N","N","N"
6096724,"N","Y","Injury (Other Visible)","N",2013,15.25,"Spring","PM","N","M","Y","N","Y","N","N","N","N","N","Daylight","Broadside","Pedestrian Violation","Other Motor Vehicle","N","N","N","N"
6096775,"N","Y","Injury (Complaint of Pain)","N",2013,18,"Spring","PM","N","F","N","N","Y","N","N","N","N","N","Daylight","Broadside","Improper Turning","Other Motor Vehicle","N","N","N","N"
6096857,"N","Y","PDO (property damage only)","N",2013,18.5,"Spring","N","N","Sa","N","Y","Y","N","N","N","N","N","Daylight","Hit Object","Wrong Side of Road","Fixed Object","N","N","N","N"
6097248,"N","Y","Injury (Other Visible)","N",2013,23,"Spring","N","Y","Th","N","Y","Y","N","N","N","N","N","Dark - Street Lights","Head-On","Wrong Side of Road","Other Motor Vehicle","N","N","N","N"
6097502,"N","Y","Injury (Complaint of Pain)","N",2013,13.6666666666667,"Spring","N","N","Su","N","N","Y","N","N","N","N","N","Daylight","Broadside","Improper Turning","Other Motor Vehicle","N","N","N","N"
6097520,"N","Y","Injury (Other Visible)","N",2013,7.83333333333333,"Spring","AM","N","W","N","N","Y","N","N","N","N","N","Daylight","Broadside","Pedestrian Right of Way","Other Motor Vehicle","N","N","N","N"
6097585,"N","Y","Injury (Complaint of Pain)","N",2013,18.5,"Spring","PM","N","Th","N","N","Y","N","N","N","N","N","Daylight","Sideswipe","Pedestrian Right of Way","Other Motor Vehicle","N","N","N","N"
6098913,"N","Y","Injury (Other Visible)","N",2013,23.3333333333333,"Spring","N","Y","M","N","N","Y","N","N","N","N","N","Dark - Street Lights","Broadside","Pedestrian Violation","Other Motor Vehicle","N","N","N","N"
6098920,"N","Y","PDO (property damage only)","N",2013,16.5,"Spring","PM","N","M","N","Y","Y","N","N","N","N","N","Daylight","Other","Pedestrian Violation","Bicycle","N","N","N","Y"
6098933,"N","Y","PDO (property damage only)","N",2013,22.6666666666667,"Spring","N","N","Th","Y","N","Y","N","N","N","N","N","Dark - Street Lights","Rear End","Wrong Side of Road","Other Motor Vehicle","N","N","N","N"
6098985,"N","Y","Injury (Complaint of Pain)","N",2013,20.55,"Spring","N","N","Tu","N","Y","Y","N","N","N","N","N","Dark - Street Lights","Hit Object","Unsafe Speed","Fixed Object","Y","N","N","N"
6100164,"N","Y","PDO (property damage only)","N",2013,8.83333333333333,"Spring","AM","N","Tu","Y","N","Y","N","N","N","N","N","Daylight","Broadside","Pedestrian Violation","Other Motor Vehicle","N","N","N","N"
6100268,"N","Y","Injury (Complaint of Pain)","N",2013,15.1666666666667,"Spring","PM","N","Tu","N","N","Y","N","N","N","N","N","Daylight","Broadside","Pedestrian Violation","Other Motor Vehicle","N","N","N","N"
6100284,"N","Y","Injury (Complaint of Pain)","N",2013,13.5,"Spring","N","N","Su","N","Y","Y","N","N","N","N","N","Daylight","Other","Driving or Bicycling Under the Influence of Alcohol or Drug","Non-Collision","N","N","N","N"
6100295,"N","Y","Injury (Other Visible)","N",2013,16.1666666666667,"Spring","PM","N","Tu","N","N","Y","N","N","N","N","N","Daylight","Sideswipe","Automobile Right of Way","Other Motor Vehicle","N","N","N","N"
6100296,"N","Y","Injury (Complaint of Pain)","N",2013,18.5,"Spring","PM","N","Th","Y","N","Y","N","N","N","N","N","Daylight","Broadside","Pedestrian Violation","Other Motor Vehicle","N","N","N","N"
6100307,"N","Y","Injury (Complaint of Pain)","N",2013,19.6666666666667,"Spring","N","N","W","N","N","Y","N","N","N","N","N","Dark - Street Lights","Other","Automobile Right of Way","Other Motor Vehicle","N","N","N","N"
6100310,"N","Y","Injury (Other Visible)","N",2013,10.3333333333333,"Spring","N","N","Su","N","N","Y","N","N","N","N","N","Daylight","Broadside","Pedestrian Right of Way","Other Motor Vehicle","Y","N","N","N"
6100818,"N","Y","PDO (property damage only)","N",2013,14.75,"Spring","N","N","M","Y","N","Y","N","N","N","N","N","Daylight","Broadside","Pedestrian Violation","Other Motor Vehicle","N","N","N","N"
6100926,"N","Y","Injury (Complaint of Pain)","N",2013,10.75,"Winter","N","N","Th","Y","N","Y","N","N","N","N","N","Daylight","Other","Pedestrian Right of Way","Other Motor Vehicle","N","N","N","N"
6101370,"N","Y","PDO (property damage only)","N",2013,13.6666666666667,"Spring","N","N","W","Y","N","Y","N","N","N","N","N","Daylight","Broadside","Lights","Other Motor Vehicle","N","N","N","N"
6101371,"N","Y","Injury (Other Visible)","N",2013,14.6666666666667,"Spring","N","N","Th","N","N","Y","N","N","N","N","N","Daylight","Hit Object","Wrong Side of Road","Fixed Object","N","N","N","N"
6101384,"N","Y","PDO (property damage only)","N",2013,23.8,"Spring","N","Y","F","Y","N","Y","N","N","N","N","N","Dark - Street Lights","Rear End","Wrong Side of Road","Other Motor Vehicle","N","N","N","N"
6101692,"N","Y","PDO (property damage only)","N",2013,23.5166666666667,"Spring","N","Y","F","N","Y","Y","N","N","N","N","N","Dark - No Street Lights","Overturned","Wrong Side of Road","Other Object","N","N","N","N"
6101696,"N","Y","Injury (Other Visible)","N",2013,21.8333333333333,"Spring","N","N","Th","N","Y","Y","N","N","N","N","N","Dark - Street Lights","Rear End","Wrong Side of Road","Other Motor Vehicle","N","N","N","N"
6102169,"N","Y","Injury (Complaint of Pain)","N",2013,17.8333333333333,"Spring","PM","N","M","N","N","Y","N","N","N","N","N","Daylight","Broadside","Pedestrian Violation","Other Motor Vehicle","N","N","N","N"
6102189,"N","Y","PDO (property damage only)","N",2013,17.9166666666667,"Spring","PM","N","F","N","N","Y","N","N","N","N","N","Daylight","Head-On","Driving or Bicycling Under the Influence of Alcohol or Drug","Motor Vehicle on Other Roadway","N","N","N","N"
6102235,"N","Y","Injury (Complaint of Pain)","N",2013,6.58333333333333,"Spring","N","N","Sa","N","N","Y","N","N","N","N","N","Daylight","Broadside","Pedestrian Violation","Other Motor Vehicle","N","N","N","N"
6102297,"N","Y","Injury (Complaint of Pain)","N",2013,11,"Spring","N","N","Sa","N","N","Y","N","N","N","N","N","Daylight","Sideswipe","Automobile Right of Way","Other Motor Vehicle","N","N","N","N"
6102308,"N","Y","Injury (Complaint of Pain)","N",2013,9.78333333333333,"Spring","N","N","Tu","N","Y","N","Y","N","N","N","N","Daylight","Sideswipe","Automobile Right of Way","Other Motor Vehicle","N","N","N","N"
6103311,"N","Y","Injury (Complaint of Pain)","N",2013,5.66666666666667,"Spring","N","N","Th","N","N","Y","N","N","N","N","N","Daylight","Hit Object","Wrong Side of Road","Fixed Object","N","N","N","N"
6103371,"N","Y","PDO (property damage only)","N",2013,8.75,"Spring","AM","N","Tu","N","Y","Y","N","N","N","N","N","Daylight","Rear End","Automobile Right of Way","Other Motor Vehicle","N","N","N","N"
6103412,"N","Y","Injury (Other Visible)","N",2013,19.75,"Spring","N","N","F","N","N","Y","N","N","N","N","N","Dusk or Dawn","Other","Pedestrian Violation","Other Motor Vehicle","N","N","N","N"
6103457,"N","Y","PDO (property damage only)","N",2013,19.4166666666667,"Spring","N","N","Th","Y","N","Y","N","N","N","N","N","Daylight","Head-On","Pedestrian Violation","Other Motor Vehicle","N","N","N","N"
6103468,"N","Y","Injury (Complaint of Pain)","N",2013,12.6666666666667,"Spring","N","N","F","Y","N","Y","N","N","N","N","N","Daylight","Sideswipe","Improper Turning","Other Motor Vehicle","N","N","N","N"
6103470,"N","Y","Injury (Complaint of Pain)","N",2013,16.5833333333333,"Spring","PM","N","Th","N","N","Y","N","N","N","N","N","Daylight","Sideswipe","Automobile Right of Way","Other Motor Vehicle","N","N","N","N"
6103603,"N","Y","Injury (Complaint of Pain)","N",2013,11.6666666666667,"Spring","N","N","Sa","N","N","Y","N","N","N","N","N","Daylight","Broadside","Pedestrian Right of Way","Other Motor Vehicle","N","N","N","N"
6103639,"N","Y","Injury (Complaint of Pain)","N",2013,12.25,"Spring","N","N","Sa","N","Y","Y","N","N","N","N","N","Daylight","Rear End","Improper Passing","Other Motor Vehicle","N","N","N","N"
6103689,"N","Y","Injury (Complaint of Pain)","N",2013,23.3333333333333,"Spring","N","Y","Sa","N","N","Y","N","N","N","N","N",NA,"Broadside","Pedestrian Violation","Other Motor Vehicle","N","N","N","N"
6103757,"N","Y","Injury (Complaint of Pain)","N",2013,11.4166666666667,"Spring","N","N","M","Y","N","Y","N","N","N","N","Y","Daylight","Rear End","Code 20","Other Motor Vehicle","N","N","N","N"
6105223,"N","Y","Injury (Other Visible)","N",2013,17.8333333333333,"Spring","PM","N","Th","Y","N","Y","N","N","N","N","N","Daylight","Broadside","Driving or Bicycling Under the Influence of Alcohol or Drug","Other Motor Vehicle","N","N","N","N"