"CASE_ID","mc_killed","mc_injured","collision_severity","severe","accident_year","hours_since_midnight","season","rush_hour","late_night","day_of_week","intersection","state_hwy_ind","w_clear","w_cloudy","w_rainy","w_other","road_not_dry","road_condition_issue","lighting","type_of_collision","pcf_viol_category","mviw","alcohol_involved","truck_accident","pedestrian_accident","bicycle_accident"
6196510,"N","Y","PDO (property damage only)","N",2013,14.1666666666667,"Summer","N","N","Su","N","N","Y","N","N","N","N","N","Daylight","Broadside","Pedestrian Right of Way","Other Motor Vehicle","N","N","N","N"
6196622,"N","Y","Injury (Complaint of Pain)","N",2013,17.3333333333333,"Summer","PM","N","W","N","N","Y","N","N","N","N","N","Daylight","Rear End","Wrong Side of Road","Other Motor Vehicle","N","N","N","N"
6196829,"N","Y","PDO (property damage only)","N",2013,7.5,"Summer","AM","N","W","N","Y","Y","N","N","N","N","N","Daylight","Sideswipe","Pedestrian Right of Way","Other Motor Vehicle","N","N","N","N"
6196837,"N","Y","Injury (Complaint of Pain)","N",2013,17.4166666666667,"Summer","PM","N","Tu","N","Y","Y","N","N","N","N","N","Daylight","Rear End","Wrong Side of Road","Other Motor Vehicle","N","N","N","N"
6197090,"N","Y","Injury (Complaint of Pain)","N",2013,19.75,"Summer","N","N","W","N","N","Y","N","N","N","N","N","Dusk or Dawn","Rear End","Wrong Side of Road","Other Motor Vehicle","N","N","N","N"
6198655,"N","Y","PDO (property damage only)","N",2013,13.7666666666667,"Summer","N","N","F","N","Y","Y","N","N","N","N","N","Daylight","Hit Object","Pedestrian Right of Way","Fixed Object","N","N","N","N"
6198701,"N","Y","Injury (Complaint of Pain)","N",2013,14.8333333333333,"Summer","N","N","W","N","N","Y","N","N","N","N","N","Daylight","Rear End","Wrong Side of Road","Other Motor Vehicle","N","N","N","N"
6198762,"N","Y","Injury (Complaint of Pain)","N",2013,17.9166666666667,"Summer","N","N","Su","N","N","Y","N","N","N","N","N","Daylight","Sideswipe","Automobile Right of Way","Other Motor Vehicle","N","N","N","N"
6199726,"N","Y","Injury (Other Visible)","N",2013,20.3333333333333,"Summer","N","N","Tu","Y","N","Y","N","N","N","N","N","Dark - Street Lights","Broadside","Lights","Other Motor Vehicle","N","N","N","N"
6199874,"N","Y","Injury (Complaint of Pain)","N",2013,13.3333333333333,"Summer","N","N","M","N","N","Y","N","N","N","N","N","Daylight","Rear End","Automobile Right of Way","Other Motor Vehicle","N","N","N","N"
6200016,"N","Y","Injury (Complaint of Pain)","N",2013,20.8333333333333,"Summer","N","N","Tu","N","N","Y","N","N","N","N","N","Dark - Street Lights","Sideswipe","Automobile Right of Way","Other Motor Vehicle","N","N","N","N"
6200052,"N","Y","Injury (Other Visible)","N",2013,20,"Summer","N","N","W","Y","N","Y","N","N","N","N","N","Dark - Street Lights","Broadside","Pedestrian Violation","Other Motor Vehicle","N","N","N","N"
6200072,"N","Y","Injury (Complaint of Pain)","N",2013,10.6666666666667,"Summer","N","N","M","N","N","Y","N","N","N","N","N","Daylight","Hit Object","Pedestrian Violation","Fixed Object","N","N","N","N"
6200088,"N","Y","Injury (Complaint of Pain)","N",2013,6.75,"Summer","N","N","F","N","Y","Y","N","N","N","N","N","Daylight","Rear End","Wrong Side of Road","Other Motor Vehicle","N","N","N","N"
6200356,"N","Y","PDO (property damage only)","N",2013,8.16666666666667,"Summer","AM","N","W","N","N","Y","N","N","N","N","N","Daylight","Sideswipe","Lights","Motor Vehicle on Other Roadway","N","N","N","N"
6200510,"N","Y","Injury (Complaint of Pain)","N",2013,14.5833333333333,"Summer","N","N","W","Y","N","Y","N","N","N","N","Y","Daylight","Other","Wrong Side of Road","Fixed Object","N","N","N","N"
6200538,"N","Y","PDO (property damage only)","N",2013,20.1666666666667,"Summer","N","N","Th","N","N","Y","N","N","N","N","N","Dark - Street Lights","Sideswipe","Unsafe Speed","Other Motor Vehicle","Y","N","N","N"
6200541,"N","Y","PDO (property damage only)","N",2013,20.8333333333333,"Summer","N","N","Su","Y","N","Y","N","N","N","N","N","Dark - Street Lights","Sideswipe","Pedestrian Violation","Other Motor Vehicle","N","N","N","N"
6200553,"N","Y","Injury (Other Visible)","N",2013,20.4166666666667,"Summer","N","N","Sa","N","N","Y","N","N","N","N","N","Dark - Street Lights","Rear End","Improper Turning","Other Motor Vehicle","Y","N","N","N"
6200822,"N","N","PDO (property damage only)","N",2013,10.25,"Summer","N","N","Su","N","N","Y","N","N","N","N","N","Daylight","Head-On","Wrong Side of Road","Other Motor Vehicle","Y","N","N","N"
6200848,"N","Y","Injury (Complaint of Pain)","N",2013,10.5833333333333,"Summer","N","N","F","N","Y","Y","N","N","N","N","N","Daylight","Overturned","Wrong Side of Road","Non-Collision","N","N","N","N"
6200868,"N","Y","PDO (property damage only)","N",2013,13.4166666666667,"Summer","N","N","M","N","Y","Y","N","N","N","N","N","Daylight","Sideswipe","Pedestrian Right of Way","Other Motor Vehicle","N","N","N","N"
6200880,"N","Y","Injury (Complaint of Pain)","N",2013,11.8333333333333,"Summer","N","N","Sa","N","Y","Y","N","N","N","N","N","Daylight","Hit Object","Pedestrian Right of Way","Fixed Object","N","N","N","N"
6201953,"N","Y","PDO (property damage only)","N",2013,15.0833333333333,"Summer","PM","N","W","N","N","Y","N","N","N","N","N","Daylight","Rear End","Wrong Side of Road","Other Motor Vehicle","N","N","N","N"
6201968,"N","Y","Injury (Complaint of Pain)","N",2013,14.5,"Summer","N","N","Su","N","Y","Y","N","N","N","N","N","Daylight","Hit Object","Wrong Side of Road","Fixed Object","N","N","N","N"
6201976,"N","Y","Injury (Complaint of Pain)","N",2013,8.66666666666667,"Summer","AM","N","F","N","Y","Y","N","N","N","N","N","Daylight","Rear End","Wrong Side of Road","Other Motor Vehicle","N","N","N","N"
6202087,"N","Y","Injury (Complaint of Pain)","N",2013,18.1666666666667,"Summer","PM","N","Th","N","Y","Y","N","N","N","N","N","Daylight","Sideswipe","Automobile Right of Way","Other Motor Vehicle","N","N","N","N"
6202182,"N","Y","Injury (Complaint of Pain)","N",2013,13.75,"Summer","N","N","Th","Y","N","Y","N","N","N","N",NA,"Daylight","Other","Driving or Bicycling Under the Influence of Alcohol or Drug","Non-Collision","N","N","N","N"
6202468,"N","Y","Injury (Complaint of Pain)","N",2013,20.3333333333333,"Summer","N","N","Su","Y","N","Y","N","N","N","N","N","Dark - Street Lights","Broadside","Pedestrian Violation","Other Motor Vehicle","N","N","N","N"
6202501,"N","Y","PDO (property damage only)","N",2013,8.25,"Summer","AM","N","Tu","N","N","Y","N","N","N","N","N","Daylight","Broadside","Automobile Right of Way","Motor Vehicle on Other Roadway","Y","N","N","N"
6202526,"N","Y","Injury (Other Visible)","N",2013,7.75,"Summer","AM","N","W","Y","N","Y","N","N","N","N","N","Daylight","Broadside","Pedestrian Right of Way","Other Motor Vehicle","N","N","N","N"
6203064,"N","Y","Injury (Complaint of Pain)","N",2013,15.0833333333333,"Fall","N","N","Su","N","N","Y","N","N","N","N","N","Daylight","Sideswipe","Automobile Right of Way","Other Motor Vehicle","N","N","N","N"
6203076,"N","N","PDO (property damage only)","N",2013,21.9166666666667,"Summer","N","N","W","N","N","Y","N","N","N","N","N","Dark - Street Lights","Sideswipe","Automobile Right of Way","Other Motor Vehicle","N","N","N","N"
6203286,"N","N","Injury (Complaint of Pain)","N",2013,21.6666666666667,"Summer","N","N","W","N","N","Y","N","N","N","N","N","Dark - Street Lights","Sideswipe","Automobile Right of Way","Parked Motor Vehicle","N","N","N","N"
6203670,"N","Y","Injury (Complaint of Pain)","N",2013,16,"Summer","PM","N","Tu","N","N","Y","N","N","N","N","N","Daylight","Rear End","Wrong Side of Road","Parked Motor Vehicle","N","N","N","N"
6203678,"N","Y","Injury (Complaint of Pain)","N",2013,18.6666666666667,"Summer","PM","N","F","N","N","Y","N","N","N","N","N","Daylight","Broadside","Pedestrian Violation","Other Motor Vehicle","N","N","N","N"
6203696,"N","Y","PDO (property damage only)","N",2013,16.9166666666667,"Summer","PM","N","Tu","N","Y","Y","N","N","N","N","N","Daylight","Sideswipe","Pedestrian Right of Way","Other Motor Vehicle","N","N","N","N"
6205454,"N","Y","Injury (Other Visible)","N",2013,11.9166666666667,"Summer","N","N","Su","Y","N","Y","N","N","N","N","N","Daylight","Broadside","Pedestrian Violation","Other Motor Vehicle","N","N","N","N"
6206227,"N","Y","Injury (Complaint of Pain)","N",2013,13.0833333333333,"Summer","N","N","Th","N","Y","Y","N","N","N","N","N","Daylight","Sideswipe","Automobile Right of Way","Other Motor Vehicle","N","N","N","N"
6206297,"N","Y","PDO (property damage only)","N",2013,1.25,"Summer","N","Y","W","N","Y","Y","N","N","N","N","N","Dark - Street Lights","Overturned","Pedestrian Right of Way","Fixed Object","N","N","N","N"
6206415,"N","Y","Injury (Complaint of Pain)","N",2013,17,"Summer","PM","N","M","N","Y","Y","N","N","N","N","N","Daylight","Overturned","Automobile Right of Way","Other Motor Vehicle","N","N","N","N"
6206427,"N","Y","Injury (Complaint of Pain)","N",2013,21.8833333333333,"Summer","N","N","Tu","N","Y","Y","N","N","N","N","N","Dark - Street Lights","Hit Object","Pedestrian Right of Way","Fixed Object","N","N","N","N"
6206435,"N","Y","PDO (property damage only)","N",2013,19.0333333333333,"Summer","N","N","M","N","Y","N","Y","N","N","N","N","Dusk or Dawn","Overturned","Wrong Side of Road","Fixed Object","N","N","N","N"
6206447,"N","N","PDO (property damage only)","N",2013,8,"Summer","AM","N","W","N","Y","Y","N","N","N","N","Y","Daylight","Sideswipe","Driving or Bicycling Under the Influence of Alcohol or Drug","Other Motor Vehicle","N","N","N","N"
6206455,"N","Y","PDO (property damage only)","N",2013,20.1666666666667,"Summer","N","N","W","N","Y","Y","N","N","N","N","N","Dark - Street Lights","Sideswipe","Pedestrian Right of Way","Other Motor Vehicle","N","N","N","N"
6206458,"N","Y","Injury (Complaint of Pain)","N",2013,15.6666666666667,"Summer","N","N","Sa","N","Y","Y","N","N","N","N","N","Daylight","Sideswipe","Automobile Right of Way","Other Motor Vehicle","N","N","N","N"
6206462,"N","Y","Injury (Complaint of Pain)","N",2013,15.75,"Summer","PM","N","F","N","Y","Y","N","N","N","N","N","Daylight","Hit Object","Pedestrian Right of Way","Fixed Object","N","N","N","N"
6206899,"Y","N","Injury (Severe)","Y",2013,22.4166666666667,"Winter","N","N","W","N","Y","Y","N","N","N","N","N","Dark - Street Lights","Sideswipe","Unsafe Speed","Other Motor Vehicle","Y","N","N","N"
6207022,"N","Y","Injury (Complaint of Pain)","N",2013,12.8333333333333,"Summer","N","N","F","N","Y","Y","N","N","N","N","N","Daylight","Overturned","Wrong Side of Road","Non-Collision","N","N","N","N"
6207051,"N","Y","Injury (Complaint of Pain)","N",2013,18.8333333333333,"Summer","PM","N","F","Y","N","Y","N","N","N","N","N","Daylight",NA,"Pedestrian Right of Way",NA,"N","N","N","N"
6207484,"N","Y","Injury (Complaint of Pain)","N",2013,20.1666666666667,"Summer","N","N","F","N","N","Y","N","N","N","N","N","Dark - Street Lights","Broadside","Pedestrian Violation","Other Motor Vehicle","N","N","N","N"
6207613,"N","Y","Injury (Complaint of Pain)","N",2013,18.25,"Summer","PM","N","Tu","Y","N","Y","N","N","N","N","N","Daylight","Broadside","Improper Turning","Other Object","N","N","N","N"
6208302,"N","Y","PDO (property damage only)","N",2013,12.1666666666667,"Summer","N","N","F","Y","N","Y","N","N","N","N","N","Daylight","Other","Pedestrian Right of Way","Non-Collision","N","Y","N","N"
6209349,"N","Y","PDO (property damage only)","N",2013,9.5,"Fall","N","N","M","N","N","Y","N","N","N","N","N","Daylight","Sideswipe","Improper Turning","Other Motor Vehicle","N","N","N","N"
6209617,"N","Y","Injury (Complaint of Pain)","N",2013,20.5,"Fall","N","N","Tu","Y","N","Y","N","N","N","N","N","Dark - Street Lights","Broadside","Pedestrian Right of Way","Other Motor Vehicle","N","N","N","N"
6209645,"N","Y","Injury (Other Visible)","N",2013,17.6666666666667,"Summer","PM","N","Tu","N","N","Y","N","N","N","N","N","Daylight","Rear End","Wrong Side of Road","Other Motor Vehicle","N","N","N","N"
6209667,"N","Y","Injury (Complaint of Pain)","N",2013,8.08333333333333,"Summer","AM","N","Th","Y","N","Y","N","N","N","N","N","Daylight","Other","Pedestrian Right of Way","Non-Collision","N","N","N","N"
6209679,"N","Y","PDO (property damage only)","N",2013,19.8333333333333,"Summer","N","N","Th","N","N","Y","N","N","N","N","N","Daylight","Rear End","Improper Passing","Other Motor Vehicle","N","N","N","N"
6210654,"N","Y","Injury (Complaint of Pain)","N",2013,8.3,"Summer","AM","N","W","N","Y","Y","N","N","N","N","N","Daylight","Sideswipe","Automobile Right of Way","Other Motor Vehicle","N","N","N","N"
6211119,"N","Y","PDO (property damage only)","N",2013,18,"Fall","N","N","Sa","N","N","Y","N","N","N","N","N","Daylight","Broadside","Unsafe Lane Change","Other Motor Vehicle","N","N","N","N"
6211293,"N","Y","Injury (Complaint of Pain)","N",2013,7.08333333333333,"Summer","AM","N","F","N","N","Y","N","N","N","N","N","Daylight","Broadside","Lights","Other Motor Vehicle","N","N","N","N"
6211301,"N","Y","Injury (Complaint of Pain)","N",2013,10,"Fall","N","N","Su","N","N","Y","N","N","N","N","N","Daylight","Other","Unsafe Lane Change","Other Motor Vehicle","N","N","N","N"
6212366,"N","Y","Injury (Complaint of Pain)","N",2013,11.75,"Summer","N","N","Tu","N","N","Y","N","N","N","N","Y","Daylight","Broadside","Pedestrian Violation","Other Motor Vehicle","N","N","N","N"
6212565,"N","Y","Injury (Complaint of Pain)","N",2013,8.16666666666667,"Summer","AM","N","W","Y","N","Y","N","N","N","N","N","Daylight","Broadside","Pedestrian Violation","Other Object","N","N","N","N"
6212577,"N","Y","PDO (property damage only)","N",2013,11,"Summer","N","N","Su","N","N","Y","N","N","N","N","N","Daylight","Broadside","Unsafe Lane Change","Other Motor Vehicle","N","N","N","N"
6212580,"N","Y","PDO (property damage only)","N",2013,10.75,"Summer","N","N","Sa","Y","N","Y","N","N","N","N","N","Daylight","Broadside","Pedestrian Violation","Other Motor Vehicle","N","N","N","N"
6212585,"N","Y","Injury (Other Visible)","N",2013,9.41666666666667,"Summer","N","N","M","N","N","Y","N","N","N","N","N","Daylight","Vehicle/Pedestrian","Hazardous Parking","Pedestrian","N","N","Y","N"
6212636,"N","Y","Injury (Other Visible)","N",2013,9.91666666666667,"Summer","N","N","Su","Y","N","Y","N","N","N","N","N","Daylight","Broadside","Pedestrian Violation","Other Motor Vehicle","N","N","N","N"
6212797,"N","Y","Injury (Complaint of Pain)","N",2013,20.6666666666667,"Summer","N","N","F","N","N","Y","N","N","N","N","N","Dark - Street Lights","Broadside","Pedestrian Right of Way","Other Motor Vehicle","N","N","N","N"
6213131,"N","Y","PDO (property damage only)","N",2013,15.8333333333333,"Summer","PM","N","Th","N","N","Y","N","N","N","N","Y","Daylight","Broadside","Pedestrian Right of Way","Other Motor Vehicle","N","N","N","N"
6213156,"N","Y","Injury (Complaint of Pain)","N",2013,13.6666666666667,"Summer","N","N","F","N","N","Y","N","N","N","N","N","Daylight","Rear End","Impeding Traffic","Other Motor Vehicle","N","N","N","N"
6213230,"N","Y","PDO (property damage only)","N",2013,6.5,"Summer","N","N","F","Y","N","Y","N","N","N","N","N","Daylight","Broadside","Lights","Other Motor Vehicle","N","N","N","N"
6213273,"N","Y","PDO (property damage only)","N",2013,20.5,"Summer","N","N","Su","N","N","Y","N","N","N","N","N","Dark - Street Lights","Broadside","Pedestrian Right of Way","Other Motor Vehicle","N","N","N","N"
6214757,"N","Y","Injury (Complaint of Pain)","N",2013,16.3333333333333,"Summer","PM","N","M","N","N","Y","N","N","N","N","N","Daylight","Other","Wrong Side of Road","Non-Collision","N","N","N","N"
6215405,"N","Y","Injury (Other Visible)","N",2013,14.9666666666667,"Summer","N","N","F","N","Y","Y","N","N","N","N","N","Daylight","Sideswipe","Wrong Side of Road","Other Motor Vehicle","N","N","N","N"
6215935,"N","Y","Injury (Complaint of Pain)","N",2013,20.1666666666667,"Fall","N","N","Tu","Y","Y","Y","N","N","N","N","N","Dark - Street Lights","Broadside","Driving or Bicycling Under the Influence of Alcohol or Drug","Other Motor Vehicle","N","N","N","N"
6215951,"Y","N","Injury (Severe)","Y",2013,20,"Fall","N","N","Th","N","N","Y","N","N","N","N","N","Dark - Street Lights","Sideswipe","Pedestrian Violation","Other Motor Vehicle","N","N","N","N"
6215960,"N","Y","Injury (Complaint of Pain)","N",2013,16.25,"Summer","PM","N","F","N","N","Y","N","N","N","N","N","Daylight","Sideswipe","Pedestrian Right of Way","Other Motor Vehicle","N","N","N","N"
6215979,"N","Y","Injury (Other Visible)","N",2013,17,"Fall","PM","N","W","Y","N","Y","N","N","N","N","N","Daylight","Head-On","Pedestrian Violation","Other Motor Vehicle","N","N","N","N"
6215992,"N","Y","Injury (Complaint of Pain)","N",2013,9.08333333333333,"Summer","N","N","Th","N","N","Y","N","N","N","N","N","Daylight","Broadside","Pedestrian Right of Way","Other Motor Vehicle","N","N","N","N"
6215994,"N","Y","Injury (Complaint of Pain)","N",2013,19.3333333333333,"Fall","N","N","Tu","N","N","Y","N","N","N","N","N","Daylight","Broadside","Pedestrian Right of Way","Other Motor Vehicle","N","N","N","N"
6216092,"N","Y","Injury (Complaint of Pain)","N",2013,12.5,"Summer","N","N","Su","Y","N","Y","N","N","N","N","N","Daylight","Broadside","Pedestrian Violation","Other Motor Vehicle","N","N","N","N"
6216881,"N","Y","PDO (property damage only)","N",2013,17.8333333333333,"Winter","N","N","Su","N","Y","Y","N","N","N","N","N","Daylight","Sideswipe","Automobile Right of Way","Other Motor Vehicle","N","N","N","N"
6216939,"N","Y","Injury (Complaint of Pain)","N",2013,18.75,"Fall","PM","N","Th","Y","N","Y","N","N","N","N","N","Dark - Street Lights","Broadside","Lights","Other Motor Vehicle","N","N","N","N"
6217276,"N","Y","Injury (Complaint of Pain)","N",2013,18.8333333333333,"Summer","PM","N","W","N","N","Y","N","N","N","N","N","Daylight","Other","Automobile Right of Way","Other Motor Vehicle","N","N","N","N"
6217317,"N","Y","Injury (Complaint of Pain)","N",2013,10.1666666666667,"Summer","N","N","Su","Y","N","Y","N","N","N","N","N","Daylight","Broadside","Pedestrian Violation","Other Motor Vehicle","N","N","N","N"
6217321,"N","Y","Injury (Complaint of Pain)","N",2013,8,"Summer","N","N","Su","N","N","Y","N","N","N","N","N","Daylight","Rear End","Wrong Side of Road","Other Motor Vehicle","N","N","N","N"
6217435,"N","Y","Injury (Other Visible)","N",2013,21.0833333333333,"Summer","N","N","W","N","Y","Y","N","N","N","N","N","Dark - Street Lights","Hit Object","Pedestrian Right of Way","Fixed Object","N","N","N","N"
6217477,"N","Y","Injury (Complaint of Pain)","N",2013,19.25,"Summer","N","N","Sa","Y","N","Y","N","N","N","N","N","Daylight","Sideswipe","Lights","Other Motor Vehicle","N","N","N","N"
6217574,"N","Y","PDO (property damage only)","N",2013,15.9166666666667,"Summer","PM","N","M","Y","Y","Y","N","N","N","N","N","Daylight","Broadside","Pedestrian Violation","Other Motor Vehicle","N","N","N","N"
6217594,"N","Y","PDO (property damage only)","N",2013,23,"Fall","N","Y","W","N","N","Y","N","N","N","N","N","Dark - Street Lights","Sideswipe","Wrong Side of Road","Parked Motor Vehicle","N","N","N","N"
6217658,"N","Y","PDO (property damage only)","N",2013,20.75,"Fall","N","N","Su","Y","N","Y","N","N","N","N","N","Dark - Street Lights","Broadside","Unsafe Starting or Backing","Other Motor Vehicle","N","N","N","N"
6217665,"N","N","PDO (property damage only)","N",2013,19.6666666666667,"Fall","N","N","W","Y","N","Y","N","N","N","N","N","Dark - Street Lights","Rear End","Wrong Side of Road","Other Motor Vehicle","N","N","N","N"
6218106,"N","Y","Injury (Complaint of Pain)","N",2013,20.75,"Summer","N","N","F","Y","N","Y","N","N","N","N","N","Dark - Street Lights","Broadside","Pedestrian Violation","Other Motor Vehicle","N","N","N","N"
6218242,"N","Y","Injury (Other Visible)","N",2013,14.25,"Fall","N","N","F","N","N","Y","N","N","N","N","N","Daylight","Head-On","Wrong Side of Road","Other Motor Vehicle","N","N","N","N"
6218246,"N","Y","PDO (property damage only)","N",2013,20.3333333333333,"Summer","N","N","F","Y","N","Y","N","N","N","N","N","Dark - Street Lights","Broadside","Pedestrian Violation","Other Motor Vehicle","N","N","N","N"
6218256,"N","Y","Injury (Complaint of Pain)","N",2013,11.0833333333333,"Fall","N","N","M","N","N","Y","N","N","N","N","N","Daylight","Broadside","Pedestrian Right of Way","Other Motor Vehicle","Y","N","N","N"
6218259,"N","Y","PDO (property damage only)","N",2013,20.3333333333333,"Summer","N","N","W","N","N","Y","N","N","N","N","N","Dark - Street Lights","Broadside","Pedestrian Violation","Motor Vehicle on Other Roadway","N","N","N","N"
6218263,"N","Y","PDO (property damage only)","N",2013,0.166666666666667,"Fall","N","Y","Su","Y","N","Y","N","N","N","N","N","Dark - Street Lights","Rear End","Improper Passing","Other Motor Vehicle","N","N","N","N"
6218266,"N","Y","Injury (Complaint of Pain)","N",2013,0.0166666666666667,"Fall","N","Y","Sa","N","N","Y","N","N","N","N","N","Dark - Street Lights","Sideswipe","Unsafe Lane Change","Other Motor Vehicle","N","N","N","N"
6218282,"N","Y","PDO (property damage only)","N",2013,8.41666666666667,"Fall","AM","N","F","Y","N","Y","N","N","N","N","N","Daylight","Rear End","Improper Passing","Other Motor Vehicle","N","N","N","N"
6218291,"N","Y","Injury (Complaint of Pain)","N",2013,13.9166666666667,"Fall","N","N","M","Y","N","Y","N","N","N","N","N","Daylight","Broadside","Pedestrian Violation","Other Motor Vehicle","N","N","N","N"
6218301,"N","Y","PDO (property damage only)","N",2013,15.25,"Fall","PM","N","M","Y","N","Y","N","N","N","N","N","Daylight","Other","Pedestrian Violation","Non-Collision","N","N","N","N"
6218302,"N","Y","Injury (Complaint of Pain)","N",2013,10.75,"Fall","N","N","F","N","N","Y","N","N","N","N","N","Daylight","Head-On","Wrong Side of Road","Other Motor Vehicle","N","N","N","N"
6218311,"N","N","PDO (property damage only)","N",2013,13.1666666666667,"Summer","N","N","W","Y","N","Y","N","N","N","N","N","Daylight","Rear End","Wrong Side of Road","Other Motor Vehicle","N","N","N","N"
6218317,"N","Y","PDO (property damage only)","N",2013,15,"Fall","N","N","Sa","Y","N","Y","N","N","N","N","Y","Daylight","Other","Code 20","Non-Collision","N","N","N","N"
6218324,"N","N","Injury (Complaint of Pain)","N",2013,19.1666666666667,"Fall","N","N","M","Y","N","Y","N","N","N","N","N","Dark - Street Lights","Broadside","Pedestrian Right of Way","Other Motor Vehicle","N","N","N","N"
6218383,"N","Y","PDO (property damage only)","N",2013,11.25,"Summer","N","N","Th","N","N","Y","N","N","N","N","N","Daylight","Rear End","Wrong Side of Road","Other Motor Vehicle","N","N","N","N"
6218480,"N","Y","PDO (property damage only)","N",2013,17.75,"Fall","PM","N","F","Y","N","Y","N","N","N","N","N","Daylight","Head-On","Pedestrian Violation","Other Motor Vehicle","N","N","N","N"
6218542,"N","Y","Injury (Complaint of Pain)","N",2013,20.8333333333333,"Summer","N","N","Th","N","N","Y","N","N","N","N","N","Dark - Street Lights","Sideswipe","Driving or Bicycling Under the Influence of Alcohol or Drug","Other Motor Vehicle","N","N","N","N"
6218646,"N","Y","Injury (Complaint of Pain)","N",2013,5.58333333333333,"Fall","N","N","M","N","Y","Y","N","N","N","N","N","Dark - No Street Lights","Hit Object","Impeding Traffic","Fixed Object","N","N","N","N"
6218715,"N","Y","PDO (property damage only)","N",2013,7,"Fall","AM","N","Th","Y","Y","Y","N","N","N","N","N","Daylight","Head-On","Pedestrian Violation","Other Motor Vehicle","N","N","N","N"
6218849,"N","Y","Injury (Other Visible)","N",2013,13.5,"Summer","N","N","Tu","N","N","Y","N","N","N","N","N","Daylight","Sideswipe","Wrong Side of Road","Other Motor Vehicle","N","N","N","N"
6219083,"N","Y","Injury (Complaint of Pain)","N",2013,15.8333333333333,"Summer","N","N","Sa","N","Y","Y","N","N","N","N","N","Daylight","Rear End","Wrong Side of Road","Other Motor Vehicle","N","N","N","N"
6219244,"N","Y","Injury (Complaint of Pain)","N",2013,7.58333333333333,"Summer","AM","N","W","Y","N","Y","N","N","N","N","N","Daylight","Broadside","Pedestrian Violation","Other Motor Vehicle","N","N","N","N"
6219251,"N","Y","PDO (property damage only)","N",2013,8.33333333333333,"Summer","AM","N","W","N","Y","Y","N","N","N","N","N","Daylight","Broadside","Wrong Side of Road","Other Motor Vehicle","N","N","N","N"
6220017,"N","Y","PDO (property damage only)","N",2013,1.16666666666667,"Fall","N","Y","Su","N","N","Y","N","N","N","N","N","Dark - Street Lights","Rear End","Wrong Side of Road","Other Motor Vehicle","N","N","N","N"
6220973,"N","Y","Injury (Other Visible)","N",2013,14.8333333333333,"Fall","N","N","W","Y","N","Y","N","N","N","N","N","Daylight","Head-On","Pedestrian Violation","Other Motor Vehicle","N","N","N","N"
6220974,"N","Y","Injury (Other Visible)","N",2013,7.25,"Fall","AM","N","W","Y","N","Y","N","N","N","N","N","Daylight","Broadside","Pedestrian Violation","Other Motor Vehicle","N","N","N","N"
6220991,"N","Y","Injury (Other Visible)","N",2013,13.8333333333333,"Fall","N","N","Tu","Y","N","Y","N","N","N","N","N","Daylight","Broadside","Impeding Traffic","Other Motor Vehicle","N","N","N","N"
6220992,"N","Y","PDO (property damage only)","N",2013,10.4166666666667,"Fall","N","N","Tu","N","N","Y","N","N","N","N","N","Daylight","Broadside","Pedestrian Violation","Other Motor Vehicle","N","N","N","N"
6221014,"N","Y","Injury (Complaint of Pain)","N",2013,20.3333333333333,"Summer","N","N","F","N","N","Y","N","N","N","N","N","Dark - Street Lights","Rear End","Wrong Side of Road","Other Motor Vehicle","N","N","N","N"
6221025,"N","Y","Injury (Complaint of Pain)","N",2013,7.75,"Summer","AM","N","W","N","N","Y","N","N","N","N","N","Daylight","Other","Wrong Side of Road",NA,"N","N","N","N"
6221108,"N","Y","Injury (Complaint of Pain)","N",2013,13.9166666666667,"Fall","N","N","Su","N","Y","Y","N","N","N","N","N","Daylight","Hit Object","Pedestrian Right of Way","Fixed Object","N","N","N","N"
6221110,"N","Y","Injury (Complaint of Pain)","N",2013,18.7,"Fall","PM","N","F","N","Y","Y","N","N","N","N","N","Daylight","Sideswipe","Automobile Right of Way","Other Motor Vehicle","N","N","N","N"
6223928,"N","Y","PDO (property damage only)","N",2013,19.6666666666667,"Summer","N","N","Th","Y","N","Y","N","N","N","N","N","Dark - Street Lights","Broadside","Pedestrian Violation","Motor Vehicle on Other Roadway","N","N","N","N"
6225768,"N","Y","Injury (Complaint of Pain)","N",2013,19.1666666666667,"Fall","N","N","Tu","Y","N","Y","N","N","N","N","N","Dark - Street Lights","Broadside","Pedestrian Violation","Other Motor Vehicle","N","N","N","N"
6225787,"N","Y","Injury (Other Visible)","N",2013,11.25,"Fall","N","N","M","N","N",NA,NA,NA,NA,"N",NA,NA,NA,"Pedestrian Violation",NA,"N","N","N","N"
6225803,"N","Y","Injury (Complaint of Pain)","N",2013,12,"Fall","N","N","M","Y","N","Y","N","N","N","N","N","Daylight","Broadside","Pedestrian Violation","Other Motor Vehicle","N","N","N","N"
6226701,"N","Y","PDO (property damage only)","N",2013,13.25,"Fall","N","N","Th","Y","N","Y","N","N","N","N","N","Daylight","Broadside","Pedestrian Violation","Other Motor Vehicle","N","N","N","N"
6227178,"N","Y","Injury (Complaint of Pain)","N",2013,7.95,"Fall","AM","N","W","N","Y","Y","N","N","N","N","N","Daylight","Rear End","Wrong Side of Road","Other Motor Vehicle","N","N","N","N"