"CASE_ID","mc_killed","mc_injured","collision_severity","severe","accident_year","hours_since_midnight","season","rush_hour","late_night","day_of_week","intersection","state_hwy_ind","w_clear","w_cloudy","w_rainy","w_other","road_not_dry","road_condition_issue","lighting","type_of_collision","pcf_viol_category","mviw","alcohol_involved","truck_accident","pedestrian_accident","bicycle_accident"
6227238,"N","Y","PDO (property damage only)","N",2013,20.5833333333333,"Fall","N","N","M","N","N","Y","N","N","N","N","N","Dark - Street Lights","Hit Object","Wrong Side of Road","Fixed Object","N","N","N","N"
6227248,"N","Y","PDO (property damage only)","N",2013,16.75,"Fall","PM","N","W","N","N","Y","N","N","N","N","N","Daylight","Sideswipe","Automobile Right of Way","Other Motor Vehicle","N","N","N","N"
6227251,"N","Y","Injury (Complaint of Pain)","N",2013,18.6666666666667,"Fall","PM","N","W","N","N","Y","N","N","N","N","N","Dusk or Dawn","Sideswipe","Driving or Bicycling Under the Influence of Alcohol or Drug","Other Motor Vehicle","N","N","N","N"
6227266,"N","Y","Injury (Complaint of Pain)","N",2013,15.5,"Summer","PM","N","F","N","N","Y","N","N","N","N","N","Daylight","Sideswipe","Automobile Right of Way","Other Motor Vehicle","N","N","N","N"
6227270,"N","Y","Injury (Other Visible)","N",2013,21.1666666666667,"Fall","N","N","Tu","N","N","Y","N","N","N","N","N","Dark - Street Lights","Broadside","Lights","Other Motor Vehicle","N","N","N","N"
6227271,"N","Y","Injury (Complaint of Pain)","N",2013,15.9166666666667,"Summer","N","N","Sa","Y","N","Y","N","N","N","N","N","Daylight","Broadside","Pedestrian Violation","Other Motor Vehicle","N","N","N","N"
6227284,"N","Y","Injury (Complaint of Pain)","N",2013,9.08333333333333,"Fall","N","N","Sa","Y","N","N","Y","N","N","N","N","Daylight","Broadside","Pedestrian Violation","Other Motor Vehicle","N","N","N","N"
6227286,"N","Y","PDO (property damage only)","N",2013,13.8333333333333,"Fall","N","N","M","N","N","Y","N","N","N","N","N","Daylight","Broadside","Pedestrian Right of Way","Other Motor Vehicle","N","N","N","N"
6227305,"N","Y","PDO (property damage only)","N",2013,13.75,"Fall","N","N","Th","Y","N","Y","N","N","N","N","N","Daylight","Broadside","Pedestrian Right of Way","Other Motor Vehicle","N","N","N","N"
6227827,"N","Y","Injury (Complaint of Pain)","N",2013,7,"Fall","AM","N","Th","Y","N","Y","N","N","N","N","N","Daylight","Broadside","Pedestrian Violation","Other Motor Vehicle","N","N","N","N"
6227841,"N","Y","Injury (Complaint of Pain)","N",2013,12.25,"Fall","N","N","Sa","N","Y","Y","N","N","N","N","N","Daylight","Hit Object","Pedestrian Right of Way","Fixed Object","N","N","N","N"
6227889,"N","Y","PDO (property damage only)","N",2013,17.5833333333333,"Fall","PM","N","Th","N","N","Y","N","N","N","N","N","Daylight","Other","Pedestrian Right of Way","Non-Collision","N","N","N","N"
6227897,"N","Y","Injury (Complaint of Pain)","N",2013,17.5,"Fall","PM","N","W","N","N","Y","N","N","N","N","N","Daylight","Other","Code 20","Non-Collision","N","N","N","N"
6227899,"N","Y","Injury (Complaint of Pain)","N",2013,12.5833333333333,"Fall","N","N","Tu","N","N","Y","N","N","N","N","N","Daylight","Rear End","Driving or Bicycling Under the Influence of Alcohol or Drug","Other Motor Vehicle","N","N","N","N"
6227906,"N","Y","Injury (Complaint of Pain)","N",2013,19.5,"Fall","N","N","Tu","N","N","Y","N","N","N","N","N","Dark - Street Lights","Sideswipe","Automobile Right of Way","Other Motor Vehicle","N","N","N","Y"
6228162,"N","Y","PDO (property damage only)","N",2013,0.0166666666666667,"Fall","N","Y","Sa","Y","N","Y","N","N","N","N","N","Dark - Street Lights","Broadside","Lights","Other Motor Vehicle","Y","N","N","N"
6228645,"N","Y","Injury (Complaint of Pain)","N",2013,9.75,"Fall","N","N","Su","N","Y","Y","N","N","N","N","N","Daylight","Hit Object","Pedestrian Right of Way","Fixed Object","N","N","N","N"
6228673,"N","Y","Injury (Complaint of Pain)","N",2013,17.7,"Fall","PM","N","W","N","Y","Y","N","N","N","N","N","Daylight","Hit Object","Wrong Side of Road","Fixed Object","N","N","N","N"
6228681,"N","Y","PDO (property damage only)","N",2013,17.5,"Fall","PM","N","M","N","Y","Y","N","N","N","N","N","Daylight","Sideswipe","Automobile Right of Way","Other Motor Vehicle","N","N","N","N"
6229432,"N","Y","PDO (property damage only)","N",2013,13.4166666666667,"Fall","N","N","Tu","N","Y","Y","N","N","N","N","N","Daylight","Rear End","Wrong Side of Road","Other Motor Vehicle","N","N","N","N"
6229524,"N","Y","Injury (Complaint of Pain)","N",2013,16.5,"Fall","PM","N","Tu","N","N","Y","N","N","N","N","N","Daylight","Other","Wrong Side of Road","Non-Collision","N","N","N","N"
6229579,"N","Y","PDO (property damage only)","N",2013,6.75,"Summer","N","N","Th","Y","N","Y","N","N","N","N","N","Daylight","Broadside","Pedestrian Violation","Other Motor Vehicle","N","N","N","N"
6229919,"N","Y","PDO (property damage only)","N",2013,16,"Fall","PM","N","F","N","N","Y","N","N","N","N","N","Daylight","Broadside","Pedestrian Right of Way","Other Motor Vehicle","N","Y","N","N"
6230378,"N","Y","Injury (Complaint of Pain)","N",2013,8,"Summer","AM","N","F","N","Y","Y","N","N","N","N","N","Daylight","Rear End","Wrong Side of Road","Other Motor Vehicle","N","N","N","N"
6230410,"N","Y","Injury (Complaint of Pain)","N",2013,8.95,"Fall","AM","N","F","N","Y","Y","N","N","N","N","N","Daylight","Overturned","Wrong Side of Road","Non-Collision","N","N","N","N"
6230411,"N","Y","PDO (property damage only)","N",2013,7.75,"Fall","AM","N","F","N","Y","Y","N","N","N","N","N","Daylight","Rear End","Impeding Traffic","Other Motor Vehicle","N","N","N","N"
6230413,"N","Y","PDO (property damage only)","N",2013,9.9,"Fall","N","N","W","N","Y","Y","N","N","N","N","N","Daylight","Rear End","Wrong Side of Road","Other Motor Vehicle","N","N","N","N"
6230792,"N","Y","Injury (Complaint of Pain)","N",2013,18.6833333333333,"Fall","PM","N","W","N","Y","Y","N","N","N","N","N","Daylight","Sideswipe","Wrong Side of Road","Other Motor Vehicle","N","N","N","N"
6230796,"N","Y","PDO (property damage only)","N",2013,7.75,"Fall","AM","N","W","N","Y","Y","N","N","N","N","N","Daylight","Rear End","Wrong Side of Road","Other Motor Vehicle","N","N","N","N"
6230798,"N","Y","Injury (Complaint of Pain)","N",2013,9.75,"Fall","N","N","W","N","N","Y","N","N","N","N","N","Daylight","Other","Wrong Side of Road","Other Object","N","N","N","N"
6230817,"N","Y","Injury (Complaint of Pain)","N",2013,11.8333333333333,"Fall","N","N","M","N","Y","Y","N","N","N","N","N","Daylight","Hit Object","Wrong Side of Road","Fixed Object","N","N","N","N"
6230849,"N","Y","Injury (Complaint of Pain)","N",2013,16.8333333333333,"Fall","PM","N","Th","N","Y","Y","N","N","N","N","N","Daylight","Overturned","Automobile Right of Way","Non-Collision","N","N","N","N"
6232926,"N","Y","Injury (Other Visible)","N",2013,15.4166666666667,"Fall","N","N","Sa","N","N","Y","N","N","N","N","N","Daylight","Broadside","Pedestrian Violation","Other Motor Vehicle","N","N","N","N"
6233844,"N","Y","Injury (Complaint of Pain)","N",2013,22.9666666666667,"Summer","N","N","F","N","Y","Y","N","N","N","Y","Y","Dark - Street Lights","Sideswipe","Automobile Right of Way","Other Motor Vehicle","N","N","N","N"
6234425,"N","Y","Injury (Complaint of Pain)","N",2013,10.4166666666667,"Fall","N","N","Th","N","N","Y","N","N","N","N","N","Daylight","Broadside","Impeding Traffic","Other Motor Vehicle","N","N","N","N"
6234654,"N","Y","PDO (property damage only)","N",2013,7.05,"Fall","AM","N","W","N","Y","Y","N","N","N","N","N","Daylight","Rear End","Wrong Side of Road","Other Motor Vehicle","N","N","N","N"
6234721,"N","Y","Injury (Complaint of Pain)","N",2013,8,"Fall","AM","N","M","Y","N","Y","N","N","N","N","N","Daylight","Broadside","Pedestrian Violation","Other Motor Vehicle","N","N","N","N"
6234889,"N","Y","Injury (Other Visible)","N",2013,7.33333333333333,"Fall","AM","N","M","N","Y","Y","N","N","N","N","N","Daylight","Rear End","Improper Passing","Other Motor Vehicle","N","N","N","N"
6235102,"N","Y","PDO (property damage only)","N",2013,21.0833333333333,"Fall","N","N","F","Y","N","Y","N","N","N","N","N","Dark - Street Lights","Overturned","Code 19","Other Motor Vehicle","N","N","N","N"
6235489,"N","Y","PDO (property damage only)","N",2013,10.6666666666667,"Fall","N","N","F","N","N","Y","N","N","N","N","N","Daylight","Rear End","Pedestrian Right of Way","Other Motor Vehicle","N","N","N","N"
6235524,"N","Y","Injury (Complaint of Pain)","N",2013,9,"Fall","AM","N","Th","Y","N","Y","N","N","N","N","N","Daylight","Broadside","Pedestrian Right of Way","Other Motor Vehicle","N","N","N","N"
6235547,"N","Y","Injury (Complaint of Pain)","N",2013,23.1666666666667,"Summer","N","Y","W","N","N","Y","N","N","N","N","N","Dark - Street Lights","Vehicle/Pedestrian","Wrong Side of Road","Pedestrian","Y","N","Y","N"
6235562,"N","N","PDO (property damage only)","N",2013,8.16666666666667,"Fall","AM","N","M","N","Y","Y","N","N","N","N","N","Daylight","Vehicle/Pedestrian","Traffic Signals and Signs","Pedestrian","N","N","Y","N"
6235580,"N","Y","Injury (Complaint of Pain)","N",2013,18.5833333333333,"Fall","N","N","Su","Y","N","Y","N","N","N","N","N","Dusk or Dawn","Broadside","Lights","Other Motor Vehicle","N","N","N","N"
6236147,"N","Y","Injury (Complaint of Pain)","N",2013,8.75,"Fall","N","N","Su","Y","Y","Y","N","N","N","N","N","Daylight","Broadside","Impeding Traffic","Other Motor Vehicle","N","N","N","N"
6236324,"N","Y","Injury (Other Visible)","N",2013,9.5,"Fall","N","N","Th","N","Y","Y","N","N","N","N","N","Daylight","Rear End","Wrong Side of Road","Other Motor Vehicle","N","N","N","N"
6236336,"N","Y","Injury (Complaint of Pain)","N",2013,0.916666666666667,"Fall","N","Y","F","N","Y","Y","N","N","N","N","N","Dark - Street Lights","Sideswipe","Automobile Right of Way","Other Motor Vehicle","N","N","N","N"
6236368,"N","Y","Injury (Complaint of Pain)","N",2013,13.75,"Fall","N","N","F","N","Y","Y","N","N","N","N","N","Daylight","Hit Object","Wrong Side of Road","Fixed Object","N","N","N","N"
6236372,"N","Y","Injury (Complaint of Pain)","N",2013,19.1666666666667,"Fall","N","N","F","N","Y","Y","N","N","N","N","N","Dark - Street Lights","Rear End","Unsafe Speed","Other Motor Vehicle","Y","N","N","N"
6236394,"N","Y","PDO (property damage only)","N",2013,8.5,"Fall","AM","N","W","N","Y","Y","N","N","N","N","N","Daylight","Sideswipe","Wrong Side of Road","Other Motor Vehicle","N","N","N","N"
6236602,"N","Y","PDO (property damage only)","N",2013,17.5833333333333,"Fall","PM","N","Th","N","Y","Y","N","N","N","N","N","Daylight","Sideswipe","Automobile Right of Way","Other Motor Vehicle","N","N","N","N"
6236971,"N","Y","Injury (Complaint of Pain)","N",2013,16,"Fall","PM","N","M","N","N","Y","N","N","N","N","N","Daylight","Broadside","Pedestrian Right of Way","Other Motor Vehicle","N","N","N","N"
6236996,"N","Y","Injury (Complaint of Pain)","N",2013,17.1666666666667,"Fall","PM","N","Tu","N","N","Y","N","N","N","N","N","Daylight","Sideswipe","Automobile Right of Way","Other Motor Vehicle","N","N","N","N"
6237034,"N","Y","Injury (Other Visible)","N",2013,13.75,"Fall","N","N","Su","N","N","Y","N","N","N","N","N","Daylight","Other","Other Improper Driving","Other Object","N","N","N","N"
6237036,"N","Y","Injury (Complaint of Pain)","N",2013,11.3333333333333,"Fall","N","N","Sa","N","N","Y","N","N","N","N","N","Daylight","Broadside","Driving or Bicycling Under the Influence of Alcohol or Drug","Other Motor Vehicle","N","N","N","N"
6237039,"N","Y","PDO (property damage only)","N",2013,13.5,"Fall","N","N","Th","Y","N","Y","N","N","N","N","N","Daylight","Broadside","Pedestrian Violation","Other Motor Vehicle","N","N","N","N"
6237066,"N","Y","Injury (Complaint of Pain)","N",2013,9.41666666666667,"Fall","N","N","Th","N","Y","Y","N","N","N","N","N","Daylight","Rear End","Wrong Side of Road","Other Motor Vehicle","N","N","N","N"
6237079,"N","Y","PDO (property damage only)","N",2013,18.3333333333333,"Fall","PM","N","Tu","N","N","Y","N","N","N","N","N","Daylight","Sideswipe","Wrong Side of Road","Other Motor Vehicle","N","N","N","N"
6237082,"N","Y","Injury (Complaint of Pain)","N",2013,13.6666666666667,"Fall","N","N","Tu","N","N","Y","N","N","N","N","N","Daylight","Sideswipe","Automobile Right of Way","Other Motor Vehicle","N","N","N","N"
6237091,"N","Y","Injury (Other Visible)","N",2013,18.6666666666667,"Fall","N","N","Su","N","Y","Y","N","N","N","N","Y","Dark - No Street Lights","Hit Object","Pedestrian Right of Way","Fixed Object","N","N","N","N"
6237420,"N","Y","Injury (Complaint of Pain)","N",2013,6.63333333333333,"Summer","N","N","Tu","N","Y","Y","N","N","N","N","N","Daylight","Rear End","Automobile Right of Way","Other Motor Vehicle","N","N","N","N"
6237624,"N","Y","Injury (Other Visible)","N",2013,2.3,"Summer","N","Y","M","N","Y","Y","N","N","N","N","N","Dark - Street Lights","Overturned","Wrong Side of Road","Non-Collision","N","N","N","N"
6237867,"N","Y","Injury (Other Visible)","N",2013,13.75,"Fall","N","N","Tu","Y","N","Y","N","N","N","N","N","Daylight","Broadside","Pedestrian Violation","Other Motor Vehicle","N","N","N","N"
6237880,"N","Y","Injury (Complaint of Pain)","N",2013,15,"Fall","PM","N","F","N","Y","Y","N","N","N","N","N","Daylight","Overturned","Pedestrian Right of Way","Fixed Object","N","N","N","N"
6238083,"N","Y","Injury (Other Visible)","N",2013,22.4166666666667,"Fall","N","N","M","N","N","Y","N","N","N","N","N","Dark - Street Lights",NA,"Pedestrian Right of Way","Other Motor Vehicle","N","N","N","N"
6238778,"N","Y","Injury (Complaint of Pain)","N",2013,6.16666666666667,"Fall","N","N","F","N","Y","Y","N","N","N","N","N","Dark - No Street Lights","Overturned","Wrong Side of Road","Non-Collision","N","N","N","N"
6238793,"N","Y","PDO (property damage only)","N",2013,18.1666666666667,"Fall","N","N","Sa","N","N","Y","N","N","N","N","N","Daylight","Rear End","Wrong Side of Road","Other Motor Vehicle","N","N","N","N"
6238794,"N","Y","Injury (Complaint of Pain)","N",2013,11.75,"Fall","N","N","Sa","N","N","Y","N","N","N","N","N","Daylight","Sideswipe","Driving or Bicycling Under the Influence of Alcohol or Drug","Other Motor Vehicle","N","N","N","N"
6238846,"N","Y","Injury (Complaint of Pain)","N",2013,19.1666666666667,"Fall","N","N","F","N","Y","Y","N","N","N","N","N","Dark - No Street Lights","Sideswipe","Automobile Right of Way","Other Motor Vehicle","N","N","N","N"
6238858,"N","Y","Injury (Complaint of Pain)","N",2013,17.3333333333333,"Fall","PM","N","Tu","N","Y","Y","N","N","N","N","N","Daylight","Rear End","Wrong Side of Road","Other Motor Vehicle","N","N","N","N"
6238866,"N","Y","Injury (Complaint of Pain)","N",2013,16.0833333333333,"Fall","PM","N","Tu","N","Y","Y","N","N","N","N","N","Daylight","Overturned","Automobile Right of Way","Non-Collision","N","N","N","N"
6238878,"N","Y","PDO (property damage only)","N",2013,18.0833333333333,"Summer","N","N","Sa","N","Y","Y","N","N","N","N","N","Daylight","Sideswipe","Wrong Side of Road","Other Motor Vehicle","N","N","N","N"
6239126,"N","Y","Injury (Complaint of Pain)","N",2013,12.9166666666667,"Fall","N","N","W","Y","N","Y","N","N","N","N","N","Daylight","Head-On","Pedestrian Violation","Other Motor Vehicle","N","N","N","N"
6239130,"N","Y","Injury (Complaint of Pain)","N",2013,9.33333333333333,"Fall","N","N","Tu","Y","N","Y","N","N","N","N","N","Daylight","Broadside","Pedestrian Violation","Other Motor Vehicle","N","N","N","N"
6239150,"N","Y","Injury (Complaint of Pain)","N",2013,18.3333333333333,"Fall","PM","N","Tu","Y","N","Y","N","N","N","N","N","Dusk or Dawn","Broadside","Pedestrian Right of Way","Other Motor Vehicle","N","N","N","N"
6239151,"N","Y","Injury (Complaint of Pain)","N",2013,9,"Fall","AM","N","Tu","N","N","Y","N","N","N","N","N","Daylight","Other","Wrong Side of Road","Other Object","N","N","N","N"
6239235,"N","Y","PDO (property damage only)","N",2013,0.416666666666667,"Fall","N","Y","Su","Y","N","Y","N","N","N","N","N","Dark - Street Lights","Broadside","Pedestrian Right of Way","Other Motor Vehicle","Y","N","N","N"
6239663,"N","Y","PDO (property damage only)","N",2013,8.75,"Summer","N","N","Sa","N","Y","Y","N","N","N","N","N","Daylight","Rear End","Miscellaneous","Other Motor Vehicle","N","N","N","N"
6239685,"N","Y","Injury (Complaint of Pain)","N",2013,20.1666666666667,"Summer","N","N","Th","N","N","Y","N","N","N","N","N","Dark - Street Lights","Hit Object","Unsafe Speed","Fixed Object","Y","N","N","N"
6239689,"N","N","Injury (Complaint of Pain)","N",2013,11.3333333333333,"Fall","N","N","M","Y","Y","Y","N","N","N","N","N","Daylight","Broadside","Pedestrian Violation","Bicycle","N","N","N","Y"
6239709,"N","Y","PDO (property damage only)","N",2013,9,"Fall","AM","N","M","Y","N","Y","N","N","N","N","N","Daylight","Broadside","Pedestrian Violation","Other Motor Vehicle","N","N","N","N"
6239710,"N","Y","Injury (Complaint of Pain)","N",2013,21.6666666666667,"Fall","N","N","Tu","Y","N","Y","N","N","N","N","N","Dark - Street Lights","Broadside","Pedestrian Violation","Other Motor Vehicle","N","N","N","N"
6239714,"N","N","PDO (property damage only)","N",2013,12.5833333333333,"Fall","N","N","W","N","N","Y","N","N","N","N","N","Daylight","Broadside","Traffic Signals and Signs","Bicycle","N","N","N","Y"
6239736,"N","Y","Injury (Complaint of Pain)","N",2013,15.25,"Fall","PM","N","Tu","N","N","Y","N","N","N","N","N","Daylight","Sideswipe","Automobile Right of Way","Other Motor Vehicle","N","N","N","N"
6239739,"N","Y","Injury (Complaint of Pain)","N",2013,13.8333333333333,"Fall","N","N","W","Y","N","Y","N","N","N","N","N","Daylight","Broadside","Pedestrian Violation","Other Motor Vehicle","N","N","N","N"
6239744,"N","Y","Injury (Complaint of Pain)","N",2013,22.9166666666667,"Fall","N","N","M","N","N","Y","N","N","N","N","N","Dark - Street Lights","Broadside","Unsafe Starting or Backing","Other Motor Vehicle","N","N","N","N"
6239763,"N","Y","Injury (Other Visible)","N",2013,8.5,"Fall","N","N","Sa","Y","N","Y","N","N","N","N","N","Daylight","Broadside","Pedestrian Violation","Other Motor Vehicle","N","N","N","N"
6239819,"N","Y","Injury (Other Visible)","N",2013,19,"Fall","N","N","Sa","Y","N","Y","N","N","N","N","N","Dark - Street Lights","Broadside","Pedestrian Violation","Other Motor Vehicle","N","N","N","N"
6239823,"N","Y","Injury (Other Visible)","N",2013,12.8333333333333,"Fall","N","N","M","Y","N","Y","N","N","N","N","N","Daylight","Broadside","Pedestrian Violation","Other Motor Vehicle","N","N","N","N"
6239835,"N","Y","PDO (property damage only)","N",2013,17.1666666666667,"Fall","N","N","Su","N","N","Y","N","N","N","N","N","Daylight","Rear End","Improper Passing","Other Motor Vehicle","N","N","N","N"
6239839,"N","Y","Injury (Complaint of Pain)","N",2013,8.38333333333333,"Fall","AM","N","F","Y","N","Y","N","N","N","N","N","Daylight","Sideswipe","Pedestrian Violation","Other Motor Vehicle","N","N","N","N"
6240010,"N","Y","Injury (Complaint of Pain)","N",2013,12.9166666666667,"Winter","N","N","Su","N","Y","Y","N","N","N","N","N","Daylight","Overturned","Pedestrian Right of Way","Non-Collision","N","N","N","N"
6240038,"N","Y","Injury (Other Visible)","N",2013,16.85,"Winter","N","N","Su","N","Y","Y","N","N","N","N","N","Daylight","Rear End","Wrong Side of Road","Other Motor Vehicle","N","N","N","N"
6240073,"N","Y","Injury (Complaint of Pain)","N",2013,20.4166666666667,"Winter","N","N","Sa","N","Y","Y","N","N","N","N","N","Dark - Street Lights","Overturned","Wrong Side of Road","Non-Collision","N","N","N","N"
6240186,"N","Y","PDO (property damage only)","N",2013,10.1166666666667,"Summer","N","N","M","N","N","Y","N","N","N","N","N","Daylight","Hit Object","Wrong Side of Road","Fixed Object","N","N","N","N"
6243087,"N","Y","PDO (property damage only)","N",2013,17.5,"Summer","PM","N","Th","N","Y","Y","N","N","N","N","N","Daylight","Sideswipe","Automobile Right of Way","Other Motor Vehicle","N","N","N","N"
6244304,"N","Y","Injury (Complaint of Pain)","N",2013,8.5,"Fall","AM","N","Tu","N","Y","Y","N","N","N","N","N","Daylight","Sideswipe","Automobile Right of Way","Other Motor Vehicle","N","N","N","N"
6244938,"N","Y","Injury (Complaint of Pain)","N",2013,19.5,"Fall","N","N","W","Y","N","Y","N","N","N","Y","N","Dark - Street Lights","Broadside","Pedestrian Violation","Other Motor Vehicle","Y","N","N","N"
6245162,"N","Y","PDO (property damage only)","N",2013,19,"Fall","PM","N","Th","Y","N","Y","N","N","N","N","N","Dark - Street Lights","Broadside","Pedestrian Violation","Other Motor Vehicle","N","N","N","N"
6245167,"N","Y","Injury (Complaint of Pain)","N",2013,14.5,"Fall","N","N","Su","N","N","Y","N","N","N","N","N","Daylight","Broadside","Pedestrian Violation","Other Motor Vehicle","N","N","N","N"
6245677,"N","Y","Injury (Other Visible)","N",2013,7,"Fall","AM","N","Th","Y","N","Y","N","N","N","N",NA,"Daylight","Broadside","Lights","Other Motor Vehicle","N","N","N","N"
6246022,"N","Y","Injury (Other Visible)","N",2013,16.9166666666667,"Summer","N","N","Sa","Y","Y","Y","N","N","N","N","N","Daylight","Broadside","Pedestrian Violation","Other Object","N","N","N","N"
6246568,"N","Y","PDO (property damage only)","N",2013,7.75,"Fall","AM","N","M","Y","N","N","Y","N","N","N","N","Daylight","Broadside","Pedestrian Violation","Other Motor Vehicle","N","N","N","N"
6246571,"N","Y","PDO (property damage only)","N",2013,18.5,"Fall","PM","N","Th","N","N","Y","N","N","N","N","N","Dusk or Dawn","Rear End","Improper Passing","Other Motor Vehicle","N","N","N","N"
6246608,"N","Y","PDO (property damage only)","N",2013,8.5,"Fall","AM","N","Tu","N","N","Y","N","N","N","N","N","Daylight","Broadside","Pedestrian Right of Way","Other Motor Vehicle","N","N","N","N"
6246636,"N","N","PDO (property damage only)","N",2013,23.25,"Fall","N","Y","Su","Y","N","Y","N","N","N","N","N","Dark - Street Lights","Broadside","Pedestrian Violation","Other Motor Vehicle","N","N","N","N"
6246675,"N","Y","Injury (Complaint of Pain)","N",2013,17.9166666666667,"Fall","PM","N","F","Y","N","Y","N","N","N","N","N","Daylight","Broadside","Pedestrian Violation","Other Object","N","N","N","N"
6246929,"N","Y","Injury (Other Visible)","N",2013,19.3333333333333,"Fall","N","N","Sa","N","Y","Y","N","N","N","N","N","Dark - Street Lights","Sideswipe","Automobile Right of Way","Other Motor Vehicle","N","N","N","N"
6246941,"N","Y","Injury (Complaint of Pain)","N",2013,22.9166666666667,"Fall","N","N","Sa","Y","N","Y","N","N","N","N","N","Dark - Street Lights","Broadside","Pedestrian Violation","Other Motor Vehicle","N","N","N","N"
6247253,"N","Y","Injury (Complaint of Pain)","N",2013,6.83333333333333,"Fall","N","N","F","Y","N","Y","N","N","N","N","N","Daylight","Head-On","Pedestrian Violation","Other Motor Vehicle","N","N","N","N"
6247426,"N","Y","PDO (property damage only)","N",2013,22,"Fall","N","N","Th","Y","N","Y","N","N","N","N","N","Dark - Street Lights","Head-On","Pedestrian Violation","Motor Vehicle on Other Roadway","N","N","N","N"
6247621,"N","Y","PDO (property damage only)","N",2013,14.3333333333333,"Fall","N","N","F","Y","N","Y","N","N","N","N","N","Daylight","Other","Pedestrian Violation","Other Motor Vehicle","N","N","N","N"
6247641,"N","Y","Injury (Complaint of Pain)","N",2013,8.5,"Fall","AM","N","Tu","Y","N","Y","N","N","N","N","N","Daylight","Broadside","Lights","Other Motor Vehicle","N","N","N","N"
6247646,"N","Y","PDO (property damage only)","N",2013,10,"Fall","N","N","Sa","N","N","Y","N","N","N","N","N","Daylight","Sideswipe","Improper Passing","Other Motor Vehicle","N","N","N","N"
6247652,"N","Y","PDO (property damage only)","N",2013,12.4166666666667,"Fall","N","N","Th","N","N","Y","N","N","N","N","N","Daylight","Sideswipe","Pedestrian Right of Way","Other Motor Vehicle","N","N","N","N"
6247654,"N","Y","Injury (Complaint of Pain)","N",2013,6.41666666666667,"Fall","N","N","F","Y","N","Y","N","N","N","N","N","Daylight","Head-On","Lights","Other Motor Vehicle","N","N","N","N"
6247672,"N","Y","Injury (Complaint of Pain)","N",2013,17.25,"Fall","PM","N","Th","Y","N","Y","N","N","N","N","N","Daylight","Other","Wrong Side of Road","Non-Collision","N","N","N","N"
6247693,"N","Y","Injury (Complaint of Pain)","N",2013,19.5,"Fall","N","N","Tu","Y","N","Y","N","N","N","N","N","Dark - Street Lights","Other","Wrong Side of Road","Fixed Object","N","N","N","N"
6247701,"N","Y","Injury (Complaint of Pain)","N",2013,8.75,"Fall","AM","N","M","N","N","Y","N","N","N","N","N","Daylight","Broadside","Pedestrian Violation","Other Motor Vehicle","N","N","N","N"
6247722,"N","Y","Injury (Complaint of Pain)","N",2013,11.5,"Fall","N","N","M","N","N","Y","N","N","N","N","N","Daylight","Broadside","Improper Turning","Other Motor Vehicle","N","N","N","N"
6247779,"N","Y","PDO (property damage only)","N",2013,6,"Fall","N","N","Tu","N","N","Y","N","N","N","N","N","Daylight","Sideswipe","Automobile Right of Way","Other Motor Vehicle","N","N","N","N"
6247810,"N","Y","Injury (Other Visible)","N",2013,7.33333333333333,"Fall","AM","N","W","Y","N","Y","N","N","N","N","N","Daylight","Broadside","Pedestrian Violation","Other Motor Vehicle","N","N","N","N"
6247998,"N","Y","Injury (Other Visible)","N",2013,14.1666666666667,"Fall","N","N","W","N","Y","N","N","Y","N","Y","N","Daylight","Overturned","Wrong Side of Road","Fixed Object","N","N","N","N"
6248138,"N","Y","Injury (Complaint of Pain)","N",2013,15.75,"Fall","PM","N","Tu","N","Y","Y","N","N","N","N","N","Daylight","Sideswipe","Automobile Right of Way","Other Motor Vehicle","N","N","N","N"
6248309,"N","Y","PDO (property damage only)","N",2013,23.5,"Fall","N","Y","W","Y","N","Y","N","N","N","N","N","Dark - Street Lights","Broadside","Lights","Other Motor Vehicle","N","N","N","N"
6248644,"N","Y","PDO (property damage only)","N",2013,15.8333333333333,"Fall","N","N","Sa","N","N","Y","N","N","N","N","N","Daylight","Rear End","Wrong Side of Road","Other Motor Vehicle","N","N","N","N"
6248689,"N","Y","Injury (Complaint of Pain)","N",2013,9.25,"Summer","N","N","M","N","Y","Y","N","N","N","N","N","Daylight","Overturned","Automobile Right of Way","Non-Collision","N","N","N","N"
6248715,"N","Y","Injury (Complaint of Pain)","N",2013,1.33333333333333,"Fall","N","Y","Sa","Y","N","Y","N","N","N","N","N","Dark - Street Lights","Broadside","Pedestrian Violation","Other Motor Vehicle","Y","N","N","N"
6250261,"N","Y","Injury (Complaint of Pain)","N",2013,12.3333333333333,"Fall","N","N","Tu","N","Y","Y","N","N","N","N","N","Daylight","Overturned","Pedestrian Right of Way","Non-Collision","N","N","N","N"
6250273,"N","Y","PDO (property damage only)","N",2013,7.16666666666667,"Fall","AM","N","Tu","N","Y","Y","N","N","N","N","N","Daylight","Sideswipe","Automobile Right of Way","Other Motor Vehicle","N","N","N","N"
6250281,"N","Y","Injury (Complaint of Pain)","N",2013,16.6666666666667,"Fall","PM","N","F","N","Y","Y","N","N","N","N","N","Daylight","Sideswipe","Automobile Right of Way","Other Motor Vehicle","N","N","N","N"
6250285,"N","Y","PDO (property damage only)","N",2013,7.66666666666667,"Fall","AM","N","F","N","Y","Y","N","N","N","N","N","Daylight","Sideswipe","Pedestrian Right of Way","Other Motor Vehicle","N","N","N","N"
6250323,"N","Y","PDO (property damage only)","N",2013,9.83333333333333,"Fall","N","N","Tu","N","Y","Y","N","N","N","N","N","Daylight","Rear End","Automobile Right of Way","Other Motor Vehicle","N","N","N","N"