"CASE_ID","mc_killed","mc_injured","collision_severity","severe","accident_year","hours_since_midnight","season","rush_hour","late_night","day_of_week","intersection","state_hwy_ind","w_clear","w_cloudy","w_rainy","w_other","road_not_dry","road_condition_issue","lighting","type_of_collision","pcf_viol_category","mviw","alcohol_involved","truck_accident","pedestrian_accident","bicycle_accident"
6250342,"N","Y","PDO (property damage only)","N",2013,7.58333333333333,"Fall","AM","N","M","N","Y","Y","N","N","N","N","N","Daylight","Sideswipe","Automobile Right of Way","Other Motor Vehicle","N","N","N","N"
6250382,"N","Y","PDO (property damage only)","N",2013,12.5,"Fall","N","N","W","N","Y","Y","N","N","N","N","N","Daylight","Hit Object","Pedestrian Right of Way","Fixed Object","N","N","N","N"
6250383,"N","Y","PDO (property damage only)","N",2013,8.66666666666667,"Fall","AM","N","Th","N","Y","Y","N","N","N","N","N","Daylight","Sideswipe","Automobile Right of Way","Other Motor Vehicle","N","N","N","N"
6250394,"N","Y","Injury (Complaint of Pain)","N",2013,8.66666666666667,"Fall","AM","N","Tu","N","Y","Y","N","N","N","N","N","Daylight","Rear End","Wrong Side of Road","Other Motor Vehicle","N","N","N","N"
6250399,"N","Y","Injury (Complaint of Pain)","N",2013,13.35,"Fall","N","N","Sa","N","Y","Y","N","N","N","N","N","Daylight","Overturned","Pedestrian Right of Way","Fixed Object","N","N","N","N"
6250432,"N","Y","Injury (Complaint of Pain)","N",2013,8.91666666666667,"Summer","AM","N","Tu","N","Y","Y","N","N","N","N","N","Daylight","Sideswipe","Wrong Side of Road","Other Motor Vehicle","N","N","N","N"
6250652,"N","Y","Injury (Other Visible)","N",2013,7.83333333333333,"Fall","N","N","Sa","Y","N","Y","N","N","N","N","N","Daylight","Sideswipe","Pedestrian Violation","Other Motor Vehicle","N","N","N","N"
6250869,"N","Y","PDO (property damage only)","N",2013,10.4666666666667,"Fall","N","N","Su","Y","N","Y","N","N","N","N","N","Daylight","Head-On","Lights","Other Motor Vehicle","N","N","N","N"
6251132,"N","Y","Injury (Other Visible)","N",2013,1.33333333333333,"Fall","N","Y","Th","Y","N","Y","N","N","N","N","N","Dark - Street Lights","Hit Object","Wrong Side of Road","Fixed Object","N","N","N","N"
6251184,"N","Y","Injury (Complaint of Pain)","N",2013,15,"Fall","PM","N","M","Y","N","Y","N","N","N","N","N","Daylight","Broadside","Pedestrian Violation","Other Motor Vehicle","N","N","N","N"
6252660,"N","Y","Injury (Complaint of Pain)","N",2013,10.4166666666667,"Fall","N","N","W","N","N","Y","N","N","N","N","N","Daylight","Broadside","Pedestrian Violation","Other Motor Vehicle","N","Y","N","N"
6252860,"N","Y","Injury (Complaint of Pain)","N",2013,14.25,"Fall","N","N","F","N","N","Y","N","N","N","N","Y","Daylight","Sideswipe","Wrong Side of Road","Other Motor Vehicle","N","N","N","N"
6253330,"N","Y","Injury (Complaint of Pain)","N",2013,11.5,"Fall","N","N","Tu","N","N","Y","N","N","N","N","N","Daylight","Rear End","Wrong Side of Road","Other Motor Vehicle","N","N","N","N"
6253436,"N","Y","Injury (Complaint of Pain)","N",2013,10.75,"Fall","N","N","Sa","Y","N","Y","N","N","Y","N","N","Daylight","Broadside","Pedestrian Violation","Other Motor Vehicle","N","N","N","N"
6253690,"N","Y","Injury (Other Visible)","N",2013,16.8333333333333,"Fall","PM","N","F","Y","N","Y","N","N","N","N","N","Daylight","Broadside","Lights","Other Motor Vehicle","N","N","N","N"
6254201,"N","Y","Injury (Complaint of Pain)","N",2013,8.16666666666667,"Fall","AM","N","F","N","N","Y","N","N","N","N","N","Daylight","Broadside","Pedestrian Violation","Other Motor Vehicle","N","N","N","N"
6254275,"N","Y","Injury (Complaint of Pain)","N",2013,19.1666666666667,"Fall","N","N","Sa","Y","N","Y","N","N","N","N","Y","Dark - Street Lights","Other","Pedestrian Violation","Non-Collision","N","N","N","N"
6254646,"N","Y","PDO (property damage only)","N",2013,10.75,"Fall","N","N","W","N","Y","Y","N","N","N","N","N","Daylight","Rear End","Wrong Side of Road","Other Motor Vehicle","N","N","N","N"
6254656,"N","Y","Injury (Complaint of Pain)","N",2013,7.83333333333333,"Fall","AM","N","Th","N","Y","Y","N","N","N","N","N","Daylight","Sideswipe","Automobile Right of Way","Other Motor Vehicle","N","N","N","N"
6254681,"N","Y","Injury (Complaint of Pain)","N",2013,7,"Fall","AM","N","W","N","Y","Y","N","N","N","N","N","Daylight","Sideswipe","Automobile Right of Way","Other Motor Vehicle","N","N","N","N"
6254765,"N","Y","Injury (Complaint of Pain)","N",2013,11.25,"Fall","N","N","Sa","N","Y","Y","N","N","N","N","N","Daylight","Overturned","Wrong Side of Road","Fixed Object","N","N","N","N"
6255532,"N","Y","PDO (property damage only)","N",2013,23,"Fall","N","Y","F","N","N","Y","N","N","N","N","N","Dark - Street Lights","Sideswipe","Automobile Right of Way","Other Motor Vehicle","N","N","N","N"
6255559,"N","Y","Injury (Complaint of Pain)","N",2013,12,"Fall","N","N","Sa","N","N","Y","N","N","N","N","N","Daylight","Sideswipe","Automobile Right of Way","Other Motor Vehicle","N","N","N","N"
6255575,"N","Y","Injury (Complaint of Pain)","N",2013,7,"Fall","N","N","Su",NA,"Y","Y","N","N","N","N","N","Daylight","Head-On","Pedestrian Right of Way","Fixed Object","N","N","N","N"
6255810,"N","Y","PDO (property damage only)","N",2013,14.1666666666667,"Fall","N","N","W","Y","N","Y","N","N","N","N","N","Daylight","Broadside","Lights","Other Motor Vehicle","N","N","N","N"
6255846,"N","Y","PDO (property damage only)","N",2013,8.5,"Fall","N","N","Su","Y","Y","Y","N","N","N","N","N","Daylight","Broadside","Lights","Other Motor Vehicle","N","N","N","N"
6255914,"N","Y","PDO (property damage only)","N",2013,15.9166666666667,"Fall","PM","N","W","Y","N","Y","N","N","N","N","N","Daylight","Broadside","Lights","Other Motor Vehicle","N","N","N","N"
6255917,"N","Y","Injury (Complaint of Pain)","N",2013,9.83333333333333,"Fall","N","N","Sa","Y","N","Y","N","N","N","N","N","Daylight",NA,"Pedestrian Violation","Other Motor Vehicle","N","N","N","N"
6255923,"N","Y","Injury (Other Visible)","N",2013,21,"Fall","N","N","Su","N","N","Y","N","N","N","N","N","Dark - Street Lights","Hit Object","Wrong Side of Road","Other Object","N","N","N","N"
6255927,"N","Y","Injury (Other Visible)","N",2013,17.25,"Fall","PM","N","Th","Y","N","Y","N","N","N","N","N","Daylight","Broadside","Pedestrian Violation","Motor Vehicle on Other Roadway","N","N","N","N"
6255955,"N","Y","PDO (property damage only)","N",2013,18.5833333333333,"Fall","PM","N","Tu","N","N","Y","N","N","N","N","N","Daylight","Other","Pedestrian Violation","Fixed Object","N","N","N","N"
6256619,"N","Y","Injury (Complaint of Pain)","N",2013,21.4166666666667,"Fall","N","N","Tu","Y","N","Y","N","N","N","N","N","Dark - Street Lights","Broadside","Lights","Other Motor Vehicle","N","N","N","N"
6257062,"N","Y","Injury (Complaint of Pain)","N",2013,15.9166666666667,"Fall","PM","N","W","Y","N","Y","N","N","N","N","N","Daylight","Sideswipe","Lights","Other Motor Vehicle","N","N","N","N"
6257180,"N","Y","PDO (property damage only)","N",2013,15.25,"Fall","N","N","Sa","N","N","Y","N","N","N","N","N","Daylight","Broadside","Improper Turning","Other Motor Vehicle","Y","N","N","N"
6257206,"N","Y","Injury (Other Visible)","N",2013,9.41666666666667,"Fall","N","N","Su","N","Y","Y","N","N","N","N","N","Daylight","Overturned","Wrong Side of Road","Non-Collision","N","N","N","N"
6257233,"N","N","Injury (Complaint of Pain)","N",2013,17.0833333333333,"Fall","PM","N","W","N","N","Y","N","N","N","N","N","Daylight","Sideswipe","Automobile Right of Way","Other Motor Vehicle","N","N","N","N"
6258923,"N","Y","PDO (property damage only)","N",2013,6.75,"Fall","N","N","F","N","Y","N","Y","N","N","N","N","Dusk or Dawn","Overturned","Wrong Side of Road","Non-Collision","N","N","N","N"
6258992,"N","Y","PDO (property damage only)","N",2013,8.81666666666667,"Fall","AM","N","W","N","Y","Y","N","N","N","N","N","Daylight","Sideswipe","Pedestrian Right of Way","Other Motor Vehicle","N","N","N","N"
6260246,"N","Y","PDO (property damage only)","N",2013,19.1666666666667,"Fall","N","N","Th","Y","N","Y","N","N","N","N","N","Daylight","Broadside","Pedestrian Violation","Other Motor Vehicle","N","N","N","N"
6260258,"N","Y","Injury (Complaint of Pain)","N",2013,17.6666666666667,"Fall","PM","N","M","Y","N","Y","N","N","N","N","N","Dusk or Dawn","Broadside","Pedestrian Violation","Other Motor Vehicle","N","N","N","N"
6260266,"N","Y","Injury (Other Visible)","N",2013,23.0833333333333,"Fall","N","Y","W","N","N","Y","N","N","N","N","N","Dark - Street Lights","Other","Wrong Side of Road","Non-Collision","N","N","N","N"
6260270,"N","Y","Injury (Complaint of Pain)","N",2013,9.66666666666667,"Fall","N","N","Tu","N","N","Y","N","N","N","N","N","Daylight","Other","Code 20","Animal","N","N","N","N"
6260274,"N","Y","Injury (Complaint of Pain)","N",2013,11.4166666666667,"Fall","N","N","Th","Y","N","Y","N","N","N","N","N","Daylight","Broadside","Pedestrian Right of Way","Other Object","N","N","N","N"
6260292,"N","Y","Injury (Other Visible)","N",2013,16,"Summer","N","N","Su","Y","Y","Y","N","N","N","N","N","Daylight","Sideswipe","Driving or Bicycling Under the Influence of Alcohol or Drug","Other Motor Vehicle","N","N","N","N"
6260346,"N","Y","Injury (Complaint of Pain)","N",2013,20.5833333333333,"Fall","N","N","M","Y","N","Y","N","N","N","N","N","Dark - Street Lights","Broadside","Pedestrian Violation","Other Motor Vehicle","N","N","N","N"
6260354,"N","Y","Injury (Complaint of Pain)","N",2013,22.3333333333333,"Fall","N","N","W","N","N","Y","N","N","N","N","N","Dark - Street Lights","Overturned","Wrong Side of Road","Fixed Object","N","N","N","N"
6260361,"N","Y","PDO (property damage only)","N",2013,19.1666666666667,"Fall","N","N","M","N","N","Y","N","N","N","N","N","Dusk or Dawn","Sideswipe","Automobile Right of Way","Other Motor Vehicle","N","N","N","N"
6260394,"N","Y","Injury (Complaint of Pain)","N",2013,20.5833333333333,"Fall","N","N","M","N","N","Y","N","N","N","N","N","Dark - Street Lights","Rear End","Pedestrian Violation","Other Motor Vehicle","N","N","N","N"
6260398,"N","Y","PDO (property damage only)","N",2013,20.5,"Fall","N","N","Tu","N","N","Y","N","N","N","N","N","Dark - Street Lights","Sideswipe","Automobile Right of Way","Other Motor Vehicle","N","N","N","N"
6260465,"N","Y","Injury (Complaint of Pain)","N",2013,2,"Fall","N","Y","Sa","Y","N","Y","N","N","N","N","N","Dark - Street Lights","Broadside","Lights","Other Motor Vehicle","N","N","N","N"
6261539,"N","Y","PDO (property damage only)","N",2013,11.25,"Fall","N","N","F","N","Y","Y","N","N","N","N","N","Daylight","Broadside","Wrong Side of Road","Other Motor Vehicle","N","N","N","N"
6261876,"N","Y","Injury (Complaint of Pain)","N",2013,8.5,"Fall","AM","N","W","Y","N","Y","N","N","N","N","N","Daylight","Other","Pedestrian Violation","Non-Collision","N","N","N","N"
6263615,"N","Y","PDO (property damage only)","N",2013,16.1,"Fall","PM","N","W","N","Y","Y","N","N","N","N","N","Daylight","Sideswipe","Automobile Right of Way","Other Motor Vehicle","N","Y","N","N"
6263616,"N","Y","Injury (Other Visible)","N",2013,9.91666666666667,"Fall","N","N","Th","N","Y","Y","N","N","N","N","N","Daylight","Sideswipe","Pedestrian Right of Way","Other Motor Vehicle","N","Y","N","N"
6263960,"N","Y","Injury (Complaint of Pain)","N",2013,20.6666666666667,"Fall","N","N","Th","N","Y","Y","N","N","N","N","N","Dark - No Street Lights","Overturned","Wrong Side of Road","Non-Collision","N","N","N","N"
6264357,"N","Y","Injury (Other Visible)","N",2013,17.25,"Fall","PM","N","F","N","Y","Y","N","N","N","N","N","Dusk or Dawn","Sideswipe","Improper Turning","Other Motor Vehicle","N","N","N","N"
6264547,"N","Y","Injury (Other Visible)","N",2013,15.4166666666667,"Fall","N","N","Su","N","N","Y","N","N","N","N","N","Daylight","Rear End","Code 19","Other Motor Vehicle","N","N","N","N"
6264548,"N","Y","PDO (property damage only)","N",2013,10.2333333333333,"Fall","N","N","W","N","N","Y","N","N","N","N","N","Daylight","Broadside","Pedestrian Violation","Other Motor Vehicle","N","N","N","N"
6265164,"N","Y","Injury (Other Visible)","N",2013,22.0833333333333,"Fall","N","N","W","N","N","Y","N","N","N","N","N","Dark - Street Lights","Other","Wrong Side of Road","Other Object","Y","N","N","N"
6265201,"N","Y","Injury (Complaint of Pain)","N",2013,16.5,"Fall","PM","N","Tu","N","N","Y","N","N","N","N","N","Daylight","Overturned","Pedestrian Violation","Non-Collision","N","N","N","N"
6265216,"N","Y","Injury (Complaint of Pain)","N",2013,18.75,"Fall","PM","N","M","N","Y","Y","N","N","N","N","N","Dark - Street Lights","Overturned","Wrong Side of Road","Non-Collision","N","N","N","N"
6265234,"N","Y","Injury (Other Visible)","N",2013,13,"Fall","N","N","F","N","Y","Y","N","N","N","N","N","Daylight","Rear End","Wrong Side of Road","Other Motor Vehicle","N","N","N","N"
6265236,"N","Y","PDO (property damage only)","N",2013,6.66666666666667,"Fall","N","N","W","N","Y","N","Y","N","N","N","N","Dark - Street Lights","Overturned","Wrong Side of Road","Non-Collision","N","N","N","N"
6265238,"N","Y","Injury (Complaint of Pain)","N",2013,22.1666666666667,"Fall","N","N","Su","Y","N","Y","N","N","N","N","N","Dark - No Street Lights","Broadside","Lights","Other Motor Vehicle","N","N","N","N"
6265239,"N","Y","PDO (property damage only)","N",2013,17.5,"Fall","N","N","Su","Y","N","Y","N","N","N","N","N","Dark - Street Lights","Other","Improper Turning","Fixed Object","N","N","N","N"
6265251,"N","Y","Injury (Other Visible)","N",2013,11.6666666666667,"Fall","N","N","Su","Y","N","Y","N","N","N","N","N","Daylight","Broadside","Pedestrian Violation","Other Motor Vehicle","N","N","N","N"
6265259,"N","N","Injury (Other Visible)","N",2013,11,"Fall","N","N","Sa","Y","N","N","Y","N","N","N","N","Daylight","Head-On","Pedestrian Violation","Other Motor Vehicle","N","N","N","N"
6265297,"N","Y","Injury (Complaint of Pain)","N",2013,14,"Fall","N","N","M","N","Y","Y","N","N","N","N","N","Daylight","Hit Object","Pedestrian Right of Way","Fixed Object","N","N","N","N"
6265325,"N","Y","PDO (property damage only)","N",2013,14.6666666666667,"Fall","N","N","W","N","Y","Y","N","N","N","N","N","Daylight","Sideswipe","Pedestrian Right of Way","Other Motor Vehicle","N","N","N","N"
6265593,"N","Y","Injury (Complaint of Pain)","N",2013,11.9166666666667,"Fall","N","N","Sa","N","Y","Y","N","N","N","N","N","Daylight","Overturned","Pedestrian Right of Way","Non-Collision","N","N","N","N"
6265594,"N","N","PDO (property damage only)","N",2013,14.8333333333333,"Fall","N","N","Su","N","N","Y","N","N","N","N","N","Daylight","Sideswipe","Automobile Right of Way","Other Motor Vehicle","N","N","N","N"
6266141,"N","Y","Injury (Complaint of Pain)","N",2013,16.6666666666667,"Fall","PM","N","W","Y","N","Y","N","N","N","N","N","Dusk or Dawn","Broadside","Lights","Other Motor Vehicle","N","N","N","N"
6266157,"N","Y","PDO (property damage only)","N",2013,14.9166666666667,"Fall","N","N","F","N","N","Y","N","N","N","N","N","Daylight","Broadside","Pedestrian Violation","Other Motor Vehicle","N","N","N","N"
6267401,"N","Y","PDO (property damage only)","N",2013,16.3333333333333,"Fall","PM","N","W","N","N","Y","N","N","N","N","N","Daylight","Rear End","Wrong Side of Road","Other Motor Vehicle","N","N","N","N"
6271461,"N","Y","Injury (Other Visible)","N",2013,11.5,"Fall","N","N","Th","Y","Y","Y","N","N","N","N","N","Daylight","Head-On","Code 19","Other Motor Vehicle","N","Y","N","N"
6271863,"N","Y","Injury (Complaint of Pain)","N",2013,23,"Fall","N","Y","W","N","Y","Y","N","N","N","N","N","Dark - Street Lights","Rear End","Wrong Side of Road","Other Motor Vehicle","N","N","N","N"
6271865,"N","Y","Injury (Complaint of Pain)","N",2013,17.8833333333333,"Fall","PM","N","W","N","Y","Y","N","N","N","N","N","Dark - No Street Lights","Rear End","Wrong Side of Road","Other Motor Vehicle","N","N","N","N"
6271870,"N","Y","Injury (Complaint of Pain)","N",2013,18.6666666666667,"Fall","PM","N","M","N","Y","Y","N","N","N","N","N","Dark - Street Lights","Sideswipe","Automobile Right of Way","Other Motor Vehicle","N","N","N","N"
6271958,"N","Y","PDO (property damage only)","N",2013,7.33333333333333,"Fall","AM","N","W","Y","N","Y","N","N","N","N","N","Daylight","Broadside","Pedestrian Right of Way","Other Motor Vehicle","N","N","N","N"
6272048,"N","Y","Injury (Complaint of Pain)","N",2013,15.4166666666667,"Fall","PM","N","F","Y","N","Y","N","N","N","N","N","Daylight","Broadside","Wrong Side of Road","Other Motor Vehicle","N","N","N","N"
6274066,"N","Y","Injury (Complaint of Pain)","N",2013,7.91666666666667,"Fall","AM","N","Tu","N","Y","N","Y","N","N","N","N","Daylight","Overturned","Automobile Right of Way","Non-Collision","N","N","N","N"
6276275,"N","Y","PDO (property damage only)","N",2013,13,"Fall","N","N","Tu","Y","N","Y","N","N","N","N","N","Daylight","Broadside","Pedestrian Violation","Other Motor Vehicle","N","N","N","N"
6276563,"N","Y","PDO (property damage only)","N",2013,8.41666666666667,"Fall","AM","N","Tu","Y","N","Y","N","N","N","N","N","Daylight","Broadside","Driving or Bicycling Under the Influence of Alcohol or Drug","Motor Vehicle on Other Roadway","N","N","N","N"
6276646,"N","Y","Injury (Complaint of Pain)","N",2013,7.41666666666667,"Fall","AM","N","M","N","Y","Y","N","N","N","N","N","Daylight","Hit Object","Pedestrian Right of Way","Fixed Object","N","N","N","N"
6277468,"N","Y","Injury (Complaint of Pain)","N",2013,17.0833333333333,"Fall","PM","N","Th","Y","N","N","Y","N","N","N","N","Dusk or Dawn","Broadside","Pedestrian Violation","Other Motor Vehicle","N","N","N","N"
6277479,"N","Y","PDO (property damage only)","N",2013,21.5833333333333,"Fall","N","N","F","N","N","Y","N","N","N","N","N","Dark - Street Lights","Head-On","Unsafe Lane Change","Other Motor Vehicle","N","N","N","N"
6277560,"N","Y","PDO (property damage only)","N",2013,6.83333333333333,"Fall","N","N","F","N","N","Y","N","N","N","N","N","Daylight","Other","Wrong Side of Road","Non-Collision","N","N","N","N"
6277572,"N","Y","Injury (Complaint of Pain)","N",2013,22.5,"Fall","N","N","F","Y","N","Y","N","N","N","N","N","Dark - Street Lights","Broadside","Pedestrian Violation","Other Motor Vehicle","N","N","N","N"
6277699,"N","Y","PDO (property damage only)","N",2013,6,"Fall","N","N","F","Y","N","Y","N","N","N","N","N","Dusk or Dawn","Broadside","Pedestrian Violation","Other Motor Vehicle","N","N","N","N"
6277723,"N","Y","Injury (Other Visible)","N",2013,23.25,"Fall","N","Y","Sa","N","N","Y","N","N","N","N","N","Dark - Street Lights","Broadside","Wrong Side of Road","Other Motor Vehicle","N","N","N","N"
6277727,"N","Y","Injury (Complaint of Pain)","N",2013,17.3333333333333,"Fall","PM","N","W","N","N","Y","N","N","N","N","N","Daylight","Broadside","Pedestrian Violation","Other Motor Vehicle","N","N","N","N"
6277739,"N","Y","Injury (Complaint of Pain)","N",2013,18.75,"Fall","PM","N","W","N","N","Y","N","N","N","N","N","Dusk or Dawn","Sideswipe","Automobile Right of Way","Other Motor Vehicle","N","N","N","N"
6277750,"N","Y","PDO (property damage only)","N",2013,20.3333333333333,"Fall","N","N","Th","N","N","Y","N","N","N","N","N","Dark - Street Lights","Broadside","Pedestrian Violation","Other Motor Vehicle","N","N","N","N"
6278183,"N","Y","Injury (Complaint of Pain)","N",2013,6.83333333333333,"Fall","N","N","Tu","N","N","Y","N","N","N","N","N","Daylight","Sideswipe","Driving or Bicycling Under the Influence of Alcohol or Drug","Other Motor Vehicle","N","N","N","N"
6278191,"N","Y","Injury (Complaint of Pain)","N",2013,7.66666666666667,"Fall","AM","N","Tu","Y","N","Y","N","N","N","N","N","Daylight","Head-On","Pedestrian Violation","Other Motor Vehicle","N","N","N","N"
6278308,"N","Y","PDO (property damage only)","N",2013,11.8333333333333,"Fall","N","N","Sa","N","N","Y","N","N","N","N","N","Daylight","Broadside","Driving or Bicycling Under the Influence of Alcohol or Drug","Other Motor Vehicle","N","N","N","N"
6278859,"N","Y","Injury (Complaint of Pain)","N",2013,12.6166666666667,"Fall","N","N","Tu","N","N","N","Y","N","N","N","N","Dark - Street Lights","Head-On","Unsafe Speed","Fixed Object","Y","N","N","N"
6278866,"N","Y","Injury (Complaint of Pain)","N",2013,8.08333333333333,"Fall","AM","N","Tu","N","N","Y","N","N","N","N","N","Daylight","Rear End","Wrong Side of Road","Other Motor Vehicle","N","N","N","N"
6278870,"N","Y","Injury (Complaint of Pain)","N",2013,15.6666666666667,"Fall","PM","N","Th","Y","N","Y","N","N","N","N","N","Daylight","Vehicle/Pedestrian","Pedestrian Violation","Bicycle","N","N","N","N"
6279214,"N","Y","Injury (Complaint of Pain)","N",2013,14.8333333333333,"Fall","N","N","Sa","N","N","Y","N","N","N","N","N","Daylight","Sideswipe","Unsafe Lane Change","Other Motor Vehicle","N","N","N","N"
6279778,"N","Y","PDO (property damage only)","N",2013,18.5,"Fall","PM","N","W","N","Y","Y","N","N","N","N","N","Dark - No Street Lights","Sideswipe","Wrong Side of Road","Other Motor Vehicle","N","N","N","N"
6280400,"N","Y","PDO (property damage only)","N",2013,15.6666666666667,"Fall","N","N","Sa","N","N","N","Y","N","N","N","N","Daylight","Sideswipe","Automobile Right of Way","Other Motor Vehicle","N","N","N","N"
6281003,"N","Y","Injury (Complaint of Pain)","N",2013,20.8333333333333,"Fall","N","N","Su","N","Y","Y","N","N","N","N","N","Dark - Street Lights","Other","Wrong Side of Road","Non-Collision","N","N","N","N"
6281021,"N","Y","Injury (Complaint of Pain)","N",2013,8.91666666666667,"Fall","AM","N","Tu","N","Y","Y","N","N","N","N","N","Daylight","Sideswipe","Other Improper Driving","Other Motor Vehicle","N","N","N","N"
6281026,"N","Y","Injury (Other Visible)","N",2013,9.75,"Fall","N","N","F","N","Y","Y","N","N","N","N","N","Daylight","Sideswipe","Automobile Right of Way","Other Motor Vehicle","N","N","N","N"
6281365,"N","Y","PDO (property damage only)","N",2013,15,"Fall","N","N","Sa","N","N","Y","N","N","N","N","N","Daylight","Broadside","Pedestrian Violation","Other Motor Vehicle","N","N","N","N"
6281545,"N","Y","PDO (property damage only)","N",2013,7.75,"Fall","AM","N","Th","N","N","N","N","N","Y","N","N","Daylight","Sideswipe","Pedestrian Violation","Other Motor Vehicle","N","N","N","N"
6281551,"N","Y","Injury (Other Visible)","N",2013,14.1666666666667,"Fall","N","N","Th","N","Y","Y","N","N","N","N","N","Daylight","Sideswipe","Improper Turning","Other Motor Vehicle","N","N","N","N"
6281976,"N","Y","Injury (Complaint of Pain)","N",2013,14.5833333333333,"Fall","N","N","M","N","Y","Y","N","N","N","N","N","Daylight","Rear End","Automobile Right of Way","Other Motor Vehicle","N","N","N","N"
6281980,"N","Y","Injury (Complaint of Pain)","N",2013,6.75,"Fall","N","N","F","N","Y","N","Y","N","N","N","N","Daylight","Sideswipe","Automobile Right of Way","Other Motor Vehicle","N","N","N","N"
6282026,"N","Y","Injury (Complaint of Pain)","N",2013,9.58333333333333,"Fall","N","N","Su","N","Y","Y","N","N","N","N","Y","Daylight","Overturned","Wrong Side of Road","Fixed Object","N","N","N","N"
6283643,"N","Y","Injury (Complaint of Pain)","N",2013,18.1666666666667,"Fall","PM","N","Tu","Y","N","Y","N","N","N","N","N","Daylight","Sideswipe","Wrong Side of Road","Other Motor Vehicle","N","N","N","N"
6283647,"N","Y","Injury (Complaint of Pain)","N",2013,11,"Fall","N","N","Sa","Y","N","Y","N","N","N","N","N","Daylight","Broadside","Pedestrian Violation","Other Motor Vehicle","N","N","N","N"
6283688,"N","Y","Injury (Complaint of Pain)","N",2013,19.75,"Fall","N","N","Tu","Y","Y","Y","N","N","N","N","N","Dark - Street Lights","Other","Pedestrian Right of Way","Other Motor Vehicle","N","N","N","N"
6283732,"N","Y","Injury (Complaint of Pain)","N",2013,21.4166666666667,"Fall","N","N","W","N","N","Y","N","N","N","N","N","Dark - Street Lights","Rear End","Improper Passing","Other Motor Vehicle","N","N","N","N"
6283736,"N","Y","Injury (Complaint of Pain)","N",2013,9.5,"Fall","N","N","Th","N","N","Y","N","N","N","N","N","Daylight","Head-On","Wrong Side of Road","Other Motor Vehicle","N","N","N","N"
6283761,"N","Y","Injury (Other Visible)","N",2013,9.66666666666667,"Fall","N","N","Th","N","N","Y","N","N","N","N","N","Daylight","Broadside","Pedestrian Violation","Other Motor Vehicle","N","N","N","N"
6283777,"N","Y","Injury (Other Visible)","N",2013,17.0833333333333,"Fall","PM","N","F","Y","N","Y","N","N","N","N","N","Dark - Street Lights","Broadside","Pedestrian Violation","Other Motor Vehicle","N","N","N","N"
6283793,"N","Y","Injury (Other Visible)","N",2013,15.3333333333333,"Fall","PM","N","Th","N","N","Y","N","N","N","N","N","Daylight","Broadside","Pedestrian Violation","Other Motor Vehicle","N","N","N","N"
6284255,"N","Y","PDO (property damage only)","N",2013,12.1666666666667,"Fall","N","N","Th","N","N","Y","N","N","N","N","N","Daylight","Broadside","Pedestrian Violation","Other Motor Vehicle","N","N","N","N"
6284480,"N","Y","Injury (Complaint of Pain)","N",2013,23,"Fall","N","Y","M","N","N","Y","N","N","N","N","N","Dark - Street Lights","Rear End","Improper Passing","Other Motor Vehicle","N","N","N","N"
6284520,"N","Y","Injury (Complaint of Pain)","N",2013,17.6666666666667,"Fall","PM","N","W","N","N","Y","N","N","N","N","N","Dark - Street Lights","Head-On","Pedestrian Violation","Other Motor Vehicle","N","N","N","N"
6284685,"N","Y","PDO (property damage only)","N",2013,18.5,"Fall","PM","N","Tu","Y","N","Y","N","N","N","N","N","Dark - Street Lights","Broadside","Wrong Side of Road","Other Motor Vehicle","N","N","N","N"
6284726,"N","Y","PDO (property damage only)","N",2013,9.83333333333333,"Fall","N","N","Tu","N","Y","Y","N","N","N","N","N","Daylight","Rear End","Wrong Side of Road","Other Motor Vehicle","N","N","N","N"
6284835,"N","Y","Injury (Complaint of Pain)","N",2013,9.66666666666667,"Fall","N","N","Tu","Y","N","N","Y","N","N","N","N","Daylight","Broadside","Pedestrian Violation","Other Motor Vehicle","N","N","N","N"
6284843,"N","Y","PDO (property damage only)","N",2013,17.0833333333333,"Fall","N","N","Sa","N","N","N","Y","N","N","N","N","Dark - Street Lights","Rear End","Pedestrian Right of Way","Other Motor Vehicle","N","N","N","N"
6284924,"N","Y","Injury (Complaint of Pain)","N",2013,0.25,"Fall","N","Y","M","N","N","Y","N","N","N","N","N","Dark - Street Lights","Sideswipe","Unsafe Speed","Parked Motor Vehicle","Y","N","N","N"
6284956,"N","Y","PDO (property damage only)","N",2013,17.1666666666667,"Fall","PM","N","F","N","N","Y","N","N","N","N","N","Dark - Street Lights","Sideswipe","Automobile Right of Way","Other Motor Vehicle","N","N","N","N"
6284962,"N","Y","Injury (Complaint of Pain)","N",2013,19.5,"Fall","N","N","Sa","Y","N","Y","N","N","N","N","N","Dark - Street Lights","Head-On","Pedestrian Violation","Other Motor Vehicle","N","N","N","N"
6284981,"N","Y","Injury (Complaint of Pain)","N",2013,16,"Fall","PM","N","Th","N","N","Y","N","N","N","N","Y","Daylight","Other","Code 20","Other Object","N","N","N","N"
6284990,"N","Y","PDO (property damage only)","N",2013,16.5833333333333,"Fall","PM","N","Tu","N","N","N","Y","N","N","N","N","Daylight","Broadside","Pedestrian Violation","Other Motor Vehicle","N","N","N","N"
6284994,"N","N","Injury (Complaint of Pain)","N",2013,23.4166666666667,"Fall","N","Y","F","Y","N","Y","N","N","N","N","N","Dark - Street Lights","Broadside","Lights","Other Motor Vehicle","N","N","N","N"
6286111,"N","Y","PDO (property damage only)","N",2013,18.75,"Fall","N","N","Sa","N","Y","Y","N","N","N","N","N","Dark - Street Lights","Sideswipe","Unsafe Speed","Parked Motor Vehicle","Y","N","N","N"