"CASE_ID","mc_killed","mc_injured","collision_severity","severe","accident_year","hours_since_midnight","season","rush_hour","late_night","day_of_week","intersection","state_hwy_ind","w_clear","w_cloudy","w_rainy","w_other","road_not_dry","road_condition_issue","lighting","type_of_collision","pcf_viol_category","mviw","alcohol_involved","truck_accident","pedestrian_accident","bicycle_accident"
6286155,"N","Y","PDO (property damage only)","N",2013,19.75,"Fall","N","N","Th","N","N","Y","N","N","N","N","N","Dark - Street Lights","Sideswipe","Pedestrian Right of Way","Other Motor Vehicle","N","N","N","N"
6286489,"N","Y","PDO (property damage only)","N",2013,18.9166666666667,"Fall","PM","N","W","N","Y","Y","N","N","N","N","N","Dark - Street Lights","Sideswipe","Wrong Side of Road","Other Motor Vehicle","N","N","N","N"
6286493,"N","Y","Injury (Complaint of Pain)","N",2013,15.75,"Fall","PM","N","Th","N","Y","Y","N","N","N","N","N","Daylight","Overturned","Wrong Side of Road","Non-Collision","N","N","N","N"
6286498,"N","Y","Injury (Complaint of Pain)","N",2013,8.9,"Fall","AM","N","W","N","Y","N","Y","N","N","N","N","Daylight","Sideswipe","Automobile Right of Way","Other Motor Vehicle","N","N","N","N"
6286499,"N","Y","Injury (Complaint of Pain)","N",2013,9,"Fall","N","N","Sa","N","Y","Y","N","N","N","N","N","Daylight","Sideswipe","Pedestrian Right of Way","Other Motor Vehicle","N","N","N","N"
6286542,"N","Y","PDO (property damage only)","N",2013,15.1666666666667,"Fall","PM","N","F","N","N","Y","N","N","N","N","N","Daylight","Broadside","Unsafe Lane Change","Motor Vehicle on Other Roadway","N","N","N","N"
6286674,"N","Y","PDO (property damage only)","N",2013,17.5,"Fall","PM","N","F","N","Y","Y","N","N","N","N","N","Dark - No Street Lights","Rear End","Wrong Side of Road","Other Motor Vehicle","N","N","N","N"
6286675,"N","Y","Injury (Other Visible)","N",2013,6.91666666666667,"Fall","N","N","W","N","Y","Y","N","N","N","N","N","Daylight","Sideswipe","Wrong Side of Road","Other Motor Vehicle","N","N","N","N"
6286677,"N","Y","Injury (Complaint of Pain)","N",2013,6.41666666666667,"Fall","N","N","Th","N","Y","Y","N","N","N","N","N","Daylight","Sideswipe","Automobile Right of Way","Other Motor Vehicle","N","N","N","N"
6286707,"N","Y","PDO (property damage only)","N",2013,18.25,"Fall","PM","N","Tu","Y","N","Y","N","N","N","N","N","Dusk or Dawn","Broadside","Pedestrian Violation","Other Motor Vehicle","N","N","N","N"
6286708,"N","N","PDO (property damage only)","N",2013,12.0833333333333,"Fall","N","N","Su","N","N","Y","N","N","N","N","N","Daylight","Sideswipe","Unsafe Lane Change","Other Motor Vehicle","N","N","N","N"
6286715,"N","Y","PDO (property damage only)","N",2013,19.5,"Fall","N","N","F","Y","N","Y","N","N","N","N","N","Dark - Street Lights","Broadside","Pedestrian Violation","Other Motor Vehicle","N","N","N","N"
6287780,"N","Y","PDO (property damage only)","N",2013,16.5833333333333,"Fall","PM","N","M","N","N","Y","N","N","N","N","N","Dark - Street Lights","Rear End","Wrong Side of Road","Other Motor Vehicle","N","N","N","N"
6287783,"N","Y","PDO (property damage only)","N",2013,19.5833333333333,"Fall","N","N","Tu","Y","N","Y","N","N","N","N","N","Dark - Street Lights","Broadside","Pedestrian Violation","Other Motor Vehicle","N","N","N","N"
6287784,"N","Y","Injury (Complaint of Pain)","N",2013,13.5,"Fall","N","N","M","N","N","Y","N","N","N","N","N","Daylight","Sideswipe","Improper Turning","Other Motor Vehicle","N","N","N","N"
6287796,"N","Y","Injury (Complaint of Pain)","N",2013,10,"Fall","N","N","M","Y","N","Y","N","N","N","N","N","Daylight","Head-On","Pedestrian Right of Way","Other Motor Vehicle","N","N","N","N"
6287820,"N","Y","PDO (property damage only)","N",2013,16.8333333333333,"Fall","PM","N","M","N","N","Y","N","N","N","N","N","Daylight","Sideswipe","Automobile Right of Way","Other Motor Vehicle","N","N","N","N"
6290020,"Y","N","Injury (Severe)","Y",2013,21.75,"Fall","N","N","Th","N","Y","Y","N","N","N","N","N","Dark - No Street Lights","Hit Object","Pedestrian Right of Way","Fixed Object","N","N","N","N"
6290071,"Y","N","Injury (Severe)","Y",2013,10.5833333333333,"Fall","N","N","W","N","Y","Y","N","N","N","N","N","Daylight","Hit Object","Pedestrian Right of Way","Fixed Object","N","N","N","N"
6290116,"Y","Y","Injury (Severe)","Y",2013,17.75,"Summer","PM","N","M","N","Y","Y","N","N","N","N","N","Daylight","Rear End","Wrong Side of Road","Other Motor Vehicle","N","N","N","N"
6290220,"Y","N","Injury (Severe)","Y",2013,13.6,"Summer","N","N","F","N","Y","Y","N","N","N","N","N","Daylight","Hit Object","Wrong Side of Road","Fixed Object","N","N","N","N"
6290771,"Y","Y","Injury (Severe)","Y",2013,7.16666666666667,"Winter","AM","N","W","N","Y","Y","N","N","N","N","N","Daylight","Rear End","Wrong Side of Road","Other Motor Vehicle","N","N","N","N"
6293153,"N","N","Injury (Complaint of Pain)","N",2013,18,"Fall","PM","N","M","Y","N","Y","N","N","N","N","N","Dark - Street Lights","Head-On","Pedestrian Violation","Bicycle","N","N","N","Y"
6293165,"N","Y","Injury (Complaint of Pain)","N",2013,19.6666666666667,"Fall","N","N","Sa","Y","N","Y","N","N","N","N","N","Dark - Street Lights","Head-On","Pedestrian Violation","Other Motor Vehicle","N","N","N","N"
6293187,"N","Y","Injury (Complaint of Pain)","N",2013,19.4166666666667,"Fall","N","N","Sa","N","Y","Y","N","N","N","N","N","Dark - Street Lights","Hit Object","Pedestrian Right of Way","Fixed Object","N","N","N","N"
6293189,"N","Y","PDO (property damage only)","N",2013,20,"Fall","N","N","F","N","Y","Y","N","N","N","N","N","Dark - Street Lights","Rear End","Wrong Side of Road","Other Motor Vehicle","N","N","N","N"
6293198,"N","Y","Injury (Other Visible)","N",2013,22.25,"Fall","N","N","Tu","N","N","Y","N","N","N","N","N","Dark - Street Lights","Vehicle/Pedestrian","Hazardous Parking","Pedestrian","N","N","Y","N"
6293409,"N","Y","Injury (Other Visible)","N",2013,16,"Fall","PM","N","Th","N","N","Y","N","N","N","N","N","Daylight","Head-On","Pedestrian Violation","Other Motor Vehicle","N","N","N","N"
6293477,"N","Y","PDO (property damage only)","N",2013,8.75,"Fall","AM","N","M","N","N","Y","N","N","N","N","N","Daylight","Sideswipe","Pedestrian Right of Way","Other Motor Vehicle","N","N","N","N"
6294009,"N","Y","Injury (Complaint of Pain)","N",2013,14.5,"Fall","N","N","Su","N","N","Y","N","N","N","N","N","Daylight","Sideswipe","Wrong Side of Road","Other Motor Vehicle","N","N","N","N"
6296381,"N","N","Injury (Complaint of Pain)","N",2013,23.6666666666667,"Fall","N","Y","Tu","Y","Y","Y","N","N","N","N","N","Dark - Street Lights","Broadside","Pedestrian Violation","Other Object","N","N","N","N"
6297540,"N","Y","PDO (property damage only)","N",2013,18.5,"Fall","N","N","Sa","N","N","Y","N","N","N","N","N","Daylight","Broadside","Driving or Bicycling Under the Influence of Alcohol or Drug","Other Motor Vehicle","N","N","N","N"
6297751,"N","Y","Injury (Complaint of Pain)","N",2013,17.75,"Fall","N","N","Su","N","N","Y","N","N","N","N","N","Dusk or Dawn","Other","Wrong Side of Road","Fixed Object","N","N","N","N"
6297753,"N","N","PDO (property damage only)","N",2013,2.16666666666667,"Fall","N","Y","Th","Y","N","Y","N","N","N","N","N","Dark - Street Lights","Broadside","Unsafe Speed","Other Motor Vehicle","Y","N","N","N"
6299105,"N","Y","Injury (Other Visible)","N",2013,19.75,"Fall","N","N","F","Y","N","Y","N","N","N","N","N","Dark - No Street Lights","Head-On","Pedestrian Violation","Other Motor Vehicle","N","N","N","N"
6299117,"N","Y","Injury (Other Visible)","N",2013,16.25,"Fall","PM","N","F","Y","N","Y","N","N","N","N","N","Daylight","Broadside","Pedestrian Right of Way","Other Motor Vehicle","N","N","N","N"
6299169,"N","N","PDO (property damage only)","N",2013,19,"Fall","PM","N","W","N","N","Y","N","N","N","N","N","Dark - No Street Lights","Broadside","Pedestrian Violation","Other Motor Vehicle","N","N","N","N"
6299249,"N","Y","Injury (Complaint of Pain)","N",2013,9,"Fall","AM","N","W","N","N","Y","N","N","N","N","N","Daylight","Other","Pedestrian Right of Way",NA,"N","N","N","N"
6300561,"N","Y","Injury (Complaint of Pain)","N",2013,13.35,"Fall","N","N","W","N","Y","Y","N","N","N","N","N","Daylight","Hit Object","Pedestrian Right of Way","Fixed Object","N","N","N","N"
6300583,"N","N","Injury (Other Visible)","N",2013,4.45,"Fall","N","Y","Sa","N","N","Y","N","N","N","N","N","Dark - Street Lights","Head-On","Unsafe Speed","Parked Motor Vehicle","Y","N","N","N"
6300591,"N","Y","PDO (property damage only)","N",2013,11.25,"Fall","N","N","Sa","Y","N","Y","N","N","N","N","N","Daylight","Broadside","Pedestrian Violation","Other Motor Vehicle","N","N","N","N"
6300592,"N","Y","PDO (property damage only)","N",2013,14.25,"Fall","N","N","F","N","N","Y","N","N","N","N","N","Daylight","Sideswipe","Pedestrian Right of Way","Other Motor Vehicle","N","N","N","N"
6300594,"N","Y","Injury (Complaint of Pain)","N",2013,17.3333333333333,"Fall","PM","N","Th","Y","N","Y","N","N","N","N","N","Daylight","Other","Improper Turning","Other Motor Vehicle","N","N","N","N"
6300684,"N","Y","Injury (Other Visible)","N",2013,4.16666666666667,"Fall","N","Y","W","N","N","Y","N","N","N","N","N","Dark - Street Lights","Head-On","Unsafe Lane Change","Parked Motor Vehicle","Y","N","N","N"
6301263,"N","Y","PDO (property damage only)","N",2013,19.3333333333333,"Fall","N","N","Sa","Y","N","Y","N","N","N","N","N","Dark - Street Lights","Hit Object","Pedestrian Right of Way","Fixed Object","N","Y","N","N"
6302130,"N","Y","Injury (Complaint of Pain)","N",2013,13.9166666666667,"Fall","N","N","Sa","N","Y","Y","N","N","N","N","N","Daylight","Sideswipe","Automobile Right of Way","Other Motor Vehicle","N","N","N","N"
6302300,"N","Y","Injury (Complaint of Pain)","N",2013,12.0833333333333,"Fall","N","N","W","N","Y","Y","N","N","N","N","N","Daylight","Overturned","Pedestrian Right of Way","Non-Collision","N","N","N","N"
6302419,"N","Y","Injury (Complaint of Pain)","N",2013,7.58333333333333,"Fall","AM","N","F","N","N","Y","N","N","N","N","N","Daylight","Rear End","Wrong Side of Road","Motor Vehicle on Other Roadway","N","N","N","N"
6302782,"N","Y","PDO (property damage only)","N",2013,17.75,"Fall","PM","N","Tu","N","Y","Y","N","N","N","N","N","Dark - Street Lights","Rear End","Wrong Side of Road","Other Motor Vehicle","N","N","N","N"
6303440,"N","Y","PDO (property damage only)","N",2013,17.25,"Fall","PM","N","W","Y","N","Y","N","N","N","N","N","Daylight","Broadside","Pedestrian Violation","Other Motor Vehicle","N","N","N","N"
6303954,"N","Y","PDO (property damage only)","N",2013,9.58333333333333,"Fall","N","N","F","N","Y","Y","N","N","N","N","N","Daylight","Rear End","Automobile Right of Way","Other Motor Vehicle","N","N","N","N"
6303958,"N","Y","PDO (property damage only)","N",2013,5.25,"Fall","N","N","M","N","Y","Y","N","N","N","N","N","Daylight","Sideswipe","Automobile Right of Way","Other Motor Vehicle","N","N","N","N"
6304028,"N","Y","PDO (property damage only)","N",2013,10.25,"Fall","N","N","Su","N","Y","Y","N","N","N","N","N","Daylight","Overturned","Automobile Right of Way","Non-Collision","N","N","N","N"
6304044,"N","Y","Injury (Complaint of Pain)","N",2013,13.75,"Fall","N","N","Th","N","Y","Y","N","N","N","N","N","Daylight","Sideswipe","Automobile Right of Way","Other Motor Vehicle","N","N","N","N"
6304076,"N","Y","Injury (Complaint of Pain)","N",2013,17.25,"Fall","N","N","Su","N","Y","Y","N","N","N","N","N","Dusk or Dawn","Rear End","Wrong Side of Road","Other Motor Vehicle","N","N","N","N"
6304506,"N","Y","Injury (Complaint of Pain)","N",2013,17.75,"Fall","PM","N","Th","N","Y","Y","N","N","N","N","N","Dark - Street Lights","Sideswipe","Automobile Right of Way","Other Motor Vehicle","N","N","N","N"
6305069,"N","Y","Injury (Complaint of Pain)","N",2013,8.41666666666667,"Fall","N","N","Su","N","Y","Y","N","N","N","N","N","Daylight","Overturned","Wrong Side of Road","Non-Collision","N","N","N","N"
6305215,"N","Y","PDO (property damage only)","N",2013,16.25,"Fall","PM","N","M","N","Y","Y","N","N","N","N","N","Daylight","Rear End","Automobile Right of Way","Other Motor Vehicle","N","N","N","N"
6305226,"N","N","PDO (property damage only)","N",2013,18.2,"Fall","PM","N","M","N","Y","Y","N","N","N","N","N","Dark - Street Lights","Rear End","Wrong Side of Road","Other Motor Vehicle","N","N","N","N"
6305237,"N","Y","PDO (property damage only)","N",2013,11.25,"Fall","N","N","Su","N","Y","Y","N","N","N","N","N","Daylight","Rear End","Wrong Side of Road","Other Motor Vehicle","N","N","N","N"
6305288,"N","N","Injury (Complaint of Pain)","N",2013,21.1666666666667,"Fall","N","N","Th","N","N","Y","N","N","N","N","N","Daylight","Rear End","Wrong Side of Road","Bicycle","N","N","N","Y"
6305296,"N","Y","Injury (Complaint of Pain)","N",2013,17.1666666666667,"Fall","PM","N","Th","N","N","Y","N","N","N","N","N","Dark - Street Lights","Sideswipe","Automobile Right of Way","Other Motor Vehicle","N","N","N","N"
6305298,"N","Y","Injury (Complaint of Pain)","N",2013,15.4166666666667,"Fall","PM","N","Th","N","N","Y","N","N","N","N","N","Daylight","Sideswipe","Automobile Right of Way","Other Motor Vehicle","N","N","N","N"
6305300,"N","Y","Injury (Complaint of Pain)","N",2013,21.0833333333333,"Fall","N","N","Th","Y","N","Y","N","N","N","N","N","Dark - Street Lights","Rear End","Wrong Side of Road","Other Motor Vehicle","N","N","N","N"
6305320,"N","Y","PDO (property damage only)","N",2013,16.0833333333333,"Fall","PM","N","Tu","N","N","N","Y","N","N","N","N","Daylight","Broadside","Pedestrian Right of Way","Other Motor Vehicle","N","N","N","N"
6305328,"N","Y","PDO (property damage only)","N",2013,17.75,"Fall","PM","N","Tu","N","N","Y","N","N","N","N","N","Dark - Street Lights","Sideswipe","Automobile Right of Way","Other Motor Vehicle","N","N","N","N"
6305333,"N","Y","Injury (Complaint of Pain)","N",2013,10.1666666666667,"Fall","N","N","Sa","N","N","Y","N","N","N","N","N","Daylight","Other","Automobile Right of Way","Non-Collision","N","N","N","N"
6305340,"N","Y","Injury (Complaint of Pain)","N",2013,15,"Fall","PM","N","M","Y","N","Y","N","N","N","N","N","Daylight","Sideswipe","Automobile Right of Way","Other Motor Vehicle","N","N","N","N"
6305343,"N","Y","PDO (property damage only)","N",2013,17.8333333333333,"Fall","N","N","Su","N","N","Y","N","N","N","N","N","Dark - Street Lights","Sideswipe","Automobile Right of Way","Other Motor Vehicle","N","N","N","N"
6305345,"N","Y","PDO (property damage only)","N",2013,7.58333333333333,"Fall","AM","N","F","Y","Y","N","Y","N","N","N","N","Daylight","Sideswipe","Impeding Traffic","Other Motor Vehicle","N","N","N","N"
6305765,"N","Y","Injury (Other Visible)","N",2013,17,"Fall","N","N","Sa","Y","N","Y","N","N","N","N","N","Dark - Street Lights","Head-On","Pedestrian Violation","Other Motor Vehicle","N","N","N","N"
6306311,"N","N","Injury (Complaint of Pain)","N",2013,8.75,"Fall","AM","N","Tu","N","N","Y","N","N","N","N","N","Daylight","Vehicle/Pedestrian","Traffic Signals and Signs","Pedestrian","N","N","Y","N"
6306522,"N","Y","PDO (property damage only)","N",2013,14.1666666666667,"Winter","N","N","M","Y","N","Y","N","N","N","N","N","Daylight","Broadside","Pedestrian Violation","Other Motor Vehicle","N","N","N","N"
6307517,"N","Y","PDO (property damage only)","N",2013,1.33333333333333,"Winter","N","Y","F","N","Y","Y","N","N","N","N","N","Dark - No Street Lights","Hit Object","Pedestrian Right of Way","Fixed Object","N","N","N","N"
6308083,"N","Y","Injury (Complaint of Pain)","N",2013,15.25,"Fall","N","N","Sa","N","N","Y","N","N","N","N","N","Daylight","Sideswipe","Automobile Right of Way","Other Motor Vehicle","N","N","N","N"
6308195,"N","Y","Injury (Complaint of Pain)","N",2013,7.83333333333333,"Winter","AM","N","W","N","Y","N","Y","N","N","N","N","Daylight","Sideswipe","Automobile Right of Way","Other Motor Vehicle","N","N","N","N"
6308238,"N","Y","Injury (Other Visible)","N",2013,23.0833333333333,"Fall","N","Y","Th","N","Y","Y","N","N","N","N","N","Dark - No Street Lights","Hit Object","Wrong Side of Road","Fixed Object","N","N","N","N"
6309066,"N","Y","Injury (Complaint of Pain)","N",2013,17.3333333333333,"Fall","N","N","Sa","N","N","N","Y","N","N","N","N","Dark - Street Lights","Broadside","Driving or Bicycling Under the Influence of Alcohol or Drug","Other Motor Vehicle","N","N","N","N"
6309185,"N","Y","Injury (Complaint of Pain)","N",2013,22.0833333333333,"Fall","N","N","W","N","N","Y","N","N","N","N","N","Dark - Street Lights","Sideswipe","Improper Passing","Other Motor Vehicle","N","N","N","N"
6309343,"N","Y","Injury (Complaint of Pain)","N",2013,11.5833333333333,"Winter","N","N","Su","Y","N","Y","N","N","N","N","N","Daylight","Broadside","Pedestrian Violation","Other Motor Vehicle","N","N","N","N"
6309878,"N","Y","PDO (property damage only)","N",2013,17.9666666666667,"Fall","PM","N","Tu","N","Y","Y","N","N","N","N","N","Dark - No Street Lights","Rear End","Wrong Side of Road","Other Motor Vehicle","N","N","N","N"
6309889,"N","Y","PDO (property damage only)","N",2013,8.83333333333333,"Fall","AM","N","Tu","N","Y","N","Y","N","N","N","N","Daylight","Rear End","Driving or Bicycling Under the Influence of Alcohol or Drug","Other Motor Vehicle","N","N","N","N"
6310199,"N","Y","PDO (property damage only)","N",2013,19.8333333333333,"Fall","N","N","Sa","Y","N","Y","N","N","N","N","N","Dark - Street Lights","Broadside","Lights","Other Motor Vehicle","N","N","N","N"
6310203,"N","N","Injury (Complaint of Pain)","N",2013,19.3333333333333,"Fall","N","N","F","Y","N","Y","N","N","N","N","N","Dark - Street Lights","Broadside","Pedestrian Violation","Other Motor Vehicle","N","N","N","N"
6310643,"N","Y","Injury (Other Visible)","N",2013,15.5833333333333,"Fall","PM","N","M","Y","N","Y","N","N","N","N","N","Daylight","Head-On","Pedestrian Violation","Other Motor Vehicle","N","N","N","N"
6310651,"N","Y","PDO (property damage only)","N",2013,16.75,"Fall","PM","N","W","N","N","Y","N","N","N","N","N","Daylight","Other","Impeding Traffic","Non-Collision","N","N","N","N"
6310694,"N","Y","Injury (Complaint of Pain)","N",2013,14.6666666666667,"Fall","N","N","Sa","Y","N","Y","N","N","N","N","N","Daylight","Broadside","Impeding Traffic","Other Motor Vehicle","N","N","N","N"
6310714,"N","Y","Injury (Complaint of Pain)","N",2013,15.8333333333333,"Fall","PM","N","F","N","N","Y","N","N","N","N","N","Daylight","Rear End","Improper Passing","Other Motor Vehicle","N","N","N","N"
6310718,"N","Y","Injury (Complaint of Pain)","N",2013,18.8333333333333,"Fall","PM","N","Tu","N","N","Y","N","N","N","N","N","Dark - Street Lights","Sideswipe","Impeding Traffic","Other Motor Vehicle","N","N","N","N"
6311597,"N","Y","Injury (Complaint of Pain)","N",2013,9.08333333333333,"Fall","N","N","F","N","Y","Y","N","N","N","N","N","Daylight","Other","Wrong Side of Road","Other Object","N","N","N","N"
6312060,"N","Y","Injury (Complaint of Pain)","N",2013,14.1666666666667,"Fall","N","N","Sa","Y","N","Y","N","N","N","N","N","Daylight","Sideswipe","Wrong Side of Road","Other Motor Vehicle","N","N","N","N"
6312064,"N","Y","Injury (Other Visible)","N",2013,21.0833333333333,"Winter","N","N","W","N","N","Y","N","N","N","N","N","Dark - Street Lights","Other","Pedestrian Violation","Other Motor Vehicle","N","N","N","N"
6312075,"N","Y","Injury (Complaint of Pain)","N",2013,9.75,"Fall","N","N","Tu","N","N","Y","N","N","N","N","N","Daylight","Sideswipe","Improper Turning","Other Motor Vehicle","N","N","N","N"
6312099,"N","Y","PDO (property damage only)","N",2013,15.4166666666667,"Fall","PM","N","F","N","N","Y","N","N","N","N","N","Daylight","Rear End","Improper Passing","Other Motor Vehicle","N","N","N","N"
6312111,"N","Y","Injury (Complaint of Pain)","N",2013,17.75,"Winter","PM","N","Tu","N","N","Y","N","N","N","N","N","Dark - Street Lights","Broadside","Automobile Right of Way","Other Motor Vehicle","N","N","N","N"
6312115,"N","Y","Injury (Complaint of Pain)","N",2013,16.5,"Fall","PM","N","M","N","N","Y","N","N","N","N","N","Daylight","Broadside","Pedestrian Violation","Other Motor Vehicle","N","N","N","N"
6312646,"N","Y","Injury (Complaint of Pain)","N",2013,17,"Fall","N","N","Sa","Y","N","Y","N","N","N","Y","Y","Daylight","Other","Code 20","Other Object","N","N","N","N"
6312732,"N","Y","PDO (property damage only)","N",2013,5,"Fall","N","Y","W","N","N","Y","N","N","N","N","N","Dark - Street Lights","Sideswipe","Unsafe Starting or Backing","Other Motor Vehicle","N","N","N","N"
6312828,"N","Y","Injury (Other Visible)","N",2013,11.25,"Fall","N","N","Su","N","N",NA,NA,NA,NA,"N",NA,NA,NA,"Pedestrian Violation",NA,"N","N","N","N"
6312949,"N","Y","Injury (Other Visible)","N",2013,12.5833333333333,"Fall","N","N","Su","N","Y","Y","N","N","N","N","N","Daylight","Overturned","Wrong Side of Road","Non-Collision","N","N","N","N"
6313222,"N","Y","Injury (Complaint of Pain)","N",2013,15.6666666666667,"Fall","PM","N","W","N","Y","Y","N","N","N","N","N","Daylight","Head-On","Unsafe Lane Change","Other Motor Vehicle","N","N","N","N"
6314534,"N","Y","Injury (Complaint of Pain)","N",2013,6.83333333333333,"Fall","N","N","M","N","N","Y","N","N","N","N","N","Daylight","Broadside","Pedestrian Violation","Other Motor Vehicle","N","N","N","N"
6314558,"N","N","PDO (property damage only)","N",2013,18.5,"Fall","PM","N","F","N","N","Y","N","N","N","N","N","Dark - Street Lights",NA,"Wrong Side of Road","Parked Motor Vehicle","Y","N","N","N"
6314643,"N","N","PDO (property damage only)","N",2013,18.7666666666667,"Winter","PM","N","Tu","N","Y","Y","N","N","N","N","N","Daylight","Sideswipe","Impeding Traffic","Other Motor Vehicle","N","N","N","N"
6314868,"N","Y","Injury (Complaint of Pain)","N",2013,15.25,"Fall","N","N","Sa","N","N","Y","N","N","N","N","N","Daylight","Head-On","Pedestrian Violation","Other Motor Vehicle","N","N","N","N"
6314955,"N","Y","PDO (property damage only)","N",2013,16.75,"Fall","N","N","Su","N","Y","Y","N","N","N","N","N","Daylight","Rear End","Improper Passing","Other Motor Vehicle","N","N","N","N"
6315020,"N","Y","Injury (Other Visible)","N",2013,16.6666666666667,"Fall","N","N","Su","Y","N","Y","N","N","N","N","N","Dusk or Dawn","Broadside","Pedestrian Violation","Other Motor Vehicle","N","N","N","N"
6315023,"N","Y","PDO (property damage only)","N",2013,15,"Fall","PM","N","F","Y","N","N","Y","N","N","N","N","Daylight","Sideswipe","Improper Passing","Other Motor Vehicle","N","N","N","N"
6315876,"N","Y","Injury (Complaint of Pain)","N",2013,11.9666666666667,"Fall","N","N","Su","N","Y","Y","N","N","N","N","N","Daylight","Overturned","Wrong Side of Road","Non-Collision","N","N","N","N"
6315900,"N","Y","PDO (property damage only)","N",2013,17.9166666666667,"Fall","PM","N","F","N","Y","Y","N","N","N","N","N","Dusk or Dawn","Hit Object","Wrong Side of Road","Fixed Object","N","N","N","N"
6316118,"N","Y","PDO (property damage only)","N",2013,12.5,"Winter","N","N","Su","N","Y","Y","N","N","N","N","N","Daylight","Rear End","Wrong Side of Road","Other Motor Vehicle","N","N","N","N"
6316138,"N","Y","PDO (property damage only)","N",2013,18.3333333333333,"Winter","PM","N","W","N","Y","Y","N","N","N","N","N","Dark - Street Lights","Rear End","Wrong Side of Road","Other Motor Vehicle","N","N","N","N"
6316146,"N","Y","Injury (Complaint of Pain)","N",2013,17.3333333333333,"Winter","PM","N","W","N","Y","Y","N","N","N","N","N","Dark - Street Lights","Sideswipe","Automobile Right of Way","Other Motor Vehicle","N","N","N","N"
6318249,"N","Y","Injury (Complaint of Pain)","N",2013,12.5,"Winter","N","N","M","N","N","Y","N","N","N","N","N","Daylight","Broadside","Pedestrian Violation","Other Motor Vehicle","N","N","N","N"
6318345,"N","N","PDO (property damage only)","N",2013,21,"Winter","N","N","Sa","Y","N","Y","N","N","N","N","N","Dark - Street Lights","Broadside","Lights","Other Motor Vehicle","N","N","N","N"
6318397,"N","Y","Injury (Complaint of Pain)","N",2013,6.75,"Winter","N","N","W","Y","N","Y","N","N","N","N","N","Daylight","Broadside","Pedestrian Right of Way","Other Motor Vehicle","N","N","N","N"
6318700,"N","Y","Injury (Other Visible)","N",2013,18.4166666666667,"Winter","N","N","Su","Y","N","Y","N","N","N","N","N","Dark - Street Lights","Head-On","Pedestrian Violation","Other Motor Vehicle","N","N","N","N"
6318826,"N","Y","Injury (Complaint of Pain)","N",2013,13.4166666666667,"Winter","N","N","Su","N","N","Y","N","N","N","N","N","Daylight","Broadside","Pedestrian Right of Way","Other Motor Vehicle","N","N","N","N"
6318833,"N","Y","PDO (property damage only)","N",2013,22.25,"Winter","N","N","F","Y","N","Y","N","N","N","N","N","Dark - Street Lights","Broadside","Pedestrian Right of Way","Other Motor Vehicle","N","N","N","N"
6318867,"N","Y","PDO (property damage only)","N",2013,21.4166666666667,"Winter","N","N","F","N","N","Y","N","N","N","N","N","Dark - Street Lights","Sideswipe","Pedestrian Right of Way","Other Motor Vehicle","N","N","N","N"
6319324,"N","Y","Injury (Complaint of Pain)","N",2013,20.25,"Fall","N","N","Th","N","N","Y","N","N","N","N","N","Dark - Street Lights","Sideswipe","Automobile Right of Way","Other Motor Vehicle","N","N","N","N"
6319352,"N","Y","Injury (Complaint of Pain)","N",2013,0.75,"Fall","N","Y","F","Y","N","Y","N","N","N","N","N","Dark - Street Lights","Head-On","Pedestrian Violation","Other Motor Vehicle","N","N","N","N"
6319385,"N","Y","PDO (property damage only)","N",2013,9.66666666666667,"Fall","N","N","W","N","N","Y","N","N","N","N","N","Daylight","Rear End","Improper Passing","Other Motor Vehicle","N","N","N","N"
6319389,"N","Y","Injury (Complaint of Pain)","N",2013,17.3333333333333,"Winter","PM","N","M","Y","N","Y","N","N","N","N","N","Dark - Street Lights","Broadside","Pedestrian Violation","Other Motor Vehicle","N","N","N","N"
6319704,"N","N","PDO (property damage only)","N",2013,14.75,"Winter","N","N","Tu","N","Y","Y","N","N","N","N","N","Daylight","Rear End","Wrong Side of Road","Other Motor Vehicle","N","N","N","N"
6319881,"N","Y","PDO (property damage only)","N",2013,20.8333333333333,"Fall","N","N","Th","N","N","Y","N","N","N","N","N","Dark - Street Lights","Broadside","Pedestrian Violation","Other Motor Vehicle","N","N","N","N"
6319942,"N","Y","Injury (Complaint of Pain)","N",2013,16,"Fall","N","N","Su","Y","N","Y","N","N","N","N","N","Daylight","Rear End","Unsafe Lane Change","Other Motor Vehicle","N","N","N","N"
6320086,"N","Y","PDO (property damage only)","N",2013,17.5,"Winter","PM","N","M","N","N","Y","N","N","N","N","N","Dark - Street Lights","Broadside","Pedestrian Violation","Other Motor Vehicle","N","N","N","N"
6320135,"N","Y","Injury (Complaint of Pain)","N",2013,13.5,"Winter","N","N","F","N","N","Y","N","N","N","N","N","Daylight","Broadside","Pedestrian Violation","Other Motor Vehicle","N","N","N","N"
6320140,"N","Y","PDO (property damage only)","N",2013,17,"Winter","PM","N","F","N","N","Y","N","N","N","N","N","Dark - Street Lights","Sideswipe","Impeding Traffic","Other Motor Vehicle","N","N","N","N"
6320152,"N","Y","Injury (Complaint of Pain)","N",2013,17,"Winter","N","N","Sa","N","N","Y","N","N","N","N","N","Dusk or Dawn","Hit Object","Wrong Side of Road","Fixed Object","N","N","N","N"
6320163,"N","Y","Injury (Other Visible)","N",2013,11.8333333333333,"Winter","N","N","W","N","N","Y","N","N","N","N","N","Daylight","Other","Automobile Right of Way","Other Motor Vehicle","N","N","N","N"