"CASE_ID","mc_killed","mc_injured","collision_severity","severe","accident_year","hours_since_midnight","season","rush_hour","late_night","day_of_week","intersection","state_hwy_ind","w_clear","w_cloudy","w_rainy","w_other","road_not_dry","road_condition_issue","lighting","type_of_collision","pcf_viol_category","mviw","alcohol_involved","truck_accident","pedestrian_accident","bicycle_accident"
6320225,"N","Y","Injury (Other Visible)","N",2013,17.4166666666667,"Winter","PM","N","M","Y","N","Y","N","N","N","N","N","Dark - Street Lights","Broadside","Pedestrian Violation","Other Motor Vehicle","N","N","N","N"
6322223,"N","Y","PDO (property damage only)","N",2013,16.5833333333333,"Winter","PM","N","F","Y","N","Y","N","N","N","N","N","Daylight","Broadside","Pedestrian Violation","Other Motor Vehicle","N","N","N","N"
6322591,"N","Y","Injury (Complaint of Pain)","N",2013,7.66666666666667,"Fall","AM","N","Th","N","Y","Y","N","N","N","N","N","Daylight","Sideswipe","Automobile Right of Way","Other Motor Vehicle","N","N","N","N"
6322645,"N","Y","Injury (Other Visible)","N",2013,19.25,"Winter","N","N","Th","Y","N","Y","N","N","N","N","N","Dark - Street Lights","Broadside","Pedestrian Violation","Other Motor Vehicle","N","N","N","N"
6322664,"N","Y","Injury (Other Visible)","N",2013,14.0833333333333,"Winter","N","N","Su","Y","N","Y","N","N","N","N","N","Daylight","Broadside","Lights","Other Motor Vehicle","N","N","N","N"
6323543,"N","Y","Injury (Complaint of Pain)","N",2013,19.0333333333333,"Fall","N","N","Tu","N","N","Y","N","N","N","N","N","Dark - No Street Lights","Sideswipe","Pedestrian Right of Way","Other Motor Vehicle","N","N","N","N"
6323579,"N","Y","Injury (Other Visible)","N",2013,17.9166666666667,"Fall","PM","N","M","Y","N","Y","N","N","Y","N","Y","Dark - Street Lights","Other","Wrong Side of Road","Non-Collision","N","N","N","N"
6324138,"N","Y","PDO (property damage only)","N",2013,17.5833333333333,"Winter","PM","N","F","N","Y","Y","N","N","N","N","N","Dusk or Dawn","Sideswipe","Pedestrian Right of Way","Other Motor Vehicle","N","N","N","N"
6324143,"N","Y","PDO (property damage only)","N",2013,17.6666666666667,"Winter","N","N","Sa","N","Y","Y","N","N","N","N","N","Dark - No Street Lights","Rear End","Pedestrian Right of Way","Other Motor Vehicle","N","N","N","N"
6324308,"N","Y","Injury (Other Visible)","N",2013,17.25,"Fall","PM","N","M","N","N","Y","N","N","N","N","N","Daylight","Broadside","Pedestrian Violation","Other Motor Vehicle","N","N","N","N"
6325206,"N","N","PDO (property damage only)","N",2013,11.75,"Fall","N","N","Tu","N","N","Y","N","N","N","N","N","Daylight","Broadside","Pedestrian Right of Way","Bicycle","N","N","N","N"
6325242,"N","Y","Injury (Other Visible)","N",2013,20.5,"Winter","N","N","W","N","N","Y","N","N","N","N","N","Dark - Street Lights","Head-On","Pedestrian Violation","Other Motor Vehicle","N","N","N","N"
6325250,"N","Y","PDO (property damage only)","N",2013,10.6666666666667,"Fall","N","N","W","N","N","Y","N","N","N","N","N","Daylight","Broadside","Unsafe Lane Change","Other Motor Vehicle","N","N","N","N"
6325257,"N","Y","Injury (Complaint of Pain)","N",2013,8.83333333333333,"Winter","AM","N","Th","N","N","Y","N","N","N","N","N","Daylight","Head-On","Pedestrian Violation","Other Motor Vehicle","N","N","N","N"
6325274,"N","Y","Injury (Complaint of Pain)","N",2013,17,"Winter","PM","N","M","Y","Y","Y","N","N","N","N","N","Dark - Street Lights","Head-On","Pedestrian Violation","Other Motor Vehicle","N","N","N","N"
6325451,"N","Y","PDO (property damage only)","N",2013,20.3333333333333,"Fall","N","N","W","Y","N","Y","N","N","N","N","N","Dark - Street Lights","Broadside","Pedestrian Violation","Other Motor Vehicle","N","N","N","N"
6325463,"N","Y","Injury (Complaint of Pain)","N",2013,6.91666666666667,"Fall","N","N","Th","Y","Y","Y","N","N","N","N","N","Daylight","Rear End","Improper Passing","Other Motor Vehicle","N","N","N","N"
6325504,"N","Y","Injury (Complaint of Pain)","N",2013,19.5,"Fall","N","N","Tu","N","N","Y","N","N","N","N","N","Dark - Street Lights","Broadside","Lights","Other Motor Vehicle","N","N","N","N"
6325561,"N","Y","Injury (Complaint of Pain)","N",2013,23.8333333333333,"Fall","N","Y","Sa","N","N","Y","N","N","N","N","N","Dark - Street Lights","Rear End","Wrong Side of Road","Other Motor Vehicle","N","N","N","N"
6326632,"N","Y","PDO (property damage only)","N",2013,8.5,"Fall","AM","N","Th","N","N","N","Y","N","N","Y","N","Daylight","Broadside","Code 19","Other Motor Vehicle","N","N","N","N"
6326639,"N","Y","Injury (Complaint of Pain)","N",2013,16.1666666666667,"Fall","PM","N","Tu","N","Y","Y","N","N","N","N","N","Daylight","Sideswipe","Improper Turning","Other Motor Vehicle","N","N","N","N"
6326924,"N","N","Injury (Complaint of Pain)","N",2013,9.66666666666667,"Winter","N","N","F","N","N","Y","N","N","N","N","N","Daylight","Broadside","Pedestrian Right of Way","Motor Vehicle on Other Roadway","N","N","N","N"
6327033,"N","Y","Injury (Complaint of Pain)","N",2013,13.25,"Fall","N","N","Tu","Y","N","Y","N","N","N","N","N","Daylight","Broadside","Pedestrian Violation","Other Motor Vehicle","N","N","N","N"
6327535,"N","Y","Injury (Complaint of Pain)","N",2013,12.8333333333333,"Fall","N","N","M","N","N","Y","N","N","N","N","N","Daylight","Sideswipe","Pedestrian Violation","Other Motor Vehicle","N","N","N","N"
6328948,"N","Y","Injury (Complaint of Pain)","N",2013,14.75,"Fall","N","N","F","N","N","Y","N","N","N","N","N","Daylight","Other","Code 20","Other Object","N","N","N","N"
6328954,"N","Y","Injury (Complaint of Pain)","N",2013,14.6666666666667,"Winter","N","N","Su","N","N","Y","N","N","N","N","N","Daylight","Hit Object","Wrong Side of Road","Fixed Object","N","N","N","N"
6330394,"N","Y","Injury (Complaint of Pain)","N",2013,22.8333333333333,"Fall","N","N","W","N","Y","Y","N","N","N","N","N","Dark - Street Lights","Overturned","Pedestrian Right of Way","Non-Collision","N","N","N","N"
6332250,"N","Y","Injury (Complaint of Pain)","N",2013,14.25,"Fall","N","N","F","N","Y","Y","N","N","N","N","Y","Daylight","Sideswipe","Improper Turning","Other Motor Vehicle","N","N","N","N"
6332307,"N","Y","Injury (Complaint of Pain)","N",2013,20.6666666666667,"Fall","N","N","Th","N","N","Y","N","N","N","N","N","Dark - Street Lights","Other","Driving or Bicycling Under the Influence of Alcohol or Drug","Non-Collision","N","N","N","N"
6332368,"N","Y","Injury (Complaint of Pain)","N",2013,17.25,"Fall","PM","N","F","N","Y","Y","N","N","N","N","N","Dusk or Dawn","Vehicle/Pedestrian","Impeding Traffic","Pedestrian","N","N","Y","N"
6332370,"N","Y","Injury (Complaint of Pain)","N",2013,9.9,"Fall","N","N","Su","N","Y","Y","N","N","N","N","N","Daylight","Sideswipe","Impeding Traffic","Other Motor Vehicle","Y","N","N","N"
6333210,"N","Y","Injury (Other Visible)","N",2013,15.8333333333333,"Winter","PM","N","M","Y","N","Y","N","N","N","N","N","Daylight","Broadside","Lights","Other Motor Vehicle","N","N","N","N"
6333273,"N","Y","PDO (property damage only)","N",2013,16.5,"Winter","PM","N","Tu","Y","N","Y","N","N","N","N","N","Daylight","Other","Code 20","Other Object","N","N","N","N"
6333549,"N","N","PDO (property damage only)","N",2013,5.75,"Winter","N","N","M","Y","N","Y","N","N","N","N","N","Dusk or Dawn","Sideswipe","Driving or Bicycling Under the Influence of Alcohol or Drug","Other Motor Vehicle","N","N","N","N"
6333860,"N","Y","Injury (Complaint of Pain)","N",2013,18.25,"Spring","PM","N","M","N","Y","Y","N","N","N","N","N","Daylight","Sideswipe","Pedestrian Right of Way","Other Motor Vehicle","N","N","N","N"
6333864,"N","Y","PDO (property damage only)","N",2013,10.0833333333333,"Spring","N","N","Th","N","Y","Y","N","N","N","N","N","Daylight","Sideswipe","Wrong Side of Road","Other Motor Vehicle","N","N","N","N"
6333865,"N","Y","Injury (Other Visible)","N",2013,22.6666666666667,"Winter","N","N","Tu","N","N","Y","N","N","N","N","N","Dark - Street Lights","Sideswipe","Wrong Side of Road","Other Motor Vehicle","N","N","N","N"
6333872,"N","Y","Injury (Complaint of Pain)","N",2013,16.5,"Spring","PM","N","W","N","Y","Y","N","N","N","N","N","Daylight","Overturned","Automobile Right of Way","Fixed Object","N","N","N","N"
6333879,"N","Y","Injury (Complaint of Pain)","N",2013,14.6666666666667,"Spring","N","N","M","N","Y","Y","N","N","N","N","N","Daylight","Sideswipe","Automobile Right of Way","Other Motor Vehicle","N","N","N","N"
6333900,"N","Y","Injury (Complaint of Pain)","N",2013,3.83333333333333,"Spring","N","Y","Sa","N","Y","Y","N","N","N","N","N","Dark - Street Lights","Sideswipe","Pedestrian Right of Way","Other Motor Vehicle","N","N","N","N"
6333903,"N","Y","Injury (Other Visible)","N",2013,12.0833333333333,"Spring","N","N","Sa","N","Y","N","Y","N","N","N","N","Daylight","Rear End","Wrong Side of Road","Other Motor Vehicle","N","N","N","N"
6333912,"N","Y","Injury (Complaint of Pain)","N",2013,16.75,"Spring","PM","N","W","N","Y","Y","N","N","N","N","N","Daylight","Sideswipe","Pedestrian Right of Way","Other Motor Vehicle","N","N","N","N"
6333917,"N","Y","Injury (Other Visible)","N",2013,14.6666666666667,"Winter","N","N","Sa","Y","N","Y","N","N","N","N","N","Daylight","Rear End","Wrong Side of Road","Other Motor Vehicle","N","N","N","N"
6333953,"N","Y","PDO (property damage only)","N",2013,19.75,"Spring","N","N","F","N","Y","Y","N","N","N","N","N","Daylight","Hit Object","Pedestrian Right of Way","Fixed Object","N","N","N","N"
6335559,"N","Y","Injury (Complaint of Pain)","N",2013,16.8333333333333,"Winter","N","N","Sa","N","Y","Y","N","N","N","N","N","Dusk or Dawn","Overturned","Automobile Right of Way","Non-Collision","N","N","N","N"
6335594,"N","Y","Injury (Complaint of Pain)","N",2013,16,"Winter","N","N","Su","N","Y","Y","N","N","N","N","N","Daylight","Sideswipe","Automobile Right of Way","Other Motor Vehicle","N","N","N","N"
6336886,"N","Y","Injury (Complaint of Pain)","N",2013,6.85,"Spring","N","N","Tu","N","Y","Y","N","N","N","N","N","Daylight","Hit Object","Automobile Right of Way","Fixed Object","N","N","N","N"
6336929,"N","Y","Injury (Complaint of Pain)","N",2013,14.0333333333333,"Spring","N","N","Tu","N","Y","Y","N","N","N","N","N","Daylight","Sideswipe","Pedestrian Right of Way","Other Motor Vehicle","N","N","N","N"
6338218,"N","Y","Injury (Complaint of Pain)","N",2013,21.5833333333333,"Winter","N","N","Sa","N","Y","Y","N","N","N","N","N","Dark - Street Lights","Sideswipe","Unsafe Speed","Other Motor Vehicle","Y","N","N","N"
6338851,"N","Y","PDO (property damage only)","N",2013,12.4166666666667,"Winter","N","N","M","N","N","Y","N","N","N","N","N","Daylight","Broadside","Pedestrian Violation","Other Motor Vehicle","N","N","N","N"
6338916,"N","Y","Injury (Complaint of Pain)","N",2013,18.05,"Fall","PM","N","Tu","Y","N","Y","N","N","N","N","N","Dark - Street Lights","Other","Wrong Side of Road","Fixed Object","N","N","N","N"
6339735,"N","Y","PDO (property damage only)","N",2013,12.75,"Fall","N","N","Th","N","N","Y","N","N","N","N","Y","Daylight","Sideswipe","Unsafe Lane Change","Other Motor Vehicle","N","N","N","N"
6339927,"N","Y","Injury (Other Visible)","N",2013,16.9166666666667,"Winter","PM","N","Tu","N","N","Y","N","N","N","N","N","Daylight","Sideswipe","Wrong Side of Road","Parked Motor Vehicle","N","N","N","N"
6339986,"N","Y","PDO (property damage only)","N",2013,13.75,"Winter","N","N","Tu","N","N","Y","N","N","N","N","N","Daylight","Sideswipe","Pedestrian Right of Way","Other Motor Vehicle","N","N","N","N"
6341517,"N","Y","Injury (Complaint of Pain)","N",2013,15.6666666666667,"Spring","PM","N","M","N","Y","Y","N","N","N","N","N","Daylight","Sideswipe","Improper Turning","Other Motor Vehicle","N","N","N","N"
6341527,"N","Y","Injury (Complaint of Pain)","N",2013,6.66666666666667,"Winter","N","N","F","N","Y","Y","N","N","N","N","Y","Daylight","Hit Object","Pedestrian Right of Way","Fixed Object","N","N","N","N"
6341528,"N","Y","Injury (Complaint of Pain)","N",2013,12.5,"Winter","N","N","F","N","Y","Y","N","N","N","N","N","Daylight","Other","Code 20","Fixed Object","N","N","N","N"
6341531,"N","Y","Injury (Complaint of Pain)","N",2013,12.3333333333333,"Winter","N","N","Sa","N","Y","N","Y","N","N","N","N","Daylight","Rear End","Wrong Side of Road","Other Motor Vehicle","N","N","N","N"
6341547,"N","Y","Injury (Complaint of Pain)","N",2013,10.1833333333333,"Winter","N","N","Th","N","Y","Y","N","N","N","N","N","Daylight","Rear End","Wrong Side of Road","Other Motor Vehicle","N","N","N","N"
6341555,"N","Y","PDO (property damage only)","N",2013,10.8,"Winter","N","N","Tu","N","Y","Y","N","N","N","N","N","Daylight","Rear End","Pedestrian Right of Way","Other Motor Vehicle","N","N","N","N"
6341575,"N","Y","PDO (property damage only)","N",2013,12.5833333333333,"Winter","N","N","Sa","N","Y","Y","Y","N","N","N","N","Daylight","Other","Wrong Side of Road","Fixed Object","N","N","N","N"
6344383,"N","Y","Injury (Complaint of Pain)","N",2013,17.25,"Spring","PM","N","Tu","N","Y","Y","N","N","N","N","N","Daylight","Rear End","Wrong Side of Road","Other Motor Vehicle","N","N","N","N"
6344511,"N","Y","Injury (Complaint of Pain)","N",2013,13.1666666666667,"Spring","N","N","W","N","Y","Y","N","N","N","N","N","Daylight","Rear End","Wrong Side of Road","Other Motor Vehicle","N","N","N","N"
6344519,"N","Y","PDO (property damage only)","N",2013,7.83333333333333,"Spring","AM","N","Th","N","Y","Y","N","N","N","N","N","Daylight","Sideswipe","Automobile Right of Way","Other Motor Vehicle","N","N","N","N"
6344536,"N","Y","Injury (Complaint of Pain)","N",2013,8.58333333333333,"Spring","AM","N","W","N","Y","N","Y","N","N","N","N","Daylight","Sideswipe","Automobile Right of Way","Other Motor Vehicle","N","N","N","N"
6344559,"N","Y","Injury (Complaint of Pain)","N",2013,16.4166666666667,"Spring","N","N","Sa","N","Y","Y","N","N","N","N","N","Daylight","Rear End","Wrong Side of Road","Non-Collision","N","N","N","N"
6345379,"N","Y","PDO (property damage only)","N",2013,18.5,"Fall","N","N","Sa","Y","N","Y","N","N","N","N","N","Dark - Street Lights","Sideswipe","Pedestrian Violation","Other Motor Vehicle","N","N","N","N"
6345390,"N","Y","PDO (property damage only)","N",2013,23.6666666666667,"Fall","N","Y","Sa","N","N","Y","N","N","N","N","N","Dark - Street Lights",NA,"Wrong Side of Road","Fixed Object","N","N","N","N"
6345458,"N","Y","Injury (Complaint of Pain)","N",2013,15.6666666666667,"Fall","PM","N","F","Y","N","Y","N","N","N","N","N","Daylight","Broadside","Pedestrian Violation","Other Motor Vehicle","N","N","N","N"
6345470,"N","Y","Injury (Complaint of Pain)","N",2013,13.75,"Winter","N","N","Th","Y","N","N","Y","N","N","N","N","Daylight","Broadside","Pedestrian Violation","Other Motor Vehicle","N","N","N","N"
6345513,"N","Y","Injury (Other Visible)","N",2013,9.75,"Winter","N","N","F","Y","Y","Y","N","N","N","N","N","Daylight","Rear End","Improper Passing","Motor Vehicle on Other Roadway","N","N","N","N"
6346066,"N","Y","PDO (property damage only)","N",2013,11.6666666666667,"Winter","N","N","Tu","N","N","Y","N","N","N","N","N","Daylight","Hit Object","Wrong Side of Road","Other Object","N","N","N","N"
6347013,"N","Y","PDO (property damage only)","N",2013,17.25,"Winter","PM","N","W","Y","N","Y","N","N","N","N","N","Dusk or Dawn","Broadside","Pedestrian Violation","Other Motor Vehicle","N","N","N","N"
6347620,"N","Y","Injury (Complaint of Pain)","N",2013,8.5,"Winter","AM","N","Tu","Y","N","Y","N","N","N","N","N","Daylight",NA,"Pedestrian Right of Way","Other Motor Vehicle","N","N","N","N"
6347662,"N","Y","Injury (Complaint of Pain)","N",2013,13.8333333333333,"Spring","N","N","F","N","Y","Y","N","N","N","N","N","Daylight","Other","Wrong Side of Road","Fixed Object","N","N","N","N"
6347830,"N","Y","Injury (Complaint of Pain)","N",2013,21.5,"Fall","N","N","Sa","Y","N","Y","N","N","N","N","N","Dark - Street Lights","Other","Pedestrian Violation","Non-Collision","N","N","N","N"
6348901,"N","Y","Injury (Complaint of Pain)","N",2013,13.6666666666667,"Winter","N","N","Tu","N","N","Y","N","N","N","N","N","Daylight","Sideswipe","Driving or Bicycling Under the Influence of Alcohol or Drug","Other Motor Vehicle","N","N","N","N"
6348913,"N","Y","Injury (Complaint of Pain)","N",2013,0.166666666666667,"Winter","N","Y","Sa","N","N","Y","N","N","N","N","N","Dark - Street Lights","Sideswipe","Pedestrian Right of Way","Other Motor Vehicle","N","N","N","N"
6354096,"N","Y","Injury (Complaint of Pain)","N",2013,2.33333333333333,"Winter","N","Y","Su","Y","N","Y","N","N","N","N","N","Dark - Street Lights","Other","Lights","Non-Collision","N","N","N","N"
6354104,"N","Y","PDO (property damage only)","N",2013,17.25,"Winter","N","N","Su","N","N","Y","N","N","N","N","N","Dark - Street Lights","Rear End","Wrong Side of Road","Other Motor Vehicle","N","N","N","N"
6355302,"N","Y","PDO (property damage only)","N",2013,13.0833333333333,"Fall","N","N","M","Y","N","N","Y","N","N","N","N","Daylight","Broadside","Pedestrian Violation","Other Motor Vehicle","N","N","N","N"
6355321,"N","Y","Injury (Complaint of Pain)","N",2013,14.5,"Fall","N","N","F","N","N","Y","N","N","N","N","N","Daylight","Broadside","Pedestrian Right of Way","Other Motor Vehicle","N","N","N","N"
6355331,"N","Y","PDO (property damage only)","N",2013,18.5,"Fall","PM","N","F","Y","N","Y","N","N","N","N","N","Dark - Street Lights","Sideswipe","Driving or Bicycling Under the Influence of Alcohol or Drug","Other Motor Vehicle","N","N","N","N"
6355334,"N","Y","Injury (Other Visible)","N",2013,8.58333333333333,"Fall","AM","N","Tu","Y","N","Y","N","N","N","N","N","Daylight","Broadside","Pedestrian Violation","Other Motor Vehicle","N","N","N","N"
6355341,"N","Y","PDO (property damage only)","N",2013,17.5,"Fall","PM","N","F","Y","N","Y","N","N","N","N","N","Dark - Street Lights","Broadside","Pedestrian Violation","Other Motor Vehicle","N","N","N","N"
6355936,"N","Y","PDO (property damage only)","N",2013,11,"Spring","N","N","M","N","Y","Y","N","N","N","N","N","Daylight","Sideswipe","Automobile Right of Way","Other Motor Vehicle","N","N","N","N"
6355943,"N","Y","Injury (Complaint of Pain)","N",2013,6.25,"Spring","N","N","F","N","Y","Y","N","N","N","N","N","Dusk or Dawn","Rear End","Wrong Side of Road","Other Motor Vehicle","N","N","N","N"
6355996,"N","Y","Injury (Complaint of Pain)","N",2013,12.75,"Spring","N","N","Tu","N","N","Y","N","N","N","N","N","Daylight","Broadside","Pedestrian Violation","Other Motor Vehicle","N","N","N","N"
6356780,"N","Y","Injury (Complaint of Pain)","N",2013,11.3333333333333,"Spring","N","N","F","N","N","Y","N","N","N","N","Y","Daylight","Broadside","Pedestrian Violation","Other Motor Vehicle","N","N","N","N"
6358285,"N","Y","Injury (Complaint of Pain)","N",2013,16.8333333333333,"Fall","PM","N","W","N","N","Y","N","N","N","N","N","Daylight","Broadside","Wrong Side of Road","Other Motor Vehicle","N","N","N","N"
6359449,"N","Y","Injury (Complaint of Pain)","N",2013,7.91666666666667,"Fall","AM","N","M","Y","N","Y","N","N","N","N","N","Daylight","Broadside","Pedestrian Violation","Other Motor Vehicle","N","N","N","N"
6359453,"N","Y","PDO (property damage only)","N",2013,0.25,"Fall","N","Y","M","Y","N","Y","N","N","N","N","N","Dark - Street Lights","Broadside","Unsafe Speed","Other Motor Vehicle","Y","N","N","N"
6359928,"N","Y","Injury (Complaint of Pain)","N",2013,7.33333333333333,"Spring","AM","N","Th","N","Y","Y","N","N","N","N","N","Daylight","Sideswipe","Pedestrian Right of Way","Other Motor Vehicle","N","N","N","N"
6359937,"N","Y","PDO (property damage only)","N",2013,17.3333333333333,"Spring","PM","N","Tu","N","Y","Y","N","N","N","N","N","Daylight","Rear End","Automobile Right of Way","Other Motor Vehicle","N","N","N","N"
6359943,"N","Y","PDO (property damage only)","N",2013,12.25,"Spring","N","N","M","N","Y","Y","N","N","N","N","N","Daylight","Sideswipe","Automobile Right of Way","Other Motor Vehicle","N","N","N","N"
6359945,"N","Y","PDO (property damage only)","N",2013,20.0833333333333,"Spring","N","N","Tu","N","Y","Y","N","N","N","N","N","Dark - Street Lights","Sideswipe","Automobile Right of Way","Other Motor Vehicle","N","N","N","N"
6359951,"N","Y","PDO (property damage only)","N",2013,16.3333333333333,"Spring","PM","N","Th","N","Y","N","Y","N","N","N","N","Daylight","Sideswipe","Automobile Right of Way","Other Motor Vehicle","N","N","N","N"
6359953,"N","Y","PDO (property damage only)","N",2013,17.8333333333333,"Spring","PM","N","M","N","Y","Y","N","N","N","N","Y","Daylight","Sideswipe","Improper Turning","Other Motor Vehicle","N","N","N","N"
6359966,"N","Y","Injury (Other Visible)","N",2013,18.1666666666667,"Spring","PM","N","Tu","N","Y","Y","N","N","N","N","Y","Daylight","Rear End","Pedestrian Right of Way","Other Motor Vehicle","N","N","N","N"
6359970,"N","Y","Injury (Other Visible)","N",2013,13.6833333333333,"Spring","N","N","F","N","Y","Y","N","N","N","N","Y","Daylight","Rear End","Wrong Side of Road","Other Motor Vehicle","N","N","N","N"
6359973,"N","Y","Injury (Complaint of Pain)","N",2013,8.83333333333333,"Spring","AM","N","F","N","Y","Y","N","N","N","N","N","Daylight","Sideswipe","Automobile Right of Way","Other Motor Vehicle","N","N","N","N"
6359997,"N","Y","PDO (property damage only)","N",2013,17.25,"Spring","PM","N","F","N","Y","Y","N","N","N","N","N","Daylight","Sideswipe","Pedestrian Right of Way","Other Motor Vehicle","N","N","N","N"
6361222,"N","Y","Injury (Complaint of Pain)","N",2013,23,"Fall","N","Y","Sa","N","N","Y","N","N","N","N","N","Dark - Street Lights","Rear End","Improper Passing","Other Motor Vehicle","N","N","N","N"
6361277,"N","Y","PDO (property damage only)","N",2013,11.0833333333333,"Fall","N","N","Tu","N","Y","N","Y","N","N","N","N","Daylight","Rear End","Automobile Right of Way","Other Motor Vehicle","N","N","N","N"
6361769,"N","Y","Injury (Complaint of Pain)","N",2013,17.5,"Fall","PM","N","F","N","Y","N","N","Y","N","Y","N","Dark - Street Lights","Sideswipe","Wrong Side of Road","Other Motor Vehicle","N","N","N","N"
6361789,"N","Y","Injury (Complaint of Pain)","N",2013,12.5833333333333,"Fall","N","N","W","N","Y","Y","N","N","N","N","N","Daylight","Sideswipe","Automobile Right of Way","Other Motor Vehicle","N","N","N","N"
6364530,"N","Y","PDO (property damage only)","N",2013,18.3333333333333,"Fall","PM","N","F","N","N","Y","N","N","N","N",NA,"Dusk or Dawn","Broadside","Pedestrian Violation","Other Motor Vehicle","N","N","N","N"
6365394,"N","Y","Injury (Complaint of Pain)","N",2013,14.1666666666667,"Summer","N","N","Sa","N","Y","Y","N","N","N","N","N","Daylight","Sideswipe","Wrong Side of Road","Other Motor Vehicle","N","N","N","N"
6368602,"N","Y","Injury (Other Visible)","N",2013,9.83333333333333,"Fall","N","N","F","Y","N","Y","N","N","N","N","N","Daylight","Broadside","Pedestrian Violation","Other Motor Vehicle","N","N","N","N"
6368648,"N","Y","Injury (Complaint of Pain)","N",2013,21.3333333333333,"Fall","N","N","M","N","Y","Y","N","N","N","N","N","Dark - Street Lights","Other","Wrong Side of Road","Other Object","N","N","N","N"
6368692,"N","Y","Injury (Complaint of Pain)","N",2013,10.5,"Fall","N","N","F","N","N","Y","N","N","N","N","N","Daylight","Hit Object","Wrong Side of Road","Other Object","N","N","N","N"
6368715,"N","Y","PDO (property damage only)","N",2013,19.9166666666667,"Fall","N","N","W","Y","N","Y","N","N","N","N","N","Dark - Street Lights","Head-On","Pedestrian Violation","Other Motor Vehicle","N","N","N","N"
6368719,"N","Y","Injury (Other Visible)","N",2013,20.25,"Fall","N","N","Sa","Y","N","Y","N","N","N","N","N","Dark - Street Lights","Broadside","Automobile Right of Way","Other Motor Vehicle","N","N","N","N"
6369089,"N","Y","Injury (Complaint of Pain)","N",2013,13,"Summer","N","N","Su","N","Y","Y","N","N","N","N","N","Daylight","Overturned","Wrong Side of Road","Non-Collision","N","N","N","N"
6370601,"N","Y","PDO (property damage only)","N",2013,9.08333333333333,"Winter","N","N","Tu","N","N","Y","N","N","N","N","N","Daylight","Sideswipe","Automobile Right of Way","Other Motor Vehicle","N","N","N","N"
6372672,"N","Y","PDO (property damage only)","N",2013,17.6166666666667,"Fall","N","N","Su","N","Y","Y","N","N","N","N","N","Dark - Street Lights","Sideswipe","Automobile Right of Way","Other Motor Vehicle","N","N","N","N"
6374200,"N","Y","Injury (Complaint of Pain)","N",2013,8,"Summer","AM","N","Tu","N","Y","Y","N","N","N","N","N","Daylight","Rear End","Impeding Traffic","Other Motor Vehicle","N","N","N","N"
6374401,"N","Y","Injury (Complaint of Pain)","N",2013,7.91666666666667,"Summer","AM","N","Th","N","Y","Y","N","N","N","N","N","Daylight","Rear End","Automobile Right of Way","Other Motor Vehicle","N","N","N","N"
6374636,"N","Y","Injury (Complaint of Pain)","N",2013,8.33333333333333,"Fall","AM","N","M","N","Y","Y","N","N","N","N","N","Daylight","Rear End","Wrong Side of Road","Other Motor Vehicle","N","N","N","N"
6374736,"N","Y","Injury (Complaint of Pain)","N",2013,11.25,"Winter","N","N","F","N","Y","Y","N","N","N","N","N","Daylight","Hit Object","Pedestrian Right of Way","Fixed Object","N","N","N","N"
6374737,"N","Y","Injury (Complaint of Pain)","N",2013,22.4833333333333,"Fall","N","N","Su","N","Y","Y","N","N","N","N","N","Dark - Street Lights","Overturned","Pedestrian Right of Way","Non-Collision","N","N","N","N"
6374749,"N","Y","PDO (property damage only)","N",2013,14.5833333333333,"Winter","N","N","M","Y","N","Y","N","N","N","N","N","Daylight","Rear End","Lights","Other Motor Vehicle","N","N","N","N"
6374768,"N","Y","Injury (Complaint of Pain)","N",2013,20.75,"Winter","N","N","Sa","Y","N","Y","N","N","N","N","N","Dark - Street Lights","Broadside","Pedestrian Violation","Other Motor Vehicle","N","N","N","N"
6374773,"N","Y","Injury (Complaint of Pain)","N",2013,13.1666666666667,"Winter","N","N","Tu","N","N","Y","N","N","N","N","N","Daylight","Sideswipe","Automobile Right of Way","Other Motor Vehicle","N","N","N","N"
6376184,"N","Y","Injury (Complaint of Pain)","N",2013,15.25,"Spring","PM","N","Th","N","Y","Y","N","N","N","N","N","Daylight","Sideswipe","Improper Turning","Other Motor Vehicle","N","N","N","N"
6381142,"N","Y","Injury (Complaint of Pain)","N",2013,8.5,"Fall","N","N","Sa","N","Y","Y","N","N","N","N","N","Daylight","Rear End","Wrong Side of Road","Other Motor Vehicle","N","N","N","N"
6381532,"N","Y","PDO (property damage only)","N",2013,10.8333333333333,"Summer","N","N","Su","N","Y","Y","N","N","N","N","N","Daylight","Overturned","Wrong Side of Road","Non-Collision","N","N","N","N"
6384083,"N","Y","Injury (Complaint of Pain)","N",2013,7.25,"Fall","AM","N","W","N","Y","Y","N","N","N","N","N","Daylight","Sideswipe","Automobile Right of Way","Other Motor Vehicle","N","N","N","N"
6384091,"N","Y","Injury (Complaint of Pain)","N",2013,11.75,"Fall","N","N","Su","N","Y","Y","N","N","N","N","N","Daylight","Overturned","Wrong Side of Road","Other Motor Vehicle","N","N","N","N"
6384135,"N","Y","Injury (Complaint of Pain)","N",2013,8.91666666666667,"Winter","AM","N","M","N","Y","Y","N","N","N","N","N","Daylight","Overturned","Wrong Side of Road","Non-Collision","N","N","N","N"
6384433,"N","Y","Injury (Complaint of Pain)","N",2013,20.5,"Winter","N","N","Sa","N","Y","Y","N","N","N","N","N","Dark - Street Lights","Overturned","Wrong Side of Road","Non-Collision","N","N","N","N"