"CASE_ID","mc_killed","mc_injured","collision_severity","severe","accident_year","hours_since_midnight","season","rush_hour","late_night","day_of_week","intersection","state_hwy_ind","w_clear","w_cloudy","w_rainy","w_other","road_not_dry","road_condition_issue","lighting","type_of_collision","pcf_viol_category","mviw","alcohol_involved","truck_accident","pedestrian_accident","bicycle_accident"
6384458,"N","Y","Injury (Complaint of Pain)","N",2013,9.16666666666667,"Winter","N","N","Su","N","Y","Y","N","N","N","N","N","Daylight","Overturned","Wrong Side of Road","Non-Collision","N","N","N","N"
6384872,"N","Y","Injury (Complaint of Pain)","N",2013,7.41666666666667,"Summer","AM","N","Tu","N","Y","N","Y","N","N","N","N","Daylight","Sideswipe","Automobile Right of Way","Other Motor Vehicle","N","N","N","N"
6384876,"N","Y","Injury (Complaint of Pain)","N",2013,18.1666666666667,"Summer","PM","N","M","N","Y","Y","N","N","N","N","N","Daylight","Sideswipe","Automobile Right of Way","Other Motor Vehicle","N","N","N","N"
6384905,"N","Y","PDO (property damage only)","N",2013,18.5833333333333,"Summer","PM","N","Th","N","Y","Y","N","N","N","N","N","Daylight","Sideswipe","Wrong Side of Road","Other Motor Vehicle","N","N","N","N"
6384921,"N","Y","Injury (Other Visible)","N",2013,12.1666666666667,"Summer","N","N","Su","N","Y","Y","N","N","N","N","N","Daylight","Sideswipe","Automobile Right of Way","Other Motor Vehicle","N","N","N","N"
6384931,"N","Y","PDO (property damage only)","N",2013,8.91666666666667,"Summer","AM","N","M","N","Y","N","Y","N","N","N","N","Daylight","Sideswipe","Pedestrian Right of Way","Other Motor Vehicle","N","N","N","N"
6391025,"N","Y","Injury (Complaint of Pain)","N",2013,17.5833333333333,"Spring","N","N","Su","N","Y","Y","N","N","N","N","N","Daylight","Hit Object","Pedestrian Right of Way","Fixed Object","N","N","N","N"
6391056,"N","Y","Injury (Complaint of Pain)","N",2013,16.2833333333333,"Summer","PM","N","Tu","N","Y","Y","N","N","N","N","N","Daylight","Rear End","Automobile Right of Way","Other Motor Vehicle","N","N","N","N"
6391060,"N","Y","Injury (Complaint of Pain)","N",2013,12.1666666666667,"Summer","N","N","W","N","Y","Y","N","N","N","N","N","Daylight","Overturned","Wrong Side of Road","Other Object","N","N","N","N"
6391111,"N","Y","Injury (Complaint of Pain)","N",2013,13,"Summer","N","N","Su","N","Y","N","Y","N","N","N","N","Daylight","Overturned","Wrong Side of Road","Non-Collision","N","N","N","N"
6391549,"N","Y","Injury (Complaint of Pain)","N",2013,9.33333333333333,"Spring","N","N","Sa","N","Y","Y","N","N","N","N","N","Daylight","Overturned","Pedestrian Right of Way","Non-Collision","N","N","N","N"
6392175,"N","Y","Injury (Complaint of Pain)","N",2013,7.25,"Summer","AM","N","M","N","Y","Y","N","N","N","N","N","Daylight","Rear End","Wrong Side of Road","Other Motor Vehicle","N","N","N","N"
6392199,"N","Y","Injury (Other Visible)","N",2013,14,"Summer","N","N","Sa","N","Y","Y","N","N","N","N","Y","Daylight","Overturned","Wrong Side of Road","Non-Collision","N","N","N","N"
6394807,"N","Y","Injury (Other Visible)","N",2013,1,"Fall","N","Y","Su","N","N","Y","N","N","N","N","N","Dark - Street Lights","Hit Object","Wrong Side of Road","Fixed Object","N","N","N","N"
6394819,"N","Y","Injury (Complaint of Pain)","N",2013,19.6666666666667,"Winter","N","N","Su","N","N","Y","N","N","N","N","N","Dark - Street Lights","Rear End","Pedestrian Right of Way","Other Motor Vehicle","N","N","N","N"
6394828,"N","Y","PDO (property damage only)","N",2013,13.5,"Winter","N","N","Su","N","N","Y","N","N","N","N","N","Daylight","Other","Automobile Right of Way","Fixed Object","N","N","N","N"
6394847,"N","Y","Injury (Complaint of Pain)","N",2013,11.75,"Winter","N","N","Su","Y","N","Y","N","N","N","N","N","Daylight","Head-On","Pedestrian Violation","Other Motor Vehicle","N","N","N","N"
6394873,"N","Y","PDO (property damage only)","N",2013,12.1666666666667,"Fall","N","N","Su","N","N","Y","N","N","N","N","N","Daylight","Rear End","Improper Passing","Other Motor Vehicle","Y","N","N","N"
6394886,"N","Y","PDO (property damage only)","N",2013,13.5666666666667,"Winter","N","N","Tu","N","Y","Y","N","N","N","N","N","Daylight","Sideswipe","Improper Turning","Other Motor Vehicle","N","N","N","N"
6394894,"N","Y","PDO (property damage only)","N",2013,18.6666666666667,"Fall","PM","N","M","N","Y","Y","N","N","N","N","N","Dark - Street Lights","Sideswipe","Automobile Right of Way","Other Motor Vehicle","N","N","N","N"
6394950,"N","Y","Injury (Complaint of Pain)","N",2013,13.6666666666667,"Winter","N","N","Th","N","Y","N","Y","Y","N","Y","N","Daylight","Overturned","Wrong Side of Road","Non-Collision","N","N","N","N"
6397779,"N","Y","PDO (property damage only)","N",2013,16.3333333333333,"Summer","PM","N","F","N","Y","Y","N","N","N","N","N","Daylight","Hit Object","Code 19","Other Object","N","N","N","N"
6402684,"N","Y","Injury (Complaint of Pain)","N",2013,13.1333333333333,"Summer","N","N","F","N","Y","Y","N","N","N","N","Y","Daylight","Rear End","Wrong Side of Road","Other Motor Vehicle","N","N","N","N"
6403419,"N","Y","PDO (property damage only)","N",2013,17.3333333333333,"Summer","PM","N","F","N","Y","Y","N","N","N","N","N","Daylight","Sideswipe","Pedestrian Right of Way","Other Motor Vehicle","N","Y","N","N"
6404294,"N","Y","PDO (property damage only)","N",2013,9.83333333333333,"Fall","N","N","Th","N","Y","Y","N","N","N","N","N","Daylight","Rear End","Wrong Side of Road","Other Motor Vehicle","N","N","N","N"
6404298,"N","Y","Injury (Complaint of Pain)","N",2013,22,"Fall","N","N","Th","N","Y","Y","N","N","N","N","Y","Dark - Street Lights","Rear End","Automobile Right of Way","Other Motor Vehicle","N","N","N","N"
6405463,"N","Y","Injury (Complaint of Pain)","N",2013,15.8,"Summer","N","N","Sa","N","Y","Y","N","N","N","N","N","Daylight","Sideswipe","Pedestrian Right of Way","Other Motor Vehicle","N","N","N","N"
6405506,"N","Y","Injury (Complaint of Pain)","N",2013,8.05,"Summer","AM","N","W","N","Y","Y","N","N","N","N","N","Daylight","Rear End","Wrong Side of Road","Motor Vehicle on Other Roadway","N","Y","N","N"
6406562,"N","Y","PDO (property damage only)","N",2013,17.1833333333333,"Summer","PM","N","Tu","N","Y","Y","N","N","N","N","N","Daylight","Sideswipe","Automobile Right of Way","Other Motor Vehicle","N","N","N","N"
6406571,"N","Y","Injury (Complaint of Pain)","N",2013,14.75,"Summer","N","N","Su","N","Y","N","Y","N","N","N","N","Daylight","Rear End","Wrong Side of Road","Other Motor Vehicle","N","N","N","N"
6406577,"N","Y","Injury (Complaint of Pain)","N",2013,5.75,"Summer","N","N","W","N","Y","Y","N","N","N","N","N","Daylight","Sideswipe","Automobile Right of Way","Other Motor Vehicle","N","N","N","N"
6406631,"N","Y","PDO (property damage only)","N",2013,17.8333333333333,"Summer","PM","N","Th","N","Y","Y","N","N","N","N","N","Daylight","Rear End","Wrong Side of Road","Other Motor Vehicle","N","N","N","N"
6406640,"N","Y","PDO (property damage only)","N",2013,16.9166666666667,"Summer","PM","N","W","N","Y","Y","N","N","N","N","N","Daylight","Sideswipe","Automobile Right of Way","Other Motor Vehicle","N","N","N","N"
6406650,"N","Y","Injury (Complaint of Pain)","N",2013,15.3333333333333,"Summer","PM","N","Th","N","Y","Y","N","N","N","N","N","Daylight","Sideswipe","Pedestrian Right of Way","Other Motor Vehicle","N","N","N","N"
6406713,"N","Y","Injury (Complaint of Pain)","N",2013,16.3333333333333,"Fall","N","N","Su","N","Y","Y","N","N","N","N","N","Daylight","Hit Object","Wrong Side of Road","Non-Collision","N","N","N","N"
6406718,"N","Y","Injury (Complaint of Pain)","N",2013,15.5,"Summer","PM","N","F","N","Y","Y","N","N","N","N","N","Daylight","Sideswipe","Automobile Right of Way","Other Motor Vehicle","N","N","N","N"
6406790,"N","Y","PDO (property damage only)","N",2013,14.05,"Fall","N","N","F","N","Y","Y","N","N","N","N","N","Daylight","Overturned","Pedestrian Right of Way","Non-Collision","N","N","N","N"
6406886,"N","Y","Injury (Other Visible)","N",2013,5.66666666666667,"Fall","N","N","Tu","N","Y","N","Y","N","N","N","N","Dark - No Street Lights","Hit Object","Wrong Side of Road","Fixed Object","N","N","N","N"
6408087,"N","Y","Injury (Complaint of Pain)","N",2013,13.0833333333333,"Summer","N","N","F","N","Y","Y","N","N","N","N","Y","Daylight","Rear End","Wrong Side of Road","Other Motor Vehicle","N","N","N","N"
6408101,"N","Y","Injury (Complaint of Pain)","N",2013,10.8333333333333,"Summer","N","N","Su","N","Y","N","Y","N","N","N","N","Daylight","Sideswipe","Automobile Right of Way","Other Motor Vehicle","N","N","N","N"
6408683,"N","Y","Injury (Complaint of Pain)","N",2013,7.16666666666667,"Winter","AM","N","W","N","N","Y","N","N","N","N","N","Daylight","Hit Object","Wrong Side of Road","Fixed Object","N","N","N","N"
6409939,"N","Y","PDO (property damage only)","N",2013,13.9166666666667,"Summer","N","N","M","N","Y","Y","N","N","N","N",NA,"Daylight",NA,"Wrong Side of Road",NA,"N","N","N","N"
6409940,"N","Y","Injury (Complaint of Pain)","N",2013,14.5,"Winter","N","N","Sa","N","Y","Y","N","N","N","N","N","Daylight","Sideswipe","Automobile Right of Way","Other Motor Vehicle","N","N","N","N"
6409956,"N","Y","Injury (Other Visible)","N",2013,17.25,"Winter","PM","N","W","N","Y","Y","N","N","N","N","N","Daylight","Sideswipe","Automobile Right of Way","Other Motor Vehicle","N","N","N","N"
6410026,"N","Y","Injury (Complaint of Pain)","N",2013,16.9333333333333,"Fall","PM","N","Tu","N","Y","Y","N","N","N","N","N","Daylight","Sideswipe","Pedestrian Right of Way","Other Motor Vehicle","N","N","N","N"
6410040,"N","Y","Injury (Complaint of Pain)","N",2013,14.0833333333333,"Fall","N","N","M","N","Y","Y","N","N","N","N","N","Daylight","Overturned","Pedestrian Right of Way","Non-Collision","N","N","N","N"
6410042,"N","Y","Injury (Other Visible)","N",2013,10.8333333333333,"Fall","N","N","M","N","Y","Y","N","N","N","N","N","Daylight","Overturned","Pedestrian Right of Way","Non-Collision","N","N","N","N"
6410045,"N","Y","PDO (property damage only)","N",2013,19.8333333333333,"Fall","N","N","Tu","N","Y","N","Y","N","N","N","N","Dark - Street Lights","Sideswipe","Pedestrian Right of Way","Other Motor Vehicle","N","N","N","N"
6410658,"N","Y","Injury (Complaint of Pain)","N",2013,15.6666666666667,"Fall","PM","N","W","N","Y","Y","N","N","N","N","N","Daylight","Overturned","Wrong Side of Road","Other Object","N","N","N","N"
6410693,"N","Y","Injury (Complaint of Pain)","N",2013,6,"Fall","N","N","M","N","Y","Y","N","N","N","N","N","Daylight","Rear End","Wrong Side of Road","Other Motor Vehicle","N","N","N","N"
6411480,"N","Y","Injury (Complaint of Pain)","N",2013,18.0833333333333,"Summer","PM","N","Tu","N","Y","Y","N","N","N","N","N","Daylight","Sideswipe","Automobile Right of Way","Other Motor Vehicle","N","N","N","N"
6411485,"Y","N","Injury (Severe)","Y",2013,8.58333333333333,"Fall","AM","N","F","N","Y","Y","N","N","N","Y","N","Daylight","Rear End","Wrong Side of Road","Other Motor Vehicle","N","N","N","N"
6411489,"N","Y","PDO (property damage only)","N",2013,7.5,"Fall","AM","N","W","N","Y","N","Y","N","N","N","N","Daylight","Sideswipe","Pedestrian Right of Way","Other Motor Vehicle","N","N","N","N"
6411491,"N","Y","Injury (Other Visible)","N",2013,14.6666666666667,"Summer","N","N","F","N","Y","Y","N","N","N","N","N","Daylight","Sideswipe","Automobile Right of Way","Other Motor Vehicle","N","N","N","N"
6411505,"N","Y","Injury (Complaint of Pain)","N",2013,19.3333333333333,"Fall","N","N","F","N","Y","Y","N","N","N","N","N","Dark - No Street Lights","Overturned","Wrong Side of Road","Non-Collision","N","N","N","N"
6411590,"N","Y","PDO (property damage only)","N",2013,5.73333333333333,"Fall","N","N","Tu","N","Y","Y","N","N","N","N","N","Dark - Street Lights","Overturned","Wrong Side of Road","Non-Collision","N","N","N","N"
6417546,"N","Y","Injury (Complaint of Pain)","N",2013,19.4166666666667,"Fall","N","N","F","N","Y","Y","N","N","N","N","N","Dusk or Dawn","Sideswipe","Automobile Right of Way","Other Motor Vehicle","N","N","N","N"
6435167,"N","Y","PDO (property damage only)","N",2013,1.93333333333333,"Fall","N","Y","Sa","N","Y","Y","N","N","N","N","N","Dark - Street Lights","Rear End","Wrong Side of Road","Other Motor Vehicle","N","N","N","N"
6436170,"N","Y","Injury (Complaint of Pain)","N",2013,8,"Fall","AM","N","W","N","Y","Y","N","N","N","N","N","Daylight","Hit Object","Pedestrian Right of Way","Fixed Object","N","N","N","N"
6436179,"N","Y","Injury (Complaint of Pain)","N",2013,21.3333333333333,"Fall","N","N","M","N","Y","Y","N","N","N","N","N","Dark - Street Lights","Rear End","Wrong Side of Road","Other Motor Vehicle","N","N","N","N"
6436187,"N","Y","Injury (Complaint of Pain)","N",2013,13.6666666666667,"Fall","N","N","M","N","Y","Y","N","N","N","N","Y","Daylight","Overturned","Pedestrian Right of Way","Non-Collision","N","N","N","N"
6436206,"N","Y","Injury (Complaint of Pain)","N",2013,21.85,"Fall","N","N","Sa","N","Y","Y","N","N","N","N","N","Dark - No Street Lights","Sideswipe","Pedestrian Right of Way","Other Motor Vehicle","N","N","N","N"
6436238,"N","Y","PDO (property damage only)","N",2013,23.5833333333333,"Fall","N","Y","Sa","N","Y","Y","N","N","N","N","N","Dark - Street Lights","Sideswipe","Automobile Right of Way","Other Motor Vehicle","N","N","N","N"
6438403,"N","Y","PDO (property damage only)","N",2013,14.5,"Fall","N","N","Sa","N","Y","Y","N","N","N","N","N","Daylight","Sideswipe","Automobile Right of Way","Other Motor Vehicle","N","N","N","N"
6438848,"N","Y","Injury (Complaint of Pain)","N",2013,9.41666666666667,"Fall","N","N","Tu","N","Y","Y","N","N","N","N","N","Daylight","Rear End","Wrong Side of Road","Other Motor Vehicle","N","N","N","N"
6439029,"N","Y","Injury (Other Visible)","N",2013,19.8,"Fall","N","N","F","N","Y","Y","N","N","N","N","N","Dark - Street Lights","Sideswipe","Wrong Side of Road","Other Motor Vehicle","N","N","N","N"
6441220,"N","Y","Injury (Complaint of Pain)","N",2013,17.4166666666667,"Winter","N","N","Sa","N","Y","Y","N","N","N","N","N","Dark - No Street Lights","Hit Object","Wrong Side of Road","Non-Collision","N","N","N","N"
6452303,"N","Y","Injury (Complaint of Pain)","N",2013,8.75,"Summer","AM","N","F","N","Y","Y","N","N","N","N","N","Daylight","Overturned","Pedestrian Right of Way","Non-Collision","N","N","N","N"
6452340,"N","Y","Injury (Complaint of Pain)","N",2013,20.3333333333333,"Summer","N","N","M","N","Y","Y","N","N","N","Y","N","Dark - Street Lights","Overturned","Wrong Side of Road","Non-Collision","N","N","N","N"
6452367,"N","Y","PDO (property damage only)","N",2013,16.5166666666667,"Summer","PM","N","Tu","N","Y","Y","N","N","N","N","N","Daylight","Sideswipe","Pedestrian Right of Way","Other Motor Vehicle","N","N","N","N"
6454270,"N","Y","PDO (property damage only)","N",2013,15,"Fall","PM","N","F","N","Y","N","Y","N","N","N",NA,"Daylight","Sideswipe","Automobile Right of Way","Other Motor Vehicle","N","N","N","N"
6454289,"N","Y","PDO (property damage only)","N",2013,14.8333333333333,"Fall","N","N","Sa","N","Y","Y","N","N","N","N","N","Daylight","Rear End","Wrong Side of Road","Other Motor Vehicle","N","N","N","N"
6454305,"N","N","PDO (property damage only)","N",2013,18.25,"Fall","PM","N","M","N","Y","Y","N","N","N","N","N","Dark - No Street Lights","Rear End","Wrong Side of Road","Other Motor Vehicle","N","N","N","N"
6457523,"N","Y","Injury (Complaint of Pain)","N",2013,16.6666666666667,"Fall","N","N","Sa","N","Y","N","Y","N","N","N","N","Dusk or Dawn","Overturned","Pedestrian Right of Way","Non-Collision","N","N","N","N"
6457534,"N","Y","PDO (property damage only)","N",2013,9.91666666666667,"Fall","N","N","Tu","N","Y","Y","N","N","N","N","N","Daylight","Sideswipe","Pedestrian Right of Way","Other Motor Vehicle","N","N","N","N"
6457578,"N","N","PDO (property damage only)","N",2013,14.8333333333333,"Winter","N","N","M","N","Y","Y","N","N","N","N","N","Daylight","Overturned","Automobile Right of Way","Non-Collision","N","N","N","N"
6457586,"N","N","PDO (property damage only)","N",2013,16.4166666666667,"Winter","PM","N","Tu","N","Y","Y","N","N","N","N","N","Daylight","Rear End","Pedestrian Right of Way","Non-Collision","N","N","N","N"
6463538,"N","Y","Injury (Complaint of Pain)","N",2013,15.6666666666667,"Fall","PM","N","Tu","N","Y","Y","N","N","N","N","N","Daylight","Hit Object","Pedestrian Right of Way","Fixed Object","N","N","N","N"
6463542,"N","Y","Injury (Complaint of Pain)","N",2013,19.3333333333333,"Fall","N","N","F","N","Y","Y","N","N","N","N","N","Dark - No Street Lights","Sideswipe","Automobile Right of Way","Other Motor Vehicle","N","N","N","N"
6463657,"N","Y","Injury (Complaint of Pain)","N",2013,16.75,"Fall","N","N","Sa","N","N","Y","N","N","N","N","N","Daylight","Hit Object","Wrong Side of Road","Other Object","N","N","N","N"
6463692,"N","Y","Injury (Other Visible)","N",2013,16.5,"Fall","PM","N","F","N","N","Y","N","N","N","N","N","Daylight","Broadside","Pedestrian Violation","Other Motor Vehicle","Y","N","N","N"
6463702,"N","Y","PDO (property damage only)","N",2013,14.75,"Spring","N","N","F","N","Y","Y","N","N","N","N","N","Daylight","Rear End","Wrong Side of Road","Other Motor Vehicle","N","N","N","N"
6463726,"N","Y","PDO (property damage only)","N",2013,22.4166666666667,"Spring","N","N","Tu","N","Y","Y","N","N","N","N","N","Dark - No Street Lights","Sideswipe","Driving or Bicycling Under the Influence of Alcohol or Drug","Other Motor Vehicle","N","N","N","N"
6463728,"N","N","PDO (property damage only)","N",2013,17.6666666666667,"Fall","PM","N","Tu","N","N","Y","N","N","N","N","N","Dark - Street Lights","Broadside","Pedestrian Right of Way","Other Motor Vehicle","Y","N","N","N"
6463742,"N","Y","Injury (Complaint of Pain)","N",2013,14,"Summer","N","N","Tu","N","Y","Y","N","N","N","N","N","Daylight","Sideswipe","Automobile Right of Way","Other Motor Vehicle","N","N","N","N"
6465697,"N","Y","Injury (Complaint of Pain)","N",2013,2.58333333333333,"Fall","N","Y","Su","N","Y","Y","N","N","N","N","N","Dark - Street Lights","Sideswipe","Wrong Side of Road","Other Motor Vehicle","N","N","N","N"
6466308,"N","Y","PDO (property damage only)","N",2013,9.75,"Winter","N","N","M","N","Y","Y","N","N","N","N","Y","Daylight","Sideswipe","Pedestrian Right of Way","Other Motor Vehicle","N","N","N","N"
6511663,"N","Y","Injury (Other Visible)","N",2013,1.5,"Winter","N","Y","W","Y","N","Y","N","N","N","N","N","Dark - Street Lights","Other","Pedestrian Violation","Fixed Object","N","N","N","N"
6678303,"Y","N","Injury (Severe)","Y",2013,6.36666666666667,"Spring","N","N","Tu","N","Y","N","Y","N","N","N","N","Dusk or Dawn","Overturned","Wrong Side of Road","Non-Collision","N","N","N","N"
5814862,"N","N","Fatal","Y",2013,8.5,"Winter","AM","N","M","N","N","Y","N","N","N","N","N","Daylight","Sideswipe","Other Improper Driving","Parked Motor Vehicle","N","N","N","N"
5815781,"N","N","Fatal","Y",2013,19.9166666666667,"Winter","N","N","Sa","N","N","Y","N","N","N","N","N","Dark - Street Lights","Rear End","Pedestrian Violation","Other Motor Vehicle","N","N","N","N"
5898331,"N","N","Fatal","Y",2013,18.8,"Winter","PM","N","W","N","Y","Y","N","N","N","N","N","Dark - Street Lights","Sideswipe","Driving or Bicycling Under the Influence of Alcohol or Drug","Other Motor Vehicle","N","N","N","N"
5914896,"N","N","Fatal","Y",2013,16.25,"Winter","PM","N","M","N","Y","Y","N","N","N","N","N","Daylight","Rear End","Unsafe Starting or Backing","Other Motor Vehicle","N","N","N","N"
5915900,"N","N","Fatal","Y",2013,7,"Winter","AM","N","Tu","N","Y","Y","N","N","N","N","N","Daylight","Sideswipe","Automobile Right of Way","Other Motor Vehicle","N","Y","N","N"
5922203,"N","N","Fatal","Y",2013,15.3333333333333,"Winter","PM","N","Tu","N","N","N","Y","N","N","N","N","Daylight","Other","Code 19","Parked Motor Vehicle","N","N","N","N"
5926635,"N","N","Fatal","Y",2013,12.3333333333333,"Winter","N","N","M","N","N","Y","N","N","N","N","N","Daylight","Sideswipe","Impeding Traffic","Other Motor Vehicle","N","Y","N","N"
5930275,"N","N","Fatal","Y",2013,16.8333333333333,"Winter","PM","N","M","N","Y","Y","N","N","N","N","N","Dusk or Dawn","Sideswipe","Impeding Traffic","Other Motor Vehicle","N","N","N","N"
5940257,"N","N","Fatal","Y",2013,20,"Winter","N","N","Su","N","N","Y","N","N","N","N","N","Dark - Street Lights","Sideswipe","Automobile Right of Way","Other Motor Vehicle","N","N","N","N"
5940327,"N","N","Fatal","Y",2013,15.4166666666667,"Winter","PM","N","W","Y","N","Y","N","N","N","N","N","Daylight","Broadside","Pedestrian Violation","Other Motor Vehicle","N","N","N","N"
5940340,"N","N","Fatal","Y",2013,10.4833333333333,"Winter","N","N","Sa","N","N","Y","N","N","N","N","N","Daylight","Sideswipe","Driving or Bicycling Under the Influence of Alcohol or Drug","Parked Motor Vehicle","N","N","N","N"
5943939,"N","N","Fatal","Y",2013,13.1666666666667,"Winter","N","N","Tu","N","Y","N","N","Y","N","Y","N","Daylight","Hit Object","Pedestrian Right of Way","Fixed Object","N","N","N","N"
5944535,"N","N","Fatal","Y",2013,17.6666666666667,"Winter","PM","N","W","N","N","Y","N","N","N","N","N","Daylight","Broadside","Pedestrian Right of Way","Other Motor Vehicle","N","N","N","N"
5971787,"N","N","Fatal","Y",2013,1,"Winter","N","Y","Th","N","N","Y","N","N","N","N","N","Dark - Street Lights","Sideswipe","Wrong Side of Road","Fixed Object","N","N","N","N"
5975584,"N","N","Fatal","Y",2013,14.25,"Winter","N","N","F","N","N","Y","N","N","N","N","N","Daylight","Sideswipe","Wrong Side of Road","Parked Motor Vehicle","N","N","N","N"
5979471,"N","N","Fatal","Y",2013,22.4166666666667,"Winter","N","N","F","N","N","Y","N","N","N","N","N","Dark - Street Lights",NA,"Wrong Side of Road","Parked Motor Vehicle","N","N","N","N"
5981108,"N","N","Fatal","Y",2013,14.3333333333333,"Winter","N","N","F","N","Y","Y","N","N","N","N","N","Daylight","Sideswipe","Automobile Right of Way","Other Motor Vehicle","N","N","N","N"
5982269,"N","N","Fatal","Y",2013,7.16666666666667,"Winter","AM","N","M","N","Y","Y","N","N","N","N","N","Daylight","Sideswipe","Automobile Right of Way","Other Motor Vehicle","N","N","N","N"
5982680,"N","N","Fatal","Y",2013,21,"Winter","N","N","Sa","N","N","Y","N","N","N","N","N","Dark - No Street Lights","Broadside","Wrong Side of Road","Parked Motor Vehicle","N","N","N","N"
5983839,"N","N","Fatal","Y",2013,17.25,"Winter","PM","N","W","N","N","N","Y","N","N","N","N","Dusk or Dawn","Broadside","Pedestrian Violation","Other Motor Vehicle","N","N","N","N"
5986095,"N","N","Fatal","Y",2013,13.4166666666667,"Winter","N","N","Th","N","N","N","Y","N","N","N","N","Daylight","Overturned","Pedestrian Violation","Non-Collision","N","N","N","N"
5986244,"N","N","Fatal","Y",2013,21.55,"Winter","N","N","F","Y","N","Y","N","N","N","N","N","Dark - Street Lights","Sideswipe","Impeding Traffic","Fixed Object","N","N","N","N"
5986732,"N","N","Fatal","Y",2013,19.8333333333333,"Winter","N","N","F","Y","N","Y","N","N","N","N","N","Dark - Street Lights","Broadside","Pedestrian Violation","Motor Vehicle on Other Roadway","N","N","N","N"
5986855,"N","N","Fatal","Y",2013,18.5,"Winter","PM","N","Th","N","N","Y","N","N","N","N",NA,"Dusk or Dawn","Other","Unsafe Starting or Backing","Other Motor Vehicle","N","N","N","N"
5988934,"N","N","Fatal","Y",2013,8.33333333333333,"Winter","N","N","Su","N","N","N","Y","N","N","N","N","Daylight","Broadside","Lights","Motor Vehicle on Other Roadway","N","N","N","N"
5991083,"N","N","Fatal","Y",2013,7.9,"Winter","AM","N","F","N","Y","Y","N","N","N","N","N","Daylight","Sideswipe","Pedestrian Right of Way","Other Motor Vehicle","N","N","N","N"
5993481,"N","N","Fatal","Y",2013,22,"Winter","N","N","W","N","N","Y","N","N","N","N","N","Dark - Street Lights","Sideswipe","Automobile Right of Way","Other Motor Vehicle","N","N","N","N"
5998975,"N","N","Fatal","Y",2013,22,"Winter","N","N","Su","N","N","Y","N","N","N","N","N","Dark - Street Lights","Other","Unsafe Starting or Backing","Parked Motor Vehicle","N","N","N","N"
6000117,"N","N","Fatal","Y",2013,19.75,"Winter","N","N","Sa","Y","N","Y","N","N","N","N","N","Dark - Street Lights","Sideswipe","Unsafe Speed","Other Motor Vehicle","Y","N","N","N"
6001712,"N","N","Fatal","Y",2013,9.41666666666667,"Winter","N","N","F","N","Y","Y","N","N","N","N","N","Daylight","Sideswipe","Automobile Right of Way","Other Motor Vehicle","N","N","N","N"
6002611,"N","N","Fatal","Y",2013,11.8333333333333,"Winter","N","N","Sa","N","N","Y","N","N","N","N","N","Dark - Street Lights","Sideswipe","Wrong Side of Road","Parked Motor Vehicle","N","N","N","N"
6015558,"N","N","Fatal","Y",2013,14.75,"Winter","N","N","Su","N","Y","N","Y","N","N","N","N","Daylight","Rear End","Wrong Side of Road","Other Motor Vehicle","N","N","N","N"
6019212,"N","N","Fatal","Y",2013,15.8333333333333,"Spring","N","N","Su","N","Y","Y","N","N","N","N","N","Daylight","Rear End","Automobile Right of Way","Other Motor Vehicle","N","N","N","N"
6019255,"N","N","Fatal","Y",2013,20.0166666666667,"Spring","N","N","Sa","N","Y","Y","N","N","N","N","N","Dark - Street Lights","Sideswipe","Automobile Right of Way","Other Motor Vehicle","N","N","N","N"
6019291,"N","N","Fatal","Y",2013,17.5,"Spring","PM","N","Tu","N","Y","Y","N","N","N","N","N","Daylight","Sideswipe","Wrong Side of Road","Other Motor Vehicle","N","N","N","N"
6020896,"N","N","Fatal","Y",2013,17,"Spring","N","N","Su","Y","N","Y","N","N","N","N","N","Daylight",NA,"Pedestrian Violation","Other Motor Vehicle","N","N","N","N"
6021473,"N","N","Fatal","Y",2013,3.66666666666667,"Spring","N","Y","Su","N","N","Y","N","N","N","N","N","Dark - Street Lights","Head-On","Unsafe Lane Change","Parked Motor Vehicle","N","N","N","N"
6023256,"N","N","Fatal","Y",2013,23.4166666666667,"Spring","N","Y","M","Y","N","Y","N","N","N","N","N","Dark - Street Lights","Rear End","Wrong Side of Road","Parked Motor Vehicle","N","N","N","N"
6023782,"N","N","Fatal","Y",2013,13.5,"Spring","N","N","F","N","Y","Y","N","N","N","N","N","Daylight","Rear End","Driving or Bicycling Under the Influence of Alcohol or Drug","Other Motor Vehicle","N","N","N","N"
6023795,"N","N","Fatal","Y",2013,15.3333333333333,"Winter","PM","N","F","N","Y","Y","N","N","N","N","N","Daylight","Overturned","Automobile Right of Way","Non-Collision","N","N","N","N"
6023822,"N","N","Fatal","Y",2013,12,"Spring","N","N","F","N","Y","Y","N","N","N","N","N","Daylight","Sideswipe","Improper Turning","Other Motor Vehicle","N","N","N","N"
6024951,"N","N","Fatal","Y",2013,8.5,"Winter","AM","N","Th","N","Y","Y","N","N","N","N","N","Daylight","Overturned","Driving or Bicycling Under the Influence of Alcohol or Drug","Non-Collision","N","N","N","N"
6034075,"N","N","Fatal","Y",2013,12.4166666666667,"Spring","N","N","F","N","Y","Y","N","N","N","N","N","Daylight","Sideswipe","Automobile Right of Way","Other Motor Vehicle","N","N","N","N"
6037100,"N","N","Fatal","Y",2013,8.25,"Spring","N","N","Sa","N","Y","Y","N","N","N","N","Y","Daylight","Rear End","Wrong Side of Road","Other Motor Vehicle","N","N","N","N"
6037151,"N","N","Fatal","Y",2013,7.83333333333333,"Spring","AM","N","Tu","N","Y","Y","N","N","N","N","N","Daylight","Overturned","Pedestrian Right of Way","Non-Collision","N","N","N","N"
6039075,"N","N","Fatal","Y",2013,11.4333333333333,"Spring","N","N","M","N","N","N","Y","N","N","N","N","Dark - Street Lights","Hit Object","Wrong Side of Road","Fixed Object","N","N","N","N"