"CASE_ID","mc_killed","mc_injured","collision_severity","severe","accident_year","hours_since_midnight","season","rush_hour","late_night","day_of_week","intersection","state_hwy_ind","w_clear","w_cloudy","w_rainy","w_other","road_not_dry","road_condition_issue","lighting","type_of_collision","pcf_viol_category","mviw","alcohol_involved","truck_accident","pedestrian_accident","bicycle_accident"
6039800,"N","N","Fatal","Y",2013,14.9333333333333,"Spring","N","N","M","N","Y","N","N","N","Y","N","N","Daylight","Hit Object","Code 20","Other Object","N","N","N","N"
6040351,"N","N","Fatal","Y",2013,18,"Spring","PM","N","W","N","Y","Y","N","N","N","N","N","Daylight","Sideswipe","Pedestrian Right of Way","Other Motor Vehicle","N","N","N","N"
6041177,"N","N","Fatal","Y",2013,9.83333333333333,"Spring","N","N","Th","N","Y","Y","N","N","N","N","N","Daylight","Sideswipe","Automobile Right of Way","Other Motor Vehicle","N","N","N","N"
6042760,"N","N","Fatal","Y",2013,7.58333333333333,"Spring","AM","N","Th","N","Y","Y","N","N","N","N","N","Daylight","Sideswipe","Improper Turning","Other Motor Vehicle","N","N","N","N"
6053627,"N","N","Fatal","Y",2013,15,"Spring","N","N","Su","Y","N","Y","N","N","N","N","N","Daylight","Sideswipe","Impeding Traffic","Other Motor Vehicle","Y","N","N","N"
6054340,"N","N","Fatal","Y",2013,7.16666666666667,"Spring","AM","N","W","N","Y","N","Y","N","N","N","N","Daylight","Rear End","Wrong Side of Road","Other Motor Vehicle","N","N","N","N"
6055648,"N","N","Fatal","Y",2013,15.0833333333333,"Spring","N","N","Sa","N","Y","Y","N","N","N","Y","Y","Daylight","Rear End","Code 20","Other Motor Vehicle","N","N","N","N"
6055692,"N","N","Fatal","Y",2013,19.1666666666667,"Spring","N","N","Tu","N","Y","Y","N","N","N","N","N","Daylight","Sideswipe","Automobile Right of Way","Other Motor Vehicle","N","N","N","N"
6055751,"N","N","Fatal","Y",2013,8.08333333333333,"Spring","AM","N","F","N","Y","Y","N","N","N","N","N","Daylight","Sideswipe","Automobile Right of Way","Other Motor Vehicle","N","N","N","N"
6055978,"N","N","Fatal","Y",2013,14.9166666666667,"Spring","N","N","Su","N","N","Y","N","N","N","N","N","Daylight","Rear End","Improper Passing","Other Motor Vehicle","N","N","N","N"
6056396,"N","N","Fatal","Y",2013,21.3333333333333,"Spring","N","N","F","N","N","Y","N","N","N","N","N","Dark - Street Lights","Other","Unsafe Starting or Backing","Parked Motor Vehicle","N","N","N","N"
6057212,"N","N","Fatal","Y",2013,8.83333333333333,"Spring","AM","N","Tu","N","Y","Y","N","N","N","N","N","Daylight",NA,"Wrong Side of Road","Other Motor Vehicle","N","N","N","N"
6057694,"N","N","Fatal","Y",2013,10.25,"Spring","N","N","F","N","Y","Y","N","N","N","N","N","Daylight","Sideswipe","Automobile Right of Way","Other Motor Vehicle","N","N","N","N"
6069043,"N","N","Fatal","Y",2013,19.7,"Spring","N","N","Th","N","N","N","N","Y","N","Y","N","Dark - Street Lights","Hit Object","Wrong Side of Road","Fixed Object","Y","N","N","N"
6069128,"N","N","Fatal","Y",2013,15.1666666666667,"Spring","N","N","Su","N","Y","Y","N","N","N","N","N","Daylight","Rear End","Wrong Side of Road","Other Motor Vehicle","N","N","N","N"
6075834,"N","N","Fatal","Y",2013,17.3333333333333,"Spring","PM","N","Th","N","Y","Y","N","N","N","N","N","Daylight","Overturned","Automobile Right of Way","Non-Collision","N","N","N","N"
6087087,"N","N","Fatal","Y",2013,13.75,"Spring","N","N","Su","N","Y","Y","N","N","N","N","N","Daylight","Rear End","Wrong Side of Road","Other Motor Vehicle","N","N","N","N"
6093935,"N","N","Fatal","Y",2013,17.25,"Winter","PM","N","W","N","N","Y","N","N","N","N","N","Daylight",NA,"Automobile Right of Way","Other Motor Vehicle","N","N","N","N"
6095619,"N","N","Fatal","Y",2013,19.5833333333333,"Spring","N","N","Sa","N","N","Y","N","N","N","N","N","Dark - Street Lights","Sideswipe","Unsafe Speed","Parked Motor Vehicle","Y","N","N","N"
6100351,"N","N","Fatal","Y",2013,16,"Spring","PM","N","W","N","N","Y","N","N","N","N","N","Daylight","Rear End","Wrong Side of Road","Parked Motor Vehicle","N","N","N","N"
6101514,"N","N","Fatal","Y",2013,8.66666666666667,"Spring","AM","N","M","N","N","Y","N","N","N","N","N","Dark - Street Lights","Head-On","Driving or Bicycling Under the Influence of Alcohol or Drug","Parked Motor Vehicle","N","N","N","N"
6101597,"N","N","Fatal","Y",2013,2.1,"Spring","N","Y","Sa","N","N","Y","N","N","N","N","N","Dark - Street Lights","Sideswipe","Unsafe Speed","Other Motor Vehicle","Y","N","N","N"
6102849,"N","N","Fatal","Y",2013,22.25,"Spring","N","N","F","Y","N","Y","N","N","N","N","N","Dark - Street Lights","Broadside","Unsafe Speed","Other Motor Vehicle","Y","N","N","N"
6102904,"N","N","Fatal","Y",2013,10.6666666666667,"Spring","N","N","F","Y","Y","Y","N","N","N","N","N",NA,"Broadside","Lights","Other Motor Vehicle","N","N","N","N"
6102921,"N","N","Fatal","Y",2013,21.25,"Spring","N","N","Th","N","N","Y","N","N","N","N","N","Dark - Street Lights","Other","Unsafe Starting or Backing","Parked Motor Vehicle","N","N","N","N"
6105099,"N","N","Fatal","Y",2013,22.3333333333333,"Spring","N","N","Sa","N","N","Y","N","N","N","N","N","Dark - Street Lights","Rear End","Unsafe Speed","Other Motor Vehicle","Y","N","N","N"
6111107,"N","N","Fatal","Y",2013,8.58333333333333,"Spring","AM","N","W","N","Y","N","Y","N","N","N","N","Daylight","Sideswipe","Wrong Side of Road","Other Motor Vehicle","N","N","N","N"
6113247,"N","N","Fatal","Y",2013,14.9166666666667,"Spring","N","N","Th","N","Y","Y","N","N","N","N","N","Daylight","Sideswipe","Wrong Side of Road","Other Motor Vehicle","N","N","N","N"
6114359,"N","N","Fatal","Y",2013,9.5,"Spring","N","N","Tu","N","Y","Y","N","N","N","N","N","Daylight","Overturned","Wrong Side of Road",NA,"N","N","N","N"
6114375,"N","N","Fatal","Y",2013,11.1666666666667,"Spring","N","N","Sa","N","Y","Y","N","N","N","N","N","Daylight","Sideswipe","Automobile Right of Way","Other Motor Vehicle","N","N","N","N"
6116080,"N","N","Fatal","Y",2013,6.7,"Spring","N","N","F","N","Y","N","Y","N","N","N","N","Daylight","Sideswipe","Automobile Right of Way","Other Motor Vehicle","N","N","N","N"
6117611,"N","N","Fatal","Y",2013,6.75,"Spring","N","N","Tu","N","Y","Y","N","N","N","N","N","Daylight","Overturned","Impeding Traffic","Non-Collision","N","N","N","N"
6119244,"N","N","Fatal","Y",2013,13.6666666666667,"Summer","N","N","Th","N","N","Y","N","N","N","N","N","Daylight","Other","Unsafe Lane Change","Other Motor Vehicle","N","N","N","N"
6122676,"N","N","Fatal","Y",2013,14.6666666666667,"Summer","N","N","F","N","Y","Y","N","N","N","N","N","Daylight","Rear End","Wrong Side of Road","Other Motor Vehicle","N","N","N","N"
6123529,"N","N","Fatal","Y",2013,13.4166666666667,"Summer","N","N","Sa","N","Y","Y","N","N","N","N","N","Daylight","Rear End","Wrong Side of Road","Other Motor Vehicle","N","N","N","N"
6123581,"N","N","Fatal","Y",2013,20.8333333333333,"Spring","N","N","Su","N","N","Y","N","N","N","N","N","Dark - Street Lights","Sideswipe","Unsafe Speed","Other Motor Vehicle","Y","N","N","N"
6125282,"N","N","Fatal","Y",2013,7.41666666666667,"Spring","AM","N","F","N","Y","Y","N","N","N","N","N","Daylight","Sideswipe","Automobile Right of Way","Other Motor Vehicle","N","N","N","N"
6125306,"N","N","Fatal","Y",2013,7.91666666666667,"Summer","AM","N","Tu","N","Y","Y","N","N","N","N","N","Daylight","Rear End","Wrong Side of Road","Other Motor Vehicle","N","N","N","N"
6128020,"N","N","Fatal","Y",2013,6.91666666666667,"Spring","N","N","M","N","Y","Y","N","N","N","N","N","Daylight","Sideswipe","Impeding Traffic","Other Motor Vehicle","N","N","N","N"
6128027,"N","N","Fatal","Y",2013,18.3,"Summer","PM","N","M","N","Y","Y","N","N","N","N","N","Daylight","Rear End","Automobile Right of Way","Other Motor Vehicle","N","N","N","N"
6128029,"N","N","Fatal","Y",2013,17.25,"Summer","PM","N","W","N","Y","Y","N","N","N","N","N","Daylight","Sideswipe","Automobile Right of Way","Other Motor Vehicle","N","N","N","N"
6129267,"N","N","Fatal","Y",2013,16.6333333333333,"Summer","PM","N","F","N","Y","Y","N","N","N","N","N","Daylight","Sideswipe","Driving or Bicycling Under the Influence of Alcohol or Drug","Other Motor Vehicle","N","N","N","N"
6134929,"N","N","Fatal","Y",2013,21.9166666666667,"Spring","N","N","W","N","N","Y","N","N","N","N","N","Dark - Street Lights","Sideswipe","Automobile Right of Way","Other Motor Vehicle","N","N","N","N"
6136926,"N","N","Fatal","Y",2013,10.5,"Summer","N","N","Th","N","N","Y","N","N","N","N","N","Daylight","Other","Code 20","Other Object","N","N","N","N"
6136927,"N","N","Fatal","Y",2013,10.1666666666667,"Summer","N","N","W","N","N","Y","N","N","N","N","N","Daylight","Sideswipe","Automobile Right of Way","Other Motor Vehicle","N","N","N","N"
6137641,"N","N","Fatal","Y",2013,23.1666666666667,"Summer","N","Y","Th","N","N","Y","N","N","N","N","N","Dark - Street Lights","Rear End","Pedestrian Right of Way","Parked Motor Vehicle","N","N","N","N"
6139324,"N","N","Fatal","Y",2013,7.58333333333333,"Summer","AM","N","Th","N","Y","Y","N","N","N","N","N","Daylight","Hit Object","Pedestrian Right of Way","Fixed Object","N","N","N","N"
6139505,"N","N","Fatal","Y",2013,9.91666666666667,"Summer","N","N","M","N","Y","Y","N","N","N","N","N","Daylight","Rear End","Wrong Side of Road","Other Motor Vehicle","N","N","N","N"
6139593,"N","N","Fatal","Y",2013,13.8333333333333,"Summer","N","N","Tu","N","Y","Y","N","N","N","N","N","Daylight","Sideswipe","Automobile Right of Way","Other Motor Vehicle","N","N","N","N"
6142712,"N","N","Fatal","Y",2013,12.9166666666667,"Summer","N","N","Su","N","Y","Y","N","N","N","N","N","Daylight","Rear End","Automobile Right of Way","Other Motor Vehicle","N","N","N","N"
6147170,"N","N","Fatal","Y",2013,18.4333333333333,"Summer","PM","N","Tu","N","Y","Y","N","N","N","N","N","Daylight","Sideswipe","Pedestrian Right of Way","Other Motor Vehicle","N","N","N","N"
6149559,"N","N","Fatal","Y",2013,0.0833333333333333,"Summer","N","Y","Su","N","N","Y","N","N","N","N","N","Dark - Street Lights","Sideswipe","Automobile Right of Way","Parked Motor Vehicle","N","N","N","N"
6150213,"N","N","Fatal","Y",2013,18.3333333333333,"Summer","PM","N","M","N","Y","Y","N","N","N","N","N","Daylight","Rear End","Unsafe Starting or Backing","Other Motor Vehicle","N","N","N","N"
6151569,"N","N","Fatal","Y",2013,17.8333333333333,"Summer","PM","N","F","N","Y","Y","N","N","N","N","N","Daylight","Sideswipe","Automobile Right of Way","Other Motor Vehicle","N","N","N","N"
6156381,"N","N","Fatal","Y",2013,15,"Summer","PM","N","W","N","N","Y","N","N","N","N","N","Daylight","Sideswipe","Impeding Traffic","Parked Motor Vehicle","N","N","N","N"
6159184,"N","N","Fatal","Y",2013,13.9,"Summer","N","N","F","N","Y","Y","N","N","N","N","N","Daylight","Hit Object","Pedestrian Right of Way","Fixed Object","N","Y","N","N"
6159198,"N","N","Fatal","Y",2013,6.75,"Summer","N","N","Th","N","Y","Y","N","N","N","N","N","Daylight","Rear End","Automobile Right of Way","Other Motor Vehicle","N","N","N","N"
6159570,"N","N","Fatal","Y",2013,15.7333333333333,"Summer","PM","N","W","N","Y","Y","N","N","N","N","N","Daylight","Sideswipe","Pedestrian Right of Way","Other Motor Vehicle","N","N","N","N"
6163832,"N","N","Fatal","Y",2013,11.25,"Summer","N","N","Th","N","N","Y","N","N","N","N","N","Daylight","Sideswipe","Pedestrian Right of Way","Other Motor Vehicle","N","N","N","N"
6163963,"N","N","Fatal","Y",2013,19.75,"Summer","N","N","Su","N","Y","Y","N","N","N","N","N","Daylight","Rear End","Unsafe Speed","Other Motor Vehicle","Y","N","N","N"
6164847,"N","N","Fatal","Y",2013,10.75,"Summer","N","N","M","N","Y","Y","N","N","N","N","Y","Daylight","Rear End","Wrong Side of Road","Other Motor Vehicle","N","N","N","N"
6167923,"N","N","Fatal","Y",2013,16.25,"Summer","PM","N","Tu","N","N","Y","N","N","N","N","N","Daylight",NA,"Pedestrian Violation","Other Motor Vehicle","N","N","N","N"
6170750,"N","N","Fatal","Y",2013,12,"Summer","N","N","Th","N","N","N","Y","N","N","N","N","Daylight","Other","Unsafe Starting or Backing","Parked Motor Vehicle","N","N","N","N"
6173576,"N","N","Fatal","Y",2013,2.16666666666667,"Summer","N","Y","M","N","Y","Y","N","N","N","N","N","Dark - Street Lights","Overturned","Unsafe Speed","Fixed Object","Y","N","N","N"
6176012,"N","N","Fatal","Y",2013,16.25,"Summer","PM","N","W","Y","N","Y","N","N","N","N","N","Daylight","Head-On","Pedestrian Violation","Other Motor Vehicle","N","N","N","N"
6176553,"N","N","Fatal","Y",2013,20.75,"Summer","N","N","Sa","Y","N","N","Y","N","N","N","N","Dark - Street Lights","Rear End","Unsafe Speed","Other Motor Vehicle","Y","N","N","N"
6179514,"N","N","Fatal","Y",2013,18.1666666666667,"Summer","N","N","Su","N","N","Y","N","N","N","N","N","Dusk or Dawn","Sideswipe","Unsafe Starting or Backing","Parked Motor Vehicle","Y","N","N","N"
6185220,"N","N","Fatal","Y",2013,13.5833333333333,"Summer","N","N","M","N","N","Y","N","N","N","N","N","Dark - Street Lights","Sideswipe","Other Improper Driving","Parked Motor Vehicle","N","N","N","N"
6189538,"N","N","Fatal","Y",2013,16.0833333333333,"Summer","PM","N","W","N","Y","Y","N","N","N","N","N","Daylight","Sideswipe","Pedestrian Right of Way","Other Motor Vehicle","N","N","N","N"
6192859,"N","N","Fatal","Y",2013,22.0333333333333,"Summer","N","N","Sa","Y","N","Y","N","N","N","N","N","Dark - Street Lights","Rear End","Wrong Side of Road","Parked Motor Vehicle","Y","N","N","N"
6194077,"N","N","Fatal","Y",2013,11.4166666666667,"Summer","N","N","W","N","Y","Y","N","N","N","N","N","Daylight","Sideswipe","Wrong Side of Road","Other Motor Vehicle","N","N","N","N"
6196784,"N","N","Fatal","Y",2013,14.25,"Summer","N","N","F","Y","N","Y","N","N","N","N","N","Daylight","Broadside","Pedestrian Violation","Other Motor Vehicle","N","N","N","N"
6199617,"N","N","Fatal","Y",2013,1.5,"Summer","N","Y","Sa","Y","N","Y","N","N","N","N","N","Dark - Street Lights","Broadside","Pedestrian Violation","Other Motor Vehicle","Y","N","N","N"
6201189,"N","N","Fatal","Y",2013,15.25,"Summer","PM","N","Th","N","Y","Y","N","N","N","N","N","Daylight","Rear End","Wrong Side of Road","Other Motor Vehicle","N","N","N","N"
6207165,"N","N","Fatal","Y",2013,20.75,"Summer","N","N","Th","N","N","Y","N","N","N","N","N","Dark - Street Lights","Broadside","Unsafe Starting or Backing","Parked Motor Vehicle","N","N","N","N"
6208566,"N","N","Fatal","Y",2013,21.75,"Fall","N","N","W","Y","N","Y","N","N","N","N","N","Dark - Street Lights","Sideswipe","Pedestrian Right of Way","Other Motor Vehicle","N","N","N","N"
6212109,"N","N","Fatal","Y",2013,1.16666666666667,"Summer","N","Y","Sa","Y","N","Y","N","N","N","N","N","Daylight","Broadside","Unsafe Speed","Other Motor Vehicle","Y","N","N","N"
6213008,"N","N","Fatal","Y",2013,14.75,"Summer","N","N","Tu","N","N","Y","N","N","N","N","N","Daylight","Rear End","Improper Passing","Other Motor Vehicle","N","N","N","N"
6216918,"N","N","Fatal","Y",2013,19.4166666666667,"Fall","N","N","Tu","Y","N","Y","N","N","N","N","N","Dark - No Street Lights","Rear End","Code 19","Other Motor Vehicle","Y","N","N","N"
6221732,"N","N","Fatal","Y",2013,16.75,"Fall","PM","N","Th","N","N","Y","N","N","N","N","N","Daylight","Sideswipe","Wrong Side of Road","Parked Motor Vehicle","N","N","N","N"
6221758,"N","N","Fatal","Y",2013,14.75,"Fall","N","N","W","N","N","Y","N","N","N","N",NA,"Daylight","Sideswipe","Wrong Side of Road","Parked Motor Vehicle","N","N","N","N"
6223398,"N","N","Fatal","Y",2013,17.4333333333333,"Fall","PM","N","M","N","Y","Y","N","N","N","N","N","Daylight","Sideswipe","Automobile Right of Way","Other Motor Vehicle","N","N","N","N"
6223597,"N","N","Fatal","Y",2013,20.1666666666667,"Summer","N","N","Tu","N","Y","Y","N","N","N","N","N","Dark - Street Lights","Broadside","Pedestrian Violation","Bicycle","N","N","N","Y"
6224433,"N","N","Fatal","Y",2013,16.5,"Fall","PM","N","W","N","N","Y","N","N","N","N","N","Daylight","Broadside","Pedestrian Right of Way","Other Motor Vehicle","N","N","N","N"
6230904,"N","N","Fatal","Y",2013,19.7666666666667,"Fall","N","N","F","N","Y","Y","N","N","N","N","N","Dark - No Street Lights","Sideswipe","Wrong Side of Road","Other Motor Vehicle","N","N","N","N"
6230955,"N","N","Fatal","Y",2013,8.5,"Fall","AM","N","M","N","Y","Y","N","N","N","N","N","Daylight","Sideswipe","Automobile Right of Way","Other Motor Vehicle","N","N","N","N"
6234615,"N","N","Fatal","Y",2013,21.9166666666667,"Fall","N","N","Th","N","N","Y","N","N","N","N","N","Dark - Street Lights","Broadside","Unsafe Starting or Backing","Parked Motor Vehicle","N","N","N","N"
6234623,"N","N","Fatal","Y",2013,17.5,"Fall","N","N","Sa","N","N","Y","N","N","N","N","Y","Daylight","Broadside","Wrong Side of Road","Parked Motor Vehicle","Y","N","N","N"
6237968,"N","N","Fatal","Y",2013,8.33333333333333,"Fall","AM","N","F","N","Y","Y","N","N","N","N","N","Daylight","Rear End","Wrong Side of Road","Other Motor Vehicle","N","N","N","N"
6238500,"N","N","Fatal","Y",2013,16,"Fall","N","N","Sa","N","N","Y","N","N","N","N","N","Daylight","Broadside","Pedestrian Violation","Other Motor Vehicle","N","N","N","N"
6239348,"N","N","Fatal","Y",2013,20.4166666666667,"Summer","N","N","Sa","N","Y","Y","N","N","N","N","N","Dark - Street Lights","Hit Object","Code 20","Other Object","N","N","N","N"
6239401,"N","N","Fatal","Y",2013,7.16666666666667,"Summer","AM","N","F","N","Y","Y","N","N","N","N","N","Daylight","Rear End","Wrong Side of Road","Other Motor Vehicle","N","N","N","N"
6241681,"N","N","Fatal","Y",2013,15,"Fall","PM","N","Tu","N","N","Y","N","N","N","N","N","Daylight","Sideswipe","Unsafe Lane Change","Other Motor Vehicle","N","N","N","N"
6241793,"N","N","Fatal","Y",2013,10.1333333333333,"Summer","N","N","M","N","N","Y","N","N","N","N","N","Daylight","Rear End","Other Improper Driving","Parked Motor Vehicle","N","N","N","N"
6247505,"N","N","Fatal","Y",2013,22,"Fall","N","N","Sa","N","N","Y","N","N","N","N","N","Dark - No Street Lights","Rear End","Improper Turning","Parked Motor Vehicle","N","N","N","N"
6248960,"N","N","Fatal","Y",2013,15.8333333333333,"Fall","N","N","Su","N","Y","Y","N","N","N","N","N","Daylight","Sideswipe","Driving or Bicycling Under the Influence of Alcohol or Drug","Other Motor Vehicle","N","N","N","N"
6249750,"N","N","Fatal","Y",2013,20.1666666666667,"Fall","N","N","W","N","Y","Y","N","N","N","N","N","Dark - Street Lights","Sideswipe","Wrong Side of Road","Other Motor Vehicle","N","N","N","N"
6257395,"N","N","Fatal","Y",2013,14.5,"Fall","N","N","F","Y","N","Y","N","N","N","N","N","Daylight","Hit Object","Driving or Bicycling Under the Influence of Alcohol or Drug","Fixed Object","N","N","N","N"
6259592,"N","N","Fatal","Y",2013,13.5,"Fall","N","N","F","N","Y","Y","N","N","N","N","N","Daylight","Sideswipe","Wrong Side of Road","Other Motor Vehicle","N","N","N","N"
6259594,"N","N","Fatal","Y",2013,17.9666666666667,"Fall","PM","N","W","N","Y","Y","N","N","N","N","N","Daylight","Rear End","Wrong Side of Road","Other Motor Vehicle","N","N","N","N"
6266245,"N","N","Fatal","Y",2013,8.75,"Fall","AM","N","M","N","N","N","Y","N","N","N","N","Daylight","Rear End","Driving or Bicycling Under the Influence of Alcohol or Drug","Other Motor Vehicle","N","N","N","N"
6276404,"N","N","Fatal","Y",2013,17.3333333333333,"Fall","PM","N","Th","N","Y","Y","N","N","N","N","N","Dark - Street Lights","Sideswipe","Automobile Right of Way","Other Motor Vehicle","N","N","N","N"
6280043,"N","N","Fatal","Y",2013,13.1666666666667,"Fall","N","N","Su","N","N","Y","N","N","N","N","N","Daylight","Hit Object","Wrong Side of Road","Fixed Object","N","N","N","N"
6280918,"N","N","Fatal","Y",2013,0.183333333333333,"Winter","N","Y","W","N","Y","Y","N","N","N","N","N","Dark - No Street Lights","Broadside","Wrong Side of Road","Other Motor Vehicle","N","N","N","N"
6284229,"N","N","Fatal","Y",2013,18.3333333333333,"Fall","N","N","Sa","N","Y","Y","N","N","N","N","N","Dark - Street Lights","Overturned","Pedestrian Right of Way","Non-Collision","N","N","N","N"
6287111,"N","N","Fatal","Y",2013,20.3333333333333,"Winter","N","N","F","Y","N","Y","N","N","N","N","N","Dark - Street Lights","Broadside","Pedestrian Right of Way","Other Motor Vehicle","Y","N","N","N"
6297351,"N","N","Fatal","Y",2013,23.25,"Fall","N","Y","Th","N","Y","Y","N","N","N","N","Y","Dark - Street Lights","Rear End","Wrong Side of Road","Other Motor Vehicle","N","N","N","N"
6304378,"N","N","Fatal","Y",2013,16.4666666666667,"Winter","PM","N","M","N","Y","Y","N","N","N","N","N","Daylight","Sideswipe","Automobile Right of Way","Other Motor Vehicle","N","N","N","N"
6304383,"N","N","Fatal","Y",2013,8.33333333333333,"Fall","AM","N","Th","N","Y","Y","N","N","N","N","N","Daylight","Sideswipe","Improper Turning","Other Motor Vehicle","N","N","N","N"
6304399,"N","N","Fatal","Y",2013,18.3333333333333,"Fall","PM","N","M","N","Y","N","Y","N","N","N","N","Dark - Street Lights","Sideswipe","Automobile Right of Way","Other Motor Vehicle","N","N","N","N"
6304806,"N","N","Fatal","Y",2013,9.5,"Fall","N","N","Tu","N","Y","Y","N","N","N","N","N","Daylight","Sideswipe","Automobile Right of Way","Other Motor Vehicle","N","N","N","N"
6304963,"N","N","Fatal","Y",2013,8.66666666666667,"Fall","AM","N","Th","N","Y","Y","N","N","N","N","N","Daylight","Sideswipe","Automobile Right of Way","Other Motor Vehicle","N","N","N","N"
6306470,"N","N","Fatal","Y",2013,23.5,"Fall","N","Y","W","N","N","Y","N","N","N","N","N","Dark - Street Lights","Rear End","Wrong Side of Road","Parked Motor Vehicle","N","N","N","N"
6308283,"N","N","Fatal","Y",2013,8.25,"Fall","AM","N","W","N","Y","Y","N","N","N","N","N","Daylight","Sideswipe","Automobile Right of Way","Other Motor Vehicle","N","N","N","N"
6308312,"N","N","Fatal","Y",2013,19.5,"Fall","N","N","F","Y","N","Y","N","N","N","N","N","Dark - Street Lights","Broadside","Pedestrian Violation","Other Motor Vehicle","N","N","N","N"
6311963,"N","N","Fatal","Y",2013,23.75,"Winter","N","Y","Sa","N","N","Y","N","N","N","N","N","Dark - Street Lights","Sideswipe","Wrong Side of Road","Parked Motor Vehicle","N","N","N","N"
6314563,"N","N","Fatal","Y",2013,12.75,"Fall","N","N","M","N","N","Y","N","N","N","N","N","Daylight","Broadside","Pedestrian Right of Way","Other Motor Vehicle","N","N","N","N"
6315264,"N","N","Fatal","Y",2013,10.4166666666667,"Fall","N","N","F","Y","N","N","Y","N","N","N","N","Daylight","Broadside","Pedestrian Right of Way","Other Motor Vehicle","N","N","N","N"
6318900,"N","N","Fatal","Y",2013,22,"Winter","N","N","Su","N","N","Y","N","N","N","N","N","Dark - Street Lights","Rear End","Unsafe Speed","Other Motor Vehicle","Y","N","N","N"
6318908,"N","N","Fatal","Y",2013,4,"Winter","N","Y","Sa","N","N","Y","N","N","N","N","N","Dark - Street Lights","Hit Object","Wrong Side of Road","Fixed Object","N","N","N","N"
6318946,"N","N","Fatal","Y",2013,10.25,"Winter","N","N","W","N","N","Y","N","N","N","N","N","Daylight","Other","Unsafe Starting or Backing","Parked Motor Vehicle","N","N","N","N"
6319750,"N","N","Fatal","Y",2013,2.33333333333333,"Fall","N","Y","F","N","N","Y","N","N","N","N","N","Dark - Street Lights","Broadside","Unsafe Starting or Backing","Parked Motor Vehicle","N","N","N","N"
6320692,"N","N","Fatal","Y",2013,18.5,"Winter","PM","N","Tu","N","Y","Y","N","N","N","N","N","Dark - Street Lights","Rear End","Wrong Side of Road","Other Motor Vehicle","N","N","N","N"
6321885,"N","N","Fatal","Y",2013,10.5333333333333,"Winter","N","N","Sa","N","Y","N","Y","N","N","N","N","Daylight","Rear End","Wrong Side of Road","Other Motor Vehicle","N","N","N","N"
6321898,"N","N","Fatal","Y",2013,14.75,"Winter","N","N","M","N","Y","Y","N","N","N","N","N","Daylight","Sideswipe","Wrong Side of Road","Other Motor Vehicle","N","N","N","N"
6321910,"N","N","Fatal","Y",2013,18.1666666666667,"Winter","PM","N","Tu","N","Y","Y","N","N","N","N","N","Dark - Street Lights","Sideswipe","Automobile Right of Way","Other Motor Vehicle","N","N","N","N"
6322062,"N","N","Fatal","Y",2013,2.16666666666667,"Fall","N","Y","F","N","N","Y","N","N","N","N","N","Dark - Street Lights","Broadside","Wrong Side of Road","Other Motor Vehicle","N","N","N","N"
6322441,"N","N","Fatal","Y",2013,14.8333333333333,"Fall","N","N","Tu","N","Y","N","Y","N","N","N","N","Daylight","Sideswipe","Wrong Side of Road","Other Motor Vehicle","N","N","N","N"
6322820,"N","N","Fatal","Y",2013,9.5,"Winter","N","N","F","N","Y","Y","N","N","N","N","Y","Daylight","Sideswipe","Pedestrian Right of Way","Other Motor Vehicle","Y","N","N","N"
6322863,"N","N","Fatal","Y",2013,16.9,"Winter","PM","N","M","N","Y","Y","N","N","N","N","N","Daylight",NA,"Automobile Right of Way","Other Motor Vehicle","N","N","N","N"
6323297,"N","N","Fatal","Y",2013,14.1666666666667,"Winter","N","N","Sa","N","Y","Y","N","N","N","N","N","Daylight","Sideswipe","Automobile Right of Way","Other Motor Vehicle","N","N","N","N"
6323318,"N","N","Fatal","Y",2013,13.25,"Fall","N","N","Tu","N","Y","Y","N","N","N","N","N","Daylight","Overturned","Wrong Side of Road","Non-Collision","N","N","N","N"
6324124,"N","N","Fatal","Y",2013,7.83333333333333,"Winter","AM","N","F","N","Y","Y","N","N","N","N","N","Daylight","Rear End","Wrong Side of Road","Other Motor Vehicle","N","N","N","N"
6324154,"N","N","Fatal","Y",2013,7.75,"Winter","AM","N","M","N","Y","Y","N","N","N","N","N","Daylight","Other","Code 20","Non-Collision","N","N","N","N"
6332018,"N","N","Fatal","Y",2013,10.0833333333333,"Winter","N","N","Tu","N","Y","Y","N","N","N","N","N","Daylight","Rear End","Wrong Side of Road","Other Motor Vehicle","N","N","N","N"
6333488,"N","N","Fatal","Y",2013,7.66666666666667,"Spring","AM","N","F","N","N","Y","N","N","N","N","N","Daylight","Sideswipe","Pedestrian Right of Way","Other Motor Vehicle","N","N","N","N"
6334396,"N","N","Fatal","Y",2013,15,"Spring","PM","N","M","N","N","Y","N","N","N","N","N","Daylight","Sideswipe","Pedestrian Right of Way","Other Motor Vehicle","N","N","N","N"
6334422,"N","N","Fatal","Y",2013,15.6666666666667,"Spring","PM","N","Tu","N","Y","Y","N","N","N","N","N","Daylight","Sideswipe","Pedestrian Right of Way","Other Motor Vehicle","N","N","N","N"
6334475,"N","N","Fatal","Y",2013,6.33333333333333,"Spring","N","N","Th","N","Y","Y","N","N","N","N","N","Daylight","Sideswipe","Pedestrian Right of Way","Other Motor Vehicle","N","N","N","N"
6334487,"N","N","Fatal","Y",2013,21.1666666666667,"Spring","N","N","Th","N","Y","Y","N","N","N","N","Y","Dark - No Street Lights","Rear End","Wrong Side of Road","Other Motor Vehicle","N","N","N","N"
6341881,"N","N","Fatal","Y",2013,21.4166666666667,"Spring","N","N","W","N","Y","Y","N","N","N","N","N","Dark - No Street Lights","Sideswipe","Driving or Bicycling Under the Influence of Alcohol or Drug","Other Motor Vehicle","N","N","N","N"
6341892,"N","N","Fatal","Y",2013,7.83333333333333,"Spring","AM","N","F","N","Y","N","Y","N","N","N",NA,"Daylight","Sideswipe","Automobile Right of Way","Other Motor Vehicle","N","N","N","N"
6341990,"N","N","Fatal","Y",2013,7.41666666666667,"Spring","AM","N","W","N","Y","N","Y","N","N","N","N","Daylight","Sideswipe","Impeding Traffic","Other Motor Vehicle","N","N","N","N"
6345480,"N","N","Fatal","Y",2013,23.75,"Winter","N","Y","W","N","N","Y","N","N","N","N","N","Dark - Street Lights","Sideswipe","Wrong Side of Road","Other Motor Vehicle","N","N","N","N"
6345643,"N","N","Fatal","Y",2013,12.0833333333333,"Winter","N","N","Sa","N","Y","Y","N","N","N","N","N","Daylight","Rear End","Wrong Side of Road","Other Motor Vehicle","N","N","N","N"