"CASE_ID","mc_killed","mc_injured","collision_severity","severe","accident_year","hours_since_midnight","season","rush_hour","late_night","day_of_week","intersection","state_hwy_ind","w_clear","w_cloudy","w_rainy","w_other","road_not_dry","road_condition_issue","lighting","type_of_collision","pcf_viol_category","mviw","alcohol_involved","truck_accident","pedestrian_accident","bicycle_accident"
6347574,"N","N","Fatal","Y",2013,20.0833333333333,"Winter","N","N","Tu","N","Y","Y","N","N","N","N","N","Dark - Street Lights","Sideswipe","Pedestrian Right of Way","Other Motor Vehicle","N","N","N","N"
6348934,"N","N","Fatal","Y",2013,9.66666666666667,"Winter","N","N","Tu","N","N","Y","N","N","N","N","N","Daylight","Other","Unsafe Starting or Backing","Parked Motor Vehicle","N","N","N","N"
6355628,"N","N","Fatal","Y",2013,17,"Fall","PM","N","Tu","N","N","Y","N","N","N","N","N","Dusk or Dawn","Broadside","Wrong Side of Road","Parked Motor Vehicle","N","N","N","N"
6360099,"N","N","Fatal","Y",2013,14.1666666666667,"Spring","N","N","Su","N","Y","Y","N","N","N","N","N","Daylight","Rear End","Wrong Side of Road","Other Motor Vehicle","N","N","N","N"
6360158,"N","N","Fatal","Y",2013,14.0166666666667,"Spring","N","N","W","N","Y","Y","N","N","N","N","Y","Daylight","Rear End","Wrong Side of Road","Other Motor Vehicle","Y","N","N","N"
6362149,"N","N","Fatal","Y",2013,11.5,"Spring","N","N","Tu","N","Y","Y","N","N","N","N","N","Daylight","Overturned","Wrong Side of Road","Non-Collision","N","N","N","N"
6370562,"N","N","Fatal","Y",2013,0.15,"Winter","N","Y","W","N","Y","Y","N","N","N","N","N","Dark - No Street Lights","Overturned","Wrong Side of Road","Non-Collision","N","N","N","N"
6370570,"N","N","Fatal","Y",2013,0.166666666666667,"Winter","N","Y","W","N","Y","Y","N","N","N","N","N","Dark - No Street Lights","Broadside","Wrong Side of Road","Other Motor Vehicle","N","N","N","N"
6370594,"N","N","Fatal","Y",2013,0.2,"Winter","N","Y","W","N","Y","Y","N","N","N","N","N","Dark - No Street Lights","Broadside","Wrong Side of Road","Other Motor Vehicle","N","N","N","N"
6374358,"N","N","Fatal","Y",2013,7.91666666666667,"Summer","AM","N","F","N","Y","Y","N","N","N","N","N","Daylight","Sideswipe","Automobile Right of Way","Other Motor Vehicle","N","N","N","N"
6374874,"N","N","Fatal","Y",2013,20.9166666666667,"Winter","N","N","Th","N","N","Y","N","N","N","N","N","Dark - No Street Lights","Other","Unsafe Starting or Backing","Parked Motor Vehicle","N","N","N","N"
6379714,"N","N","Fatal","Y",2013,8.75,"Fall","AM","N","Tu","N","Y","Y","N","N","N","N","N","Daylight","Sideswipe","Impeding Traffic","Other Motor Vehicle","N","N","N","N"
6379783,"N","N","Fatal","Y",2013,14.5833333333333,"Spring","N","N","Th","N","Y","Y","N","N","N","N","N","Daylight","Rear End","Pedestrian Right of Way","Other Motor Vehicle","N","N","N","N"
6379832,"N","N","Fatal","Y",2013,16,"Spring","PM","N","F","N","Y","Y","N","N","N","N","N","Daylight","Sideswipe","Pedestrian Right of Way","Other Motor Vehicle","Y","N","N","N"
6383736,"N","N","Fatal","Y",2013,18.3166666666667,"Fall","PM","N","W","N","Y","Y","N","N","N","N","N","Dark - Street Lights","Sideswipe","Automobile Right of Way","Other Motor Vehicle","N","N","N","N"
6384944,"N","N","Fatal","Y",2013,15.8333333333333,"Summer","PM","N","W","N","Y","Y","N","N","N","N","N","Daylight","Rear End","Wrong Side of Road","Other Motor Vehicle","N","N","N","N"
6391764,"N","N","Fatal","Y",2013,21.8666666666667,"Fall","N","N","Sa","N","Y","Y","N","N","N","N","N","Dark - No Street Lights","Rear End","Unsafe Speed","Other Motor Vehicle","Y","N","N","N"
6406461,"N","N","Fatal","Y",2013,10.0833333333333,"Summer","N","N","Th","N","Y","Y","N","N","N","N","N","Daylight","Sideswipe","Wrong Side of Road","Other Motor Vehicle","N","N","N","N"
6408130,"N","N","Fatal","Y",2013,19.4166666666667,"Summer","N","N","W","N","Y","Y","N","N","N","N","N","Daylight","Sideswipe","Automobile Right of Way","Other Motor Vehicle","N","N","N","N"
6408145,"N","N","Fatal","Y",2013,13.0833333333333,"Summer","N","N","Sa","N","Y","Y","N","N","N","N","N","Daylight","Sideswipe","Pedestrian Right of Way","Other Motor Vehicle","N","N","N","N"
6410704,"N","N","Fatal","Y",2013,10.1333333333333,"Summer","N","N","F","N","Y","Y","N","N","N","N","N","Daylight","Sideswipe","Pedestrian Right of Way","Other Motor Vehicle","N","N","N","N"
6411905,"N","N","Fatal","Y",2013,11.3333333333333,"Summer","N","N","Th","N","Y","Y","N","N","N","N","N","Daylight","Sideswipe","Pedestrian Right of Way","Other Motor Vehicle","N","N","N","N"
6412129,"N","N","Fatal","Y",2013,5.75,"Fall","N","N","Tu","N","Y","Y","N","N","N","N","N","Dark - Street Lights","Rear End","Wrong Side of Road","Other Motor Vehicle","N","N","N","N"
6412137,"N","N","Fatal","Y",2013,5.76666666666667,"Fall","N","N","Tu","N","Y","Y","N","N","N","N","N","Dark - Street Lights","Rear End","Wrong Side of Road","Other Motor Vehicle","Y","N","N","N"
6413936,"N","N","Fatal","Y",2013,17.3333333333333,"Fall","PM","N","W","N","Y","Y","N","N","N","N","N","Daylight","Sideswipe","Pedestrian Right of Way","Other Motor Vehicle","N","N","N","N"
6414993,"N","N","Fatal","Y",2013,5.75,"Fall","N","N","M","N","Y","Y","N","N","N","N","N","Dark - Street Lights","Rear End","Wrong Side of Road","Other Motor Vehicle","N","N","N","N"
6415053,"N","N","Fatal","Y",2013,23.6666666666667,"Fall","N","Y","Sa","N","Y","Y","N","N","N","N","N","Dark - Street Lights","Hit Object","Unsafe Speed","Fixed Object","Y","N","N","N"
6421764,"N","N","Fatal","Y",2013,10,"Fall","N","N","F","N","Y","Y","N","N","N","N","N","Daylight","Sideswipe","Wrong Side of Road","Other Motor Vehicle","N","N","N","N"
6421808,"N","N","Fatal","Y",2013,7.33333333333333,"Fall","AM","N","W","Y","N","Y","N","N","N","N","N","Daylight","Head-On","Pedestrian Violation","Other Motor Vehicle","N","N","N","N"
6433442,"N","N","Fatal","Y",2013,17.1666666666667,"Fall","PM","N","Th","N","Y","Y","N","N","N","N","N","Daylight","Sideswipe","Pedestrian Right of Way","Other Motor Vehicle","N","N","N","N"
6448376,"N","N","Fatal","Y",2013,14.75,"Winter","N","N","W","N","Y","Y","N","N","N","N","N","Daylight","Sideswipe","Pedestrian Right of Way","Other Motor Vehicle","N","N","N","N"
6448382,"N","N","Fatal","Y",2013,20.0333333333333,"Fall","N","N","Th","N","Y","Y","N","N","N","N","N","Dark - Street Lights","Sideswipe","Pedestrian Right of Way","Other Motor Vehicle","N","N","N","N"
6454170,"N","N","Fatal","Y",2013,17.5,"Fall","PM","N","Tu","N","Y","Y","N","N","N","N","N","Dusk or Dawn","Sideswipe","Pedestrian Right of Way","Other Motor Vehicle","N","N","N","N"
6470178,"N","N","Fatal","Y",2013,20.1666666666667,"Winter","N","N","Su","N","N","Y","N","N","N","N","N","Dark - Street Lights","Sideswipe","Automobile Right of Way","Other Motor Vehicle","N","N","N","N"
6541378,"N","N","Fatal","Y",2013,7.75,"Winter","AM","N","M","N","Y","Y","N","N","N","N","N","Daylight","Rear End","Wrong Side of Road","Other Motor Vehicle","N","N","N","N"
6290014,"Y","N","Injury (Severe)","Y",2014,17.9166666666667,"Winter","PM","N","Th","Y","N","N","N","Y","N","Y","N","Dark - Street Lights","Broadside","Pedestrian Violation","Other Motor Vehicle","N","N","N","N"
6290053,"Y","N","Injury (Severe)","Y",2014,15.8333333333333,"Winter","N","N","Su","Y","N","Y","N","N","N","N","N","Daylight","Head-On","Pedestrian Violation","Other Motor Vehicle","N","N","N","N"
6290110,"Y","N","Injury (Severe)","Y",2014,22.3333333333333,"Winter","N","N","Sa","Y","N","Y","N","N","N","N","N","Dark - Street Lights","Broadside","Pedestrian Violation","Other Motor Vehicle","N","N","N","N"
6290112,"Y","N","Injury (Severe)","Y",2014,23.5833333333333,"Winter","N","Y","Th","N","N","Y","N","N","N","N","N","Dark - Street Lights","Hit Object","Wrong Side of Road","Fixed Object","N","N","N","N"
6290119,"Y","N","Injury (Severe)","Y",2014,7.33333333333333,"Winter","AM","N","M","N","N","Y","N","N","N","N","N","Daylight","Sideswipe","Wrong Side of Road","Parked Motor Vehicle","N","N","N","N"
6290168,"Y","N","Injury (Severe)","Y",2014,18.6666666666667,"Winter","N","N","Su","Y","N","Y","N","N","N","N","N","Dark - Street Lights","Head-On","Pedestrian Violation","Other Motor Vehicle","Y","N","N","N"
6290289,"Y","N","Injury (Severe)","Y",2014,11.8333333333333,"Winter","N","N","Th","Y","N","Y","N","N","N","N","N","Daylight","Broadside","Lights","Other Motor Vehicle","N","N","N","N"
6290316,"Y","N","Injury (Severe)","Y",2014,0.333333333333333,"Spring","N","Y","Su","Y","N","Y","N","N","N","N","N","Dark - Street Lights","Broadside","Wrong Side of Road","Other Motor Vehicle","Y","N","N","N"
6290319,"Y","N","Injury (Severe)","Y",2014,20.7333333333333,"Winter","N","N","M","N","Y","Y","N","N","N","N","Y","Dark - No Street Lights","Rear End","Wrong Side of Road","Other Motor Vehicle","N","N","N","N"
6290457,"Y","N","Injury (Severe)","Y",2014,1.08333333333333,"Spring","N","Y","Sa","N","N","Y","N","N","N","N","N","Dark - Street Lights","Broadside","Lights","Other Motor Vehicle","N","N","N","N"
6290502,"Y","N","Injury (Severe)","Y",2014,19.5,"Spring","N","N","F","N","Y","Y","N","N","N","N","N","Dusk or Dawn","Sideswipe","Wrong Side of Road","Other Motor Vehicle","N","N","N","N"
6290542,"Y","N","Injury (Severe)","Y",2014,2.16666666666667,"Spring","N","Y","Tu","N","N","Y","N","N","N","N","N","Dark - Street Lights","Hit Object","Unsafe Lane Change","Fixed Object","Y","N","N","N"
6290563,"Y","Y","Injury (Severe)","Y",2014,18.75,"Spring","PM","N","W","N","N","Y","N","N","N","N","N","Dusk or Dawn","Rear End","Wrong Side of Road","Other Motor Vehicle","Y","N","N","N"
6290585,"Y","N","Injury (Severe)","Y",2014,20.8333333333333,"Spring","N","N","Th","N","N","Y","N","N","N","N","N","Dark - Street Lights","Broadside","Pedestrian Violation","Other Motor Vehicle","N","N","N","N"
6290679,"Y","N","Injury (Severe)","Y",2014,0.75,"Spring","N","Y","Sa","Y","N","Y","N","N","N","N","N","Dark - Street Lights","Broadside","Unsafe Speed","Other Motor Vehicle","Y","N","N","N"
6291196,"Y","N","Injury (Severe)","Y",2014,3.08333333333333,"Summer","N","Y","Sa","Y","N","Y","N","N","N","N","N","Dark - Street Lights","Broadside","Unsafe Speed","Other Motor Vehicle","Y","N","N","N"
6291200,"Y","N","Injury (Severe)","Y",2014,8.33333333333333,"Summer","N","N","Sa","Y","N","Y","N","N","N","N","N","Daylight","Broadside","Pedestrian Violation","Other Motor Vehicle","N","N","N","N"
6291223,"Y","N","Injury (Severe)","Y",2014,15.5833333333333,"Summer","PM","N","M","N","N","Y","N","N","N","N","N","Daylight","Hit Object","Wrong Side of Road","Fixed Object","N","Y","N","N"
6291227,"N","Y","Injury (Severe)","Y",2014,17.4166666666667,"Summer","PM","N","Th","N","N","Y","N","N","N","N","N","Daylight","Vehicle/Pedestrian","Hazardous Parking","Pedestrian","N","N","Y","N"
6291283,"N","N","Fatal","Y",2014,2.71666666666667,"Winter","N","Y","Sa","N","Y","Y","N","N","N","N","N","Dark - Street Lights","Hit Object","Unsafe Speed","Fixed Object","Y","N","N","N"
6291284,"Y","N","Injury (Severe)","Y",2014,2.75,"Winter","N","Y","Sa","N","Y","Y","N","N","N","N","N","Dark - Street Lights","Rear End","Unsafe Speed","Other Motor Vehicle","Y","N","N","N"
6291392,"Y","N","Injury (Severe)","Y",2014,21.75,"Summer","N","N","M","N","N","Y","N","N","N","N","N","Dark - Street Lights","Broadside","Unsafe Speed","Other Motor Vehicle","Y","N","N","N"
6291393,"Y","N","Injury (Severe)","Y",2014,18.25,"Summer","PM","N","M","Y","N","Y","N","N","N","N","N","Dusk or Dawn","Broadside","Wrong Side of Road","Other Motor Vehicle","N","N","N","N"
6291415,"Y","N","Injury (Severe)","Y",2014,18.0833333333333,"Summer","N","N","Sa","Y","Y","Y","N","N","N","N","N","Daylight","Broadside","Code 19","Other Motor Vehicle","N","N","N","N"
6291440,"N","Y","Injury (Complaint of Pain)","N",2014,19.25,"Summer","N","N","F","N","N","Y","N","N","N","N","N","Daylight","Hit Object","Wrong Side of Road","Fixed Object","N","N","N","N"
6291504,"Y","N","Injury (Severe)","Y",2014,21,"Summer","N","N","Su","Y","N","Y","N","N","N","N","N","Dark - Street Lights","Broadside","Pedestrian Violation","Other Motor Vehicle","N","N","N","N"
6291579,"Y","N","Injury (Severe)","Y",2014,9.91666666666667,"Fall","N","N","Th","Y","N","Y","N","N","N","N","N","Daylight","Broadside","Lights","Other Motor Vehicle","N","N","N","N"
6291580,"Y","N","Injury (Severe)","Y",2014,12.9166666666667,"Fall","N","N","Th","Y","N","Y","N","N","N","N","N","Daylight","Broadside","Pedestrian Violation","Other Motor Vehicle","Y","N","N","N"
6291672,"Y","N","Injury (Severe)","Y",2014,20.6666666666667,"Fall","N","N","F","N","N","N","Y","N","N","Y","N","Dark - Street Lights","Hit Object","Wrong Side of Road","Fixed Object","N","N","N","N"
6291786,"Y","N","Injury (Severe)","Y",2014,17.25,"Fall","PM","N","W","Y","N","Y","N","N","N","N","N","Dark - Street Lights","Broadside","Pedestrian Violation","Other Motor Vehicle","N","N","N","N"
6292005,"Y","N","Injury (Severe)","Y",2014,23.75,"Winter","N","Y","Sa","N","N","Y","N","N","N","N","N","Dark - Street Lights","Rear End","Wrong Side of Road","Other Motor Vehicle","Y","N","N","N"
6292087,"N","N","Injury (Severe)","Y",2014,17.3333333333333,"Fall","N","N","Sa","Y","N","Y","N","N","N","N","N","Dusk or Dawn","Broadside","Wrong Side of Road","Other Motor Vehicle","N","N","N","N"
6326910,"N","Y","Injury (Other Visible)","N",2014,15.6666666666667,"Winter","PM","N","M","N","N","Y","N","N","N","N","N","Daylight","Sideswipe","Wrong Side of Road","Other Motor Vehicle","N","N","N","N"
6326916,"N","Y","PDO (property damage only)","N",2014,8.5,"Winter","AM","N","Tu","N","N","Y","N","N","N","N","N","Daylight","Rear End","Wrong Side of Road","Other Motor Vehicle","N","N","N","N"
6328132,"N","Y","Injury (Complaint of Pain)","N",2014,11.1666666666667,"Winter","N","N","W","N","N","Y","N","N","N","N","Y","Daylight","Hit Object","Wrong Side of Road","Fixed Object","N","N","N","N"
6328140,"N","Y","Injury (Complaint of Pain)","N",2014,18.25,"Winter","PM","N","W","Y","N","Y","N","N","N","N","N","Dark - Street Lights","Other","Pedestrian Right of Way","Fixed Object","N","N","N","N"
6335101,"N","Y","Injury (Other Visible)","N",2014,11.75,"Winter","N","N","Tu","N","N","Y","N","N","N","N","N","Daylight","Hit Object","Other Improper Driving","Fixed Object","N","N","N","N"
6336573,"N","Y","Injury (Other Visible)","N",2014,7.91666666666667,"Winter","AM","N","M","Y","N","Y","N","N","N","N","N","Daylight","Broadside","Pedestrian Violation","Other Motor Vehicle","N","N","N","N"
6336590,"N","Y","Injury (Complaint of Pain)","N",2014,11.9166666666667,"Winter","N","N","Sa","N","N","Y","N","N","N","N","N","Daylight","Other","Wrong Side of Road","Fixed Object","N","N","N","N"
6336644,"N","Y","Injury (Other Visible)","N",2014,17.8333333333333,"Winter","PM","N","M","Y","N","Y","N","N","N","N","N","Dark - Street Lights","Broadside","Pedestrian Violation","Other Motor Vehicle","N","N","N","N"
6336668,"N","Y","Injury (Complaint of Pain)","N",2014,7.16666666666667,"Winter","AM","N","M","Y","Y","Y","N","N","N","N","N","Daylight","Hit Object","Wrong Side of Road","Fixed Object","N","N","N","N"
6336679,"N","Y","PDO (property damage only)","N",2014,12.5833333333333,"Winter","N","N","Su","N","Y","Y","N","N","N","N","N","Daylight","Rear End","Pedestrian Right of Way","Other Motor Vehicle","N","N","N","N"
6336712,"N","Y","Injury (Complaint of Pain)","N",2014,16.3333333333333,"Winter","PM","N","Tu","N","N","Y","N","N","N","N","N","Daylight","Other","Wrong Side of Road","Other Object","N","N","N","N"
6337508,"N","Y","Injury (Complaint of Pain)","N",2014,18.5833333333333,"Winter","PM","N","F","N","N","Y","N","N","N","N","N","Dark - Street Lights","Sideswipe","Automobile Right of Way","Other Motor Vehicle","N","N","N","N"
6337757,"N","Y","PDO (property damage only)","N",2014,18.5,"Winter","N","N","Su","N","N","Y","N","N","N","N","N","Dark - Street Lights","Broadside","Pedestrian Violation","Other Motor Vehicle","N","N","N","N"
6339831,"N","Y","PDO (property damage only)","N",2014,15.0333333333333,"Winter","PM","N","M","N","Y","Y","N","N","N","N","N","Daylight","Rear End","Wrong Side of Road","Other Motor Vehicle","N","Y","N","N"
6340935,"N","Y","Injury (Complaint of Pain)","N",2014,6.91666666666667,"Winter","N","N","Tu","N","Y","Y","N","N","N","N","N","Daylight","Sideswipe","Automobile Right of Way","Other Motor Vehicle","N","N","N","N"
6340951,"N","Y","PDO (property damage only)","N",2014,14.25,"Winter","N","N","Sa","N","Y","Y","N","N","N","N","N","Daylight","Rear End","Wrong Side of Road","Other Motor Vehicle","N","N","N","N"
6341063,"N","Y","Injury (Other Visible)","N",2014,22,"Winter","N","N","F","Y","N","Y","N","N","N","N","N","Dark - Street Lights","Head-On","Pedestrian Violation","Other Motor Vehicle","N","N","N","N"
6344898,"N","N","PDO (property damage only)","N",2014,6.75,"Winter","N","N","Th","N","N","Y","N","N","N","N","N","Daylight","Sideswipe","Pedestrian Right of Way","Other Motor Vehicle","N","N","N","N"
6344933,"N","Y","Injury (Complaint of Pain)","N",2014,12.4166666666667,"Winter","N","N","Sa","Y","N","Y","N","N","N","N","N","Daylight","Broadside","Pedestrian Violation","Other Motor Vehicle","N","N","N","N"
6344946,"N","Y","Injury (Complaint of Pain)","N",2014,18.5,"Winter","PM","N","Tu","Y","N","Y","N","N","N","N","N","Dark - Street Lights","Sideswipe","Automobile Right of Way","Other Motor Vehicle","N","N","N","N"
6346376,"N","Y","PDO (property damage only)","N",2014,13.75,"Winter","N","N","F","Y","N","Y","N","N","N","N",NA,"Daylight","Head-On","Pedestrian Violation","Other Motor Vehicle","N","N","N","N"
6346392,"N","Y","Injury (Complaint of Pain)","N",2014,16.3333333333333,"Winter","N","N","Sa","N","N","Y","N","N","N","N","N","Daylight","Rear End","Improper Passing","Other Motor Vehicle","N","N","N","N"
6346421,"N","Y","PDO (property damage only)","N",2014,7.5,"Winter","AM","N","W","Y","N","Y","N","N","N","N","N","Daylight","Other","Pedestrian Violation","Non-Collision","N","N","N","N"
6348099,"N","Y","PDO (property damage only)","N",2014,11.8333333333333,"Winter","N","N","F","Y","N","Y","N","N","N","N","N","Daylight","Broadside","Lights","Other Motor Vehicle","N","N","N","N"
6352268,"N","Y","PDO (property damage only)","N",2014,16,"Winter","PM","N","Tu","N","Y","Y","N","N","N","N","N","Daylight","Overturned","Pedestrian Right of Way","Non-Collision","N","N","N","N"
6352304,"N","Y","Injury (Complaint of Pain)","N",2014,15.4166666666667,"Winter","PM","N","Th","N","Y","Y","N","N","N","N","N","Daylight","Sideswipe","Automobile Right of Way","Other Motor Vehicle","N","N","N","N"
6352320,"N","Y","Injury (Complaint of Pain)","N",2014,19.0833333333333,"Winter","N","N","M","N","Y","Y","N","N","N","N","N","Daylight","Rear End","Wrong Side of Road","Other Motor Vehicle","N","N","N","N"
6356437,"N","Y","PDO (property damage only)","N",2014,18.3333333333333,"Winter","PM","N","Th","Y","N","Y","N","N","N","N","N","Dark - Street Lights","Broadside","Wrong Side of Road","Other Motor Vehicle","N","N","N","N"
6356445,"N","Y","Injury (Complaint of Pain)","N",2014,20.5833333333333,"Winter","N","N","Su","N","N","Y","N","N","N","N","N","Dark - Street Lights","Broadside","Pedestrian Violation","Other Motor Vehicle","N","N","N","N"
6358062,"N","Y","PDO (property damage only)","N",2014,17.5,"Winter","PM","N","M","N","N","Y","N","N","N","N","N","Dark - Street Lights","Head-On","Pedestrian Right of Way","Other Motor Vehicle","N","N","N","N"
6359288,"N","Y","PDO (property damage only)","N",2014,17,"Winter","PM","N","Tu","N","N","Y","N","N","N","N","N","Daylight","Sideswipe","Driving or Bicycling Under the Influence of Alcohol or Drug","Other Motor Vehicle","N","N","N","N"
6361014,"N","Y","PDO (property damage only)","N",2014,12.1666666666667,"Winter","N","N","Su","Y","N","Y","N","N","N","N","N","Daylight","Broadside","Automobile Right of Way","Other Motor Vehicle","N","N","N","N"
6363012,"N","N","Fatal","Y",2014,16,"Winter","PM","N","W","N","N","Y","N","N","N","N","N","Daylight","Sideswipe","Wrong Side of Road","Other Motor Vehicle","N","N","N","N"
6363167,"N","Y","Injury (Complaint of Pain)","N",2014,17.3333333333333,"Winter","PM","N","F","N","N","Y","N","N","N","N","N","Dark - Street Lights","Broadside","Pedestrian Violation","Other Motor Vehicle","N","N","N","N"
6363191,"N","N","Fatal","Y",2014,9.66666666666667,"Winter","N","N","Th","N","N","Y","N","N","N","N","N","Daylight","Other","Unsafe Speed","Non-Collision","Y","N","N","N"
6363219,"N","Y","Injury (Complaint of Pain)","N",2014,14.75,"Winter","N","N","W","N","N","Y","N","N","N","N","N","Daylight","Hit Object","Wrong Side of Road","Fixed Object","N","N","N","N"
6363461,"N","Y","Injury (Other Visible)","N",2014,17.25,"Winter","PM","N","Tu","Y","N","Y","N","N","N","N","N","Dusk or Dawn","Broadside","Pedestrian Violation","Other Motor Vehicle","N","N","N","N"
6367296,"N","Y","Injury (Other Visible)","N",2014,19.25,"Winter","N","N","Su","N","N","Y","N","N","N","N","N","Dark - Street Lights",NA,"Wrong Side of Road","Fixed Object","N","N","N","N"
6367400,"N","Y","Injury (Other Visible)","N",2014,10.9166666666667,"Winter","N","N","F","Y","N","N","Y","N","N","N","N","Daylight","Broadside","Pedestrian Violation","Other Motor Vehicle","N","N","N","N"
6370246,"N","Y","Injury (Other Visible)","N",2014,13.4166666666667,"Winter","N","N","Th","N","N","Y","N","N","N","N","N","Daylight","Broadside","Pedestrian Violation","Other Motor Vehicle","N","N","N","N"
6371140,"N","Y","PDO (property damage only)","N",2014,19.5833333333333,"Winter","N","N","Tu","Y","N","Y","N","N","N","N","N","Dark - Street Lights","Broadside","Pedestrian Violation","Other Motor Vehicle","N","N","N","N"
6371411,"N","Y","PDO (property damage only)","N",2014,11.75,"Winter","N","N","Sa","N","N","Y","N","N","N","N","N","Daylight","Broadside","Pedestrian Violation","Other Motor Vehicle","N","N","N","N"
6371427,"N","Y","PDO (property damage only)","N",2014,20.4166666666667,"Winter","N","N","Sa","N","N","Y","N","N","N","N","N","Dark - Street Lights","Rear End","Improper Passing","Other Motor Vehicle","N","N","N","N"
6371552,"N","Y","Injury (Complaint of Pain)","N",2014,16.6666666666667,"Winter","PM","N","F","N","N","Y","N","N","N","N","N","Daylight","Broadside","Pedestrian Violation","Other Motor Vehicle","N","N","N","N"
6372520,"N","Y","Injury (Complaint of Pain)","N",2014,18.5,"Winter","PM","N","Th","N","Y","Y","N","N","N","N","N","Dark - Street Lights","Rear End","Wrong Side of Road","Other Motor Vehicle","N","N","N","N"
6372569,"N","N","Fatal","Y",2014,15.3333333333333,"Winter","PM","N","F","N","Y","Y","N","N","N","N","N","Daylight","Sideswipe","Automobile Right of Way","Other Motor Vehicle","N","N","N","N"
6373328,"N","Y","PDO (property damage only)","N",2014,10.6666666666667,"Winter","N","N","Sa","N","N","Y","N","N","N","N","N","Daylight","Broadside","Pedestrian Violation","Other Motor Vehicle","N","N","N","N"
6373356,"N","Y","PDO (property damage only)","N",2014,14.75,"Winter","N","N","Th","Y","Y","Y","N","N","N","N","N","Daylight","Sideswipe","Wrong Side of Road","Other Motor Vehicle","N","N","N","N"
6374488,"N","N","Fatal","Y",2014,2.5,"Winter","N","Y","F","N","N","Y","N","N","N","N","N","Dark - Street Lights",NA,"Miscellaneous","Parked Motor Vehicle","N","N","N","N"
6376454,"N","N","Fatal","Y",2014,9,"Winter","AM","N","Tu","N","Y","N","Y","N","N","N","N","Daylight","Sideswipe","Wrong Side of Road","Other Motor Vehicle","N","N","N","N"
6376588,"N","Y","PDO (property damage only)","N",2014,7,"Winter","AM","N","W","N","Y","Y","N","N","N","N","N","Daylight","Sideswipe","Pedestrian Right of Way","Other Motor Vehicle","N","N","N","N"
6377188,"N","N","Fatal","Y",2014,17.25,"Winter","PM","N","W","N","Y","Y","N","N","N","N","N","Dusk or Dawn","Rear End","Automobile Right of Way","Other Motor Vehicle","N","N","N","N"
6377539,"N","Y","PDO (property damage only)","N",2014,13,"Winter","N","N","Tu","N","N","Y","N","N","N","N","N","Daylight","Other","Wrong Side of Road","Other Object","N","N","N","N"
6377596,"N","Y","PDO (property damage only)","N",2014,0.166666666666667,"Winter","N","Y","Tu","N","N","Y","N","N","N","N","N","Dark - No Street Lights","Hit Object","Wrong Side of Road","Fixed Object","N","N","N","N"
6377639,"N","Y","PDO (property damage only)","N",2014,15.0833333333333,"Winter","PM","N","M","Y","N","Y","N","N","N","N","N","Daylight","Broadside","Pedestrian Violation","Other Motor Vehicle","N","N","N","N"
6377718,"N","Y","PDO (property damage only)","N",2014,9.58333333333333,"Winter","N","N","M","N","N","Y","N","N","N","N","N","Daylight","Broadside","Pedestrian Violation","Other Motor Vehicle","N","N","N","N"
6377747,"N","Y","PDO (property damage only)","N",2014,14,"Winter","N","N","Tu","N","N","Y","N","N","N","N","N","Daylight","Broadside","Pedestrian Violation","Other Motor Vehicle","N","N","N","N"
6377834,"N","Y","Injury (Other Visible)","N",2014,18.8333333333333,"Winter","PM","N","M","Y","N","Y","N","N","N","N","N","Dark - Street Lights","Broadside","Wrong Side of Road","Other Motor Vehicle","N","N","N","N"
6378781,"N","N","Fatal","Y",2014,5.06666666666667,"Winter","N","N","M","N","Y","Y","N","N","N","N","N","Dark - No Street Lights","Broadside","Code 20","Other Motor Vehicle","N","N","N","N"
6378785,"N","N","Fatal","Y",2014,5.05,"Winter","N","N","M","N","Y","Y","N","N","N","N","N","Dark - No Street Lights","Sideswipe","Code 20","Other Motor Vehicle","N","N","N","N"
6378789,"N","N","Fatal","Y",2014,5.03333333333333,"Winter","N","N","M","N","Y","Y","N","N","N","N","N","Dark - No Street Lights","Sideswipe","Code 20","Other Motor Vehicle","N","N","N","N"
6378793,"N","N","Fatal","Y",2014,5.01666666666667,"Winter","N","N","M","N","Y","Y","N","N","N","N","N","Dark - No Street Lights","Sideswipe","Code 20","Other Motor Vehicle","N","N","N","N"
6379851,"N","Y","PDO (property damage only)","N",2014,8.83333333333333,"Winter","AM","N","M","N","Y","Y","N","N","N","N","N","Daylight","Sideswipe","Automobile Right of Way","Other Motor Vehicle","N","N","N","N"
6379888,"N","Y","PDO (property damage only)","N",2014,14.25,"Winter","N","N","W","N","Y","Y","N","N","N","N","N","Daylight","Rear End","Wrong Side of Road","Other Motor Vehicle","N","N","N","N"
6380007,"N","N","PDO (property damage only)","N",2014,9.15,"Winter","N","N","F","N","Y","N","Y","N","N","N","N","Daylight","Sideswipe","Wrong Side of Road","Other Motor Vehicle","N","Y","N","N"
6380047,"N","Y","Injury (Complaint of Pain)","N",2014,7.58333333333333,"Winter","AM","N","M","N","Y","Y","N","N","N","N","N","Daylight","Sideswipe","Automobile Right of Way","Other Motor Vehicle","N","Y","N","N"
6380783,"N","Y","PDO (property damage only)","N",2014,17.4166666666667,"Winter","PM","N","Tu","N","N","N","Y","N","N","N","N","Dark - Street Lights","Sideswipe","Automobile Right of Way","Other Motor Vehicle","N","N","N","N"
6380927,"N","N","Fatal","Y",2014,18.5,"Winter","PM","N","Tu","N","N","Y","N","N","N","N","N","Dark - Street Lights","Sideswipe","Wrong Side of Road","Parked Motor Vehicle","N","N","N","N"
6381771,"N","Y","Injury (Complaint of Pain)","N",2014,18,"Winter","PM","N","M","N","N","Y","N","N","N","N","N","Dark - Street Lights","Hit Object","Pedestrian Violation","Motor Vehicle on Other Roadway","N","N","N","N"