"CASE_ID","mc_killed","mc_injured","collision_severity","severe","accident_year","hours_since_midnight","season","rush_hour","late_night","day_of_week","intersection","state_hwy_ind","w_clear","w_cloudy","w_rainy","w_other","road_not_dry","road_condition_issue","lighting","type_of_collision","pcf_viol_category","mviw","alcohol_involved","truck_accident","pedestrian_accident","bicycle_accident"
6419116,"N","Y","Injury (Complaint of Pain)","N",2014,10.3333333333333,"Winter","N","N","F","Y","N","Y","N","N","N","N","N","Daylight","Broadside","Pedestrian Violation","Other Motor Vehicle","N","N","N","N"
6419143,"N","Y","Injury (Complaint of Pain)","N",2014,23.5,"Winter","N","Y","W","N","N","Y","N","N","N","N","N","Dark - Street Lights","Sideswipe","Wrong Side of Road","Other Motor Vehicle","N","N","N","N"
6419230,"N","Y","Injury (Complaint of Pain)","N",2014,9.33333333333333,"Winter","N","N","Tu","Y","N","Y","N","N","N","N","N","Daylight","Broadside","Pedestrian Right of Way","Other Motor Vehicle","N","N","N","N"
6419245,"N","Y","Injury (Complaint of Pain)","N",2014,8.46666666666667,"Winter","AM","N","Th","Y","N","Y","N","N","N","N","N","Daylight","Broadside","Pedestrian Violation","Other Motor Vehicle","N","N","N","N"
6419253,"N","Y","PDO (property damage only)","N",2014,19.25,"Winter","N","N","Sa","Y","N","Y","N","N","N","N","N","Dark - Street Lights","Broadside","Pedestrian Violation","Other Motor Vehicle","N","N","N","N"
6420794,"N","Y","Injury (Complaint of Pain)","N",2014,18.1666666666667,"Winter","PM","N","M","N","N","Y","N","N","N","N","N","Daylight","Rear End","Wrong Side of Road","Other Motor Vehicle","N","N","N","N"
6422145,"N","N","Fatal","Y",2014,10.25,"Spring","N","N","Th","N","N","Y","N","N","N","N","N","Daylight","Sideswipe","Unsafe Starting or Backing","Other Motor Vehicle","N","N","N","N"
6422416,"N","N","PDO (property damage only)","N",2014,10,"Winter","N","N","Tu","N","N","Y","N","N","N","N","N","Daylight","Broadside","Pedestrian Right of Way","Train","N","N","N","N"
6422586,"N","N","Fatal","Y",2014,16.4166666666667,"Winter","PM","N","W","N","Y","Y","N","N","N","N","N","Daylight","Rear End","Pedestrian Right of Way","Other Motor Vehicle","N","N","N","N"
6422587,"N","Y","Injury (Other Visible)","N",2014,9.83333333333333,"Spring","N","N","W","Y","N","Y","N","N","N","N","N","Daylight","Broadside","Pedestrian Violation","Other Motor Vehicle","N","N","N","N"
6422725,"N","Y","Injury (Complaint of Pain)","N",2014,14.3333333333333,"Spring","N","N","M","N","N","Y","N","N","N","N","N","Daylight","Head-On","Unsafe Lane Change","Other Motor Vehicle","N","N","N","N"
6423279,"N","Y","Injury (Complaint of Pain)","N",2014,13.4166666666667,"Winter","N","N","F","Y","N","Y","N","N","N","N","N","Daylight",NA,"Pedestrian Violation","Other Motor Vehicle","N","N","N","N"
6423280,"N","Y","Injury (Complaint of Pain)","N",2014,9,"Winter","AM","N","Tu","Y","N","Y","N","N","N","N","N","Daylight","Broadside","Pedestrian Violation",NA,"Y","N","N","N"
6423319,"N","Y","Injury (Complaint of Pain)","N",2014,9.41666666666667,"Spring","N","N","W","Y","N","Y","N","N","N","N","N","Daylight","Broadside","Pedestrian Right of Way","Other Motor Vehicle","N","N","N","N"
6423411,"N","N","Injury (Complaint of Pain)","N",2014,17.75,"Winter","PM","N","F","N","Y","Y","N","N","N","N","N","Daylight","Sideswipe","Automobile Right of Way","Other Motor Vehicle","Y","N","N","N"
6423472,"N","Y","PDO (property damage only)","N",2014,20,"Spring","N","N","F","N","N","Y","N","N","N","N","N","Dark - Street Lights","Broadside","Pedestrian Violation","Other Motor Vehicle","N","N","N","N"
6423491,"N","Y","Injury (Complaint of Pain)","N",2014,11.25,"Spring","N","N","Su","N","N","Y","N","N","N","N","N","Daylight","Sideswipe","Pedestrian Violation","Other Motor Vehicle","N","N","N","N"
6423496,"N","Y","Injury (Complaint of Pain)","N",2014,13.25,"Spring","N","N","Tu","Y","N","Y","N","N","N","N","N","Daylight","Head-On","Code 20","Motor Vehicle on Other Roadway","N","N","N","N"
6423499,"N","N","Injury (Complaint of Pain)","N",2014,12.25,"Spring","N","N","F","N","N","Y","N","N","N","N","N","Daylight","Hit Object","Wrong Side of Road","Fixed Object","N","N","N","N"
6423508,"N","Y","Injury (Complaint of Pain)","N",2014,14.5,"Spring","N","N","F","N","N","Y","N","N","N","N","N","Daylight","Hit Object","Pedestrian Right of Way","Fixed Object","N","N","N","N"
6423516,"N","Y","Injury (Other Visible)","N",2014,19.3333333333333,"Spring","N","N","Tu","Y","N","Y","N","N","N","N","N","Dark - Street Lights","Head-On","Pedestrian Violation","Other Motor Vehicle","N","N","N","N"
6423571,"N","N","Fatal","Y",2014,21.8333333333333,"Winter","N","N","F","N","N","Y","N","N","N","N","N","Dark - Street Lights","Sideswipe","Unsafe Speed","Parked Motor Vehicle","Y","N","N","N"
6424094,"N","Y","PDO (property damage only)","N",2014,8.75,"Winter","N","N","Sa","N","Y","Y","N","N","N","N","N","Daylight","Overturned","Pedestrian Right of Way","Non-Collision","N","N","N","N"
6424097,"N","Y","PDO (property damage only)","N",2014,10.1666666666667,"Winter","N","N","W","N","Y","N","Y","N","N","N","N","Daylight","Sideswipe","Wrong Side of Road","Other Motor Vehicle","N","N","N","N"
6424102,"N","Y","Injury (Complaint of Pain)","N",2014,18.8833333333333,"Winter","PM","N","Th","N","Y","Y","N","N","N","N","N","Dark - Street Lights","Overturned","Pedestrian Right of Way","Non-Collision","N","N","N","N"
6424149,"N","Y","PDO (property damage only)","N",2014,9.5,"Winter","N","N","M","N","Y","Y","N","N","N","N","N","Daylight","Sideswipe","Improper Turning","Other Motor Vehicle","N","N","N","N"
6424710,"N","Y","PDO (property damage only)","N",2014,6,"Winter","N","N","Th","N","N","Y","N","N","N","N","N","Dusk or Dawn","Broadside","Unsafe Lane Change","Other Motor Vehicle","N","N","N","N"
6424713,"N","Y","PDO (property damage only)","N",2014,14.25,"Winter","N","N","F","N","N","Y","N","N","N","N","N","Daylight","Broadside","Pedestrian Violation","Other Motor Vehicle","N","N","N","N"
6424808,"N","Y","PDO (property damage only)","N",2014,19.5,"Spring","N","N","W","N","N","N","Y","N","N","N","N","Dark - Street Lights","Rear End","Wrong Side of Road","Other Motor Vehicle","N","N","N","N"
6424821,"N","Y","Injury (Complaint of Pain)","N",2014,16,"Spring","PM","N","M","N","Y","Y","N","N","N","N","N","Daylight","Other","Automobile Right of Way","Non-Collision","N","N","N","N"
6425269,"N","Y","Injury (Other Visible)","N",2014,7.25,"Winter","AM","N","F","N","Y","Y","N","N","N","N",NA,"Daylight","Sideswipe","Automobile Right of Way","Other Motor Vehicle","N","N","N","N"
6425270,"N","Y","Injury (Complaint of Pain)","N",2014,7.16666666666667,"Winter","AM","N","Th","N","Y","Y","N","N","N","N","N","Daylight",NA,"Wrong Side of Road","Other Motor Vehicle","N","N","N","N"
6425365,"N","Y","Injury (Complaint of Pain)","N",2014,19.6666666666667,"Winter","N","N","Th","N","N","Y","N","N","N","N","N","Dark - Street Lights","Overturned","Wrong Side of Road","Non-Collision","N","N","N","N"
6425382,"N","Y","Injury (Complaint of Pain)","N",2014,13.6666666666667,"Winter","N","N","Tu","N","N","Y","N","N","N","N","N","Daylight","Head-On","Wrong Side of Road","Parked Motor Vehicle","Y","N","N","N"
6425401,"N","Y","PDO (property damage only)","N",2014,14.4166666666667,"Winter","N","N","W","N","N","Y","N","N","N","N","N","Daylight","Rear End","Wrong Side of Road","Other Motor Vehicle","N","N","N","N"
6425405,"N","Y","Injury (Other Visible)","N",2014,22.1666666666667,"Winter","N","N","Sa","Y","N","N","Y","N","N","N","N","Dark - Street Lights","Broadside","Pedestrian Violation","Other Motor Vehicle","N","N","N","N"
6425421,"N","Y","PDO (property damage only)","N",2014,9.25,"Winter","N","N","Th","N","N","Y","N","N","N","N","N","Daylight","Sideswipe","Pedestrian Right of Way","Other Motor Vehicle","N","N","N","N"
6425481,"N","Y","Injury (Complaint of Pain)","N",2014,22.4166666666667,"Winter","N","N","Tu","N","N","Y","N","N","N","N","N","Dark - Street Lights","Hit Object","Wrong Side of Road","Fixed Object","Y","N","N","N"
6425540,"N","Y","Injury (Other Visible)","N",2014,18.3333333333333,"Winter","PM","N","F","N","N","Y","N","N","N","N","N","Dark - Street Lights","Rear End","Wrong Side of Road","Other Motor Vehicle","N","N","N","N"
6425587,"N","Y","PDO (property damage only)","N",2014,8.33333333333333,"Winter","AM","N","M","N","N","Y","N","N","N","N","N","Daylight","Broadside","Wrong Side of Road","Other Motor Vehicle","N","N","N","N"
6425662,"N","Y","Injury (Complaint of Pain)","N",2014,20,"Winter","N","N","Th","N","N","N","N","Y","N","Y","N",NA,"Other","Driving or Bicycling Under the Influence of Alcohol or Drug","Other Object","N","N","N","N"
6426844,"N","N","Fatal","Y",2014,13.4166666666667,"Winter","N","N","Sa","N","Y","Y","N","N","N","N","N","Daylight","Sideswipe","Automobile Right of Way","Other Motor Vehicle","N","N","N","N"
6427110,"N","Y","Injury (Other Visible)","N",2014,20.75,"Winter","N","N","Tu","Y","N","Y","N","N","N","N","N","Dark - Street Lights","Sideswipe","Pedestrian Right of Way","Other Motor Vehicle","N","N","N","N"
6427128,"N","Y","Injury (Complaint of Pain)","N",2014,16.5833333333333,"Winter","PM","N","Tu","N","Y","Y","N","N","N","N","N","Daylight","Rear End","Automobile Right of Way","Other Motor Vehicle","N","N","N","N"
6427162,"N","N","Fatal","Y",2014,14.3333333333333,"Winter","N","N","M","N","N","Y","N","N","N","N","N","Daylight","Other","Wrong Side of Road","Non-Collision","N","N","N","N"
6427529,"N","N","Fatal","Y",2014,6.25,"Spring","N","N","F","N","Y","Y","N","N","N","N","N","Daylight","Sideswipe","Driving or Bicycling Under the Influence of Alcohol or Drug","Other Motor Vehicle","N","N","N","N"
6427573,"N","Y","Injury (Complaint of Pain)","N",2014,9.75,"Spring","N","N","Tu","N","Y","Y","N","N","N","N","Y","Daylight","Other","Code 19","Non-Collision","N","N","N","N"
6428322,"N","Y","Injury (Complaint of Pain)","N",2014,18.25,"Winter","PM","N","Tu","Y","N","Y","N","N","N","N","N","Daylight","Broadside","Driving or Bicycling Under the Influence of Alcohol or Drug","Other Motor Vehicle","N","N","N","N"
6428426,"N","Y","Injury (Other Visible)","N",2014,16.5,"Winter","N","N","Su","N","N","Y","N","N","N","Y","Y","Daylight","Hit Object","Wrong Side of Road","Fixed Object","N","N","N","N"
6428692,"N","Y","Injury (Other Visible)","N",2014,17,"Winter","PM","N","M","N","N","Y","N","N","N","N","N","Daylight","Rear End","Unsafe Starting or Backing","Motor Vehicle on Other Roadway","N","N","N","N"
6429301,"N","N","Fatal","Y",2014,7.33333333333333,"Winter","AM","N","W","N","Y","Y","N","N","N","N","N","Daylight","Sideswipe","Automobile Right of Way","Other Motor Vehicle","N","N","N","N"
6429326,"N","N","Fatal","Y",2014,4.91666666666667,"Winter","N","Y","Su","N","Y","Y","N","N","N","N","N","Dark - Street Lights","Hit Object","Pedestrian Right of Way","Fixed Object","N","N","N","N"
6429852,"N","Y","Injury (Other Visible)","N",2014,16.25,"Winter","PM","N","W","N","N","Y","N","N","N","N","N","Daylight","Rear End","Pedestrian Violation","Other Motor Vehicle","N","N","N","N"
6429855,"N","Y","Injury (Complaint of Pain)","N",2014,16.0833333333333,"Winter","N","N","Su","N","N","Y","N","N","N","N","N","Daylight","Sideswipe","Wrong Side of Road","Other Motor Vehicle","N","N","N","N"
6429860,"N","Y","Injury (Complaint of Pain)","N",2014,22.4166666666667,"Winter","N","N","Sa","N","N","Y","N","N","N","N","N","Dark - Street Lights","Hit Object","Wrong Side of Road","Other Object","N","N","N","N"
6429867,"N","Y","PDO (property damage only)","N",2014,18.4166666666667,"Winter","PM","N","M","Y","N","Y","N","N","N","N","Y","Dark - Street Lights","Broadside","Pedestrian Violation","Other Motor Vehicle","N","N","N","N"
6430182,"N","Y","PDO (property damage only)","N",2014,10.5833333333333,"Winter","N","N","Th","N","N","Y","N","N","N","N","N","Daylight","Head-On","Pedestrian Right of Way","Other Motor Vehicle","N","N","N","N"
6430225,"N","Y","Injury (Complaint of Pain)","N",2014,0.333333333333333,"Winter","N","Y","F","N","Y","Y","N","N","N","N","N","Dark - Street Lights","Broadside","Pedestrian Violation","Other Motor Vehicle","N","N","N","N"
6430603,"N","N","Fatal","Y",2014,12,"Winter","N","N","Th","N","N","Y","N","N","N","N","N","Daylight","Broadside","Pedestrian Violation","Other Motor Vehicle","N","N","N","N"
6431008,"N","Y","PDO (property damage only)","N",2014,7.41666666666667,"Winter","AM","N","F","Y","N","Y","N","N","N","N","N","Daylight","Broadside","Pedestrian Right of Way","Other Motor Vehicle","N","N","N","N"
6431031,"N","N","Injury (Complaint of Pain)","N",2014,13.1666666666667,"Spring","N","N","Sa","N","N","Y","N","N","N","N","N","Daylight","Sideswipe","Driving or Bicycling Under the Influence of Alcohol or Drug","Parked Motor Vehicle","N","N","Y","N"
6431235,"N","N","Fatal","Y",2014,21.6666666666667,"Winter","N","N","Th","N","N","Y","N","N","N","N","N","Dark - Street Lights","Sideswipe","Wrong Side of Road","Parked Motor Vehicle","N","N","N","N"
6432255,"N","Y","Injury (Other Visible)","N",2014,5.83333333333333,"Winter","N","N","W","N","N","Y","N","N","N","N","N","Dark - Street Lights","Broadside","Pedestrian Right of Way","Other Motor Vehicle","N","N","N","N"
6432482,"N","N","Fatal","Y",2014,23,"Spring","N","Y","Su","N","N","Y","N","N","N","N","N","Dark - Street Lights","Broadside","Pedestrian Right of Way","Other Motor Vehicle","N","N","N","N"
6432587,"N","Y","Injury (Complaint of Pain)","N",2014,7,"Spring","AM","N","W","N","Y","Y","N","N","N","N","N","Daylight","Rear End","Automobile Right of Way","Other Motor Vehicle","N","N","N","N"
6432622,"N","N","Fatal","Y",2014,15.25,"Spring","N","N","Sa","N","Y","Y","N","N","N","N","N","Daylight","Rear End","Wrong Side of Road","Other Motor Vehicle","N","N","N","N"
6432856,"N","Y","PDO (property damage only)","N",2014,15.1666666666667,"Winter","PM","N","F","N","N","Y","N","N","N","N","N","Daylight","Rear End","Unsafe Starting or Backing","Parked Motor Vehicle","N","N","N","N"
6432859,"N","Y","Injury (Complaint of Pain)","N",2014,10.0333333333333,"Spring","N","N","Su","Y","N","Y","N","N","N","N","N","Dark - Street Lights","Head-On","Pedestrian Violation","Other Motor Vehicle","N","N","N","N"
6432864,"N","Y","Injury (Complaint of Pain)","N",2014,10.9166666666667,"Spring","N","N","Su","N","N","Y","N","N","N","N","N","Daylight","Other","Wrong Side of Road","Other Object","N","N","N","N"
6432946,"N","Y","PDO (property damage only)","N",2014,15.8333333333333,"Spring","PM","N","F","N","Y","Y","N","N","N","N","N","Daylight","Rear End","Wrong Side of Road","Other Motor Vehicle","N","N","N","N"
6432969,"N","Y","PDO (property damage only)","N",2014,6.66666666666667,"Spring","N","N","M","N","Y","N","Y","N","N","N","N","Daylight","Sideswipe","Automobile Right of Way","Other Motor Vehicle","N","N","N","N"
6432977,"N","Y","PDO (property damage only)","N",2014,10.5833333333333,"Spring","N","N","Tu","N","Y","N","Y","N","N","N","N","Daylight","Overturned","Wrong Side of Road","Non-Collision","N","N","N","N"
6432984,"N","Y","Injury (Complaint of Pain)","N",2014,13,"Spring","N","N","Sa","Y","N","Y","N","N","N","N","N","Daylight","Broadside","Pedestrian Violation","Other Motor Vehicle","N","N","N","N"
6433012,"N","Y","Injury (Complaint of Pain)","N",2014,8.75,"Spring","AM","N","Th","N","N","Y","N","N","N","N","Y","Daylight","Sideswipe","Automobile Right of Way","Other Motor Vehicle","N","N","N","N"
6433020,"N","N","PDO (property damage only)","N",2014,15.4166666666667,"Spring","PM","N","Tu","N","N","Y","N","N","N","N","N","Daylight","Broadside","Wrong Side of Road","Other Motor Vehicle","N","N","N","N"
6433190,"N","N","Fatal","Y",2014,3,"Winter","N","Y","F","N","N","Y","N","N","N","N","N","Dark - Street Lights",NA,"Wrong Side of Road","Other Motor Vehicle","Y","N","N","N"
6433891,"N","N","Fatal","Y",2014,16.5,"Winter","PM","N","W","N","Y","Y","N","N","N","N","N","Dark - No Street Lights","Overturned","Wrong Side of Road","Non-Collision","N","N","N","N"
6434262,"N","Y","Injury (Complaint of Pain)","N",2014,15.9666666666667,"Spring","PM","N","W","N","Y","Y","N","N","N","N","N","Daylight","Overturned","Wrong Side of Road","Non-Collision","N","N","N","N"
6434269,"N","Y","Injury (Other Visible)","N",2014,23,"Spring","N","Y","W","N","N","Y","N","N","N","N","N","Dark - Street Lights","Sideswipe","Automobile Right of Way","Other Motor Vehicle","N","N","N","N"
6434281,"N","Y","Injury (Complaint of Pain)","N",2014,6.83333333333333,"Spring","N","N","W","Y","N","Y","N","N","N","N","N","Daylight","Broadside","Pedestrian Violation","Other Motor Vehicle","N","N","N","N"
6434386,"N","Y","Injury (Complaint of Pain)","N",2014,22,"Spring","N","N","Th","N","Y","Y","N","N","N","N","N","Dark - Street Lights","Rear End","Automobile Right of Way","Other Motor Vehicle","N","N","N","N"
6434742,"N","Y","Injury (Other Visible)","N",2014,17.6666666666667,"Winter","PM","N","W","N","N","Y","N","N","N","N","N","Daylight","Rear End","Improper Passing","Other Motor Vehicle","N","N","N","N"
6435193,"N","Y","Injury (Complaint of Pain)","N",2014,18.25,"Winter","PM","N","M","Y","N","Y","N","N","N","N","N","Daylight","Broadside","Pedestrian Violation","Other Motor Vehicle","N","N","N","N"
6435213,"N","Y","Injury (Complaint of Pain)","N",2014,18.3333333333333,"Winter","PM","N","W","N","Y","Y","N","N","N","N","N","Dusk or Dawn","Overturned","Wrong Side of Road","Non-Collision","N","N","N","N"
6435346,"N","Y","Injury (Complaint of Pain)","N",2014,23.4166666666667,"Winter","N","Y","Th","N","Y","Y","N","N","N","N","N","Dark - Street Lights","Rear End","Wrong Side of Road","Other Motor Vehicle","N","N","N","N"
6435359,"N","Y","Injury (Complaint of Pain)","N",2014,16.8333333333333,"Winter","PM","N","M","N","N","Y","N","N","N","N","N","Daylight","Sideswipe","Automobile Right of Way","Other Motor Vehicle","N","N","N","N"
6435406,"N","Y","Injury (Complaint of Pain)","N",2014,5.75,"Winter","N","N","Sa","N","Y","N","Y","N","N","Y","N","Dark - Street Lights","Overturned","Unsafe Speed","Non-Collision","Y","N","N","N"
6435649,"N","Y","Injury (Complaint of Pain)","N",2014,6.83333333333333,"Winter","N","N","Th","N","Y","Y","N","N","N","N","N","Dusk or Dawn","Sideswipe","Automobile Right of Way","Other Motor Vehicle","N","N","N","N"
6435763,"N","Y","Injury (Other Visible)","N",2014,8.08333333333333,"Winter","AM","N","W","N","Y","Y","Y","N","N","N","N","Daylight","Sideswipe","Automobile Right of Way","Other Motor Vehicle","N","N","N","N"
6435816,"N","Y","PDO (property damage only)","N",2014,12.1666666666667,"Spring","N","N","Sa","N","Y","Y","N","N","N","N","N","Daylight","Rear End","Wrong Side of Road","Other Motor Vehicle","N","N","N","N"
6435824,"N","Y","Injury (Complaint of Pain)","N",2014,0.833333333333333,"Winter","N","Y","Th","N","Y","Y","N","N","N","N","N","Dark - Street Lights","Hit Object","Wrong Side of Road","Fixed Object","N","N","N","N"
6437079,"N","Y","PDO (property damage only)","N",2014,7.66666666666667,"Winter","AM","N","Th","N","Y","N","Y","N","N","N","N","Daylight","Sideswipe","Automobile Right of Way","Other Motor Vehicle","N","N","N","N"
6437180,"N","Y","PDO (property damage only)","N",2014,17.5833333333333,"Winter","N","N","Su","Y","N","Y","N","N","N","N","N","Dark - Street Lights","Broadside","Driving or Bicycling Under the Influence of Alcohol or Drug","Other Motor Vehicle","N","N","N","N"
6437800,"N","N","Fatal","Y",2014,8,"Winter","AM","N","Tu","Y","N","Y","N","N","N","N","N","Daylight","Broadside","Pedestrian Violation","Other Motor Vehicle","N","N","N","N"
6437950,"N","Y","PDO (property damage only)","N",2014,15.8333333333333,"Winter","PM","N","Tu","N","N","Y","N","N","N","N","N","Daylight","Broadside","Code 19","Other Motor Vehicle","N","N","N","N"
6437955,"N","Y","PDO (property damage only)","N",2014,21.5,"Winter","N","N","Th","Y","N","N","N","Y","N","Y","N","Dark - Street Lights","Broadside","Pedestrian Violation","Other Motor Vehicle","N","N","N","N"
6438018,"N","Y","PDO (property damage only)","N",2014,11.75,"Winter","N","N","Tu","Y","N","N","Y","N","N","N","N","Daylight","Other","Wrong Side of Road","Fixed Object","N","N","N","N"
6438030,"N","N","PDO (property damage only)","N",2014,19.2166666666667,"Winter","N","N","Tu","Y","N","Y","N","N","N","N","N","Dark - Street Lights","Sideswipe","Automobile Right of Way","Other Motor Vehicle","N","N","N","N"
6438053,"N","Y","Injury (Complaint of Pain)","N",2014,13.8333333333333,"Winter","N","N","M","N","N","Y","N","N","N","N","N","Daylight","Rear End","Improper Passing","Other Motor Vehicle","N","N","N","N"
6438061,"N","Y","Injury (Complaint of Pain)","N",2014,1.08333333333333,"Winter","N","Y","Su","Y","N","Y","N","N","N","N","N","Dark - Street Lights","Broadside","Unsafe Speed","Other Motor Vehicle","Y","N","N","N"
6438074,"N","Y","Injury (Other Visible)","N",2014,12.9166666666667,"Winter","N","N","F","N","N","Y","N","N","N","N","N","Daylight","Broadside","Pedestrian Violation","Other Motor Vehicle","N","N","N","N"
6438095,"N","Y","Injury (Complaint of Pain)","N",2014,11.5,"Winter","N","N","Th","Y","N","N","Y","N","N","N","N","Daylight","Vehicle/Pedestrian","Improper Turning","Pedestrian","N","N","Y","N"
6438111,"N","Y","PDO (property damage only)","N",2014,20.0833333333333,"Winter","N","N","Su","N","N","Y","N","N","N","N","N","Dark - Street Lights","Broadside","Pedestrian Violation","Other Motor Vehicle","N","N","N","N"
6438135,"N","Y","Injury (Other Visible)","N",2014,13.8333333333333,"Winter","N","N","F","N","N","Y","N","N","N","N","N","Daylight","Sideswipe","Wrong Side of Road","Other Motor Vehicle","N","N","N","N"
6438150,"N","Y","Injury (Complaint of Pain)","N",2014,8.58333333333333,"Winter","AM","N","Tu","Y","N","Y","N","N","N","N","N","Daylight","Head-On","Driving or Bicycling Under the Influence of Alcohol or Drug","Motor Vehicle on Other Roadway","N","N","N","N"
6438235,"N","Y","Injury (Complaint of Pain)","N",2014,21,"Winter","N","N","W","Y","N","N","Y","N","N","N","N","Dark - Street Lights","Sideswipe","Pedestrian Right of Way","Other Motor Vehicle","N","N","N","N"
6438245,"N","Y","PDO (property damage only)","N",2014,11.3333333333333,"Winter","N","N","Th","N","N","Y","N","N","N","N","N","Daylight","Other","Wrong Side of Road",NA,"N","N","N","N"
6439314,"N","N","PDO (property damage only)","N",2014,17.4166666666667,"Winter","PM","N","F","N","N","Y","N","N","N","N","N","Daylight","Sideswipe","Automobile Right of Way","Other Motor Vehicle","N","Y","N","N"
6439435,"N","Y","PDO (property damage only)","N",2014,18.9166666666667,"Spring","PM","N","M","N","N","Y","N","N","N","N","N","Dark - Street Lights","Sideswipe","Wrong Side of Road","Other Motor Vehicle","N","N","N","N"
6439570,"N","Y","Injury (Complaint of Pain)","N",2014,0,"Spring","N","Y","W","N","N","Y","N","N","N","N","N","Dark - Street Lights","Broadside","Pedestrian Right of Way","Other Motor Vehicle","N","N","N","N"
6439571,"N","Y","Injury (Other Visible)","N",2014,9.66666666666667,"Spring","N","N","Tu","N","N","Y","N","N","N","N","N","Daylight","Sideswipe","Automobile Right of Way","Other Motor Vehicle","N","N","N","N"
6439573,"N","Y","Injury (Complaint of Pain)","N",2014,11.75,"Spring","N","N","Sa","N","N","Y","N","N","N","N","N","Daylight","Rear End","Pedestrian Violation","Other Motor Vehicle","N","N","N","N"
6439583,"N","Y","PDO (property damage only)","N",2014,6.58333333333333,"Winter","N","N","Th","N","N","Y","N","N","N","N","N","Dark - Street Lights","Broadside","Unsafe Lane Change","Other Motor Vehicle","N","N","N","N"
6439632,"N","N","Fatal","Y",2014,17,"Winter","N","N","Su","Y","N","Y","N","N","N","N","N","Daylight","Broadside","Pedestrian Violation","Other Motor Vehicle","N","N","N","N"
6440152,"N","Y","PDO (property damage only)","N",2014,16.4166666666667,"Winter","PM","N","F","Y","N","Y","N","N","N","N","N","Daylight","Broadside","Pedestrian Violation","Other Motor Vehicle","N","N","N","N"
6440303,"N","Y","PDO (property damage only)","N",2014,17.6666666666667,"Spring","PM","N","M","Y","N","Y","N","N","N","N","N","Daylight","Broadside","Pedestrian Violation","Other Motor Vehicle","N","N","N","N"
6440830,"N","Y","Injury (Other Visible)","N",2014,18.0833333333333,"Spring","PM","N","W","Y","N","Y","N","N","N","N","N","Dusk or Dawn","Sideswipe","Pedestrian Violation","Other Motor Vehicle","N","N","N","N"
6440835,"N","Y","Injury (Complaint of Pain)","N",2014,8.5,"Spring","AM","N","Tu","N","Y","Y","N","N","N","N","N","Daylight","Sideswipe","Automobile Right of Way","Other Motor Vehicle","N","N","N","N"
6440839,"N","Y","PDO (property damage only)","N",2014,17.3333333333333,"Spring","PM","N","W","N","Y","Y","N","N","N","N","N","Daylight","Sideswipe","Improper Turning","Other Motor Vehicle","N","N","N","N"
6440902,"N","Y","Injury (Other Visible)","N",2014,10.5833333333333,"Spring","N","N","Sa","N","N","Y","N","N","N","N","N","Daylight","Broadside","Pedestrian Right of Way","Other Motor Vehicle","N","N","N","N"
6440918,"N","Y","Injury (Complaint of Pain)","N",2014,17.4166666666667,"Spring","PM","N","Th","Y","N","Y","N","N","N","N","N","Daylight","Broadside","Driving or Bicycling Under the Influence of Alcohol or Drug","Other Motor Vehicle","N","N","N","N"
6441763,"N","Y","Injury (Other Visible)","N",2014,16.5833333333333,"Winter","PM","N","W","N","N","Y","N","N","N","N","N","Daylight","Sideswipe","Pedestrian Violation","Other Motor Vehicle","N","N","N","N"
6441771,"N","Y","PDO (property damage only)","N",2014,19.3333333333333,"Winter","N","N","F","Y","Y","Y","N","N","N","N","N","Dark - Street Lights","Broadside","Pedestrian Violation","Other Motor Vehicle","N","N","N","N"
6441841,"N","Y","Injury (Other Visible)","N",2014,6,"Winter","N","N","W","Y","N","Y","N","N","N","N","N","Daylight","Broadside","Pedestrian Violation","Other Motor Vehicle","N","N","N","N"
6441880,"N","Y","Injury (Other Visible)","N",2014,7.75,"Winter","AM","N","Th","Y","N","Y","N","N","N","N","N","Daylight","Broadside","Pedestrian Violation","Other Motor Vehicle","N","N","N","N"
6442450,"N","Y","Injury (Complaint of Pain)","N",2014,23.75,"Spring","N","Y","M","N","Y","Y","N","N","N","N","N","Dark - Street Lights","Hit Object","Pedestrian Right of Way","Fixed Object","N","N","N","N"
6442481,"N","Y","PDO (property damage only)","N",2014,19.4166666666667,"Winter","N","N","Th","N","Y","Y","N","N","N","N","N","Daylight","Sideswipe","Automobile Right of Way","Other Motor Vehicle","N","N","N","N"
6442526,"N","Y","Injury (Complaint of Pain)","N",2014,16.25,"Spring","PM","N","F","N","Y","Y","N","N","N","N","N","Daylight","Overturned","Wrong Side of Road","Fixed Object","N","N","N","N"
6442860,"N","Y","PDO (property damage only)","N",2014,16.6666666666667,"Spring","N","N","Sa","N","N","Y","N","N","N","N","N","Daylight","Sideswipe","Automobile Right of Way","Other Motor Vehicle","N","N","N","N"
6442923,"N","Y","Injury (Complaint of Pain)","N",2014,1.66666666666667,"Winter","N","Y","F","N","N","Y","N","N","N","N","N","Dark - Street Lights","Overturned","Wrong Side of Road","Fixed Object","N","N","N","N"
6442961,"N","Y","PDO (property damage only)","N",2014,13,"Winter","N","N","W","N","N","Y","N","N","N","N","N","Daylight","Rear End","Wrong Side of Road","Other Motor Vehicle","N","N","N","N"