"CASE_ID","mc_killed","mc_injured","collision_severity","severe","accident_year","hours_since_midnight","season","rush_hour","late_night","day_of_week","intersection","state_hwy_ind","w_clear","w_cloudy","w_rainy","w_other","road_not_dry","road_condition_issue","lighting","type_of_collision","pcf_viol_category","mviw","alcohol_involved","truck_accident","pedestrian_accident","bicycle_accident"
6444240,"N","Y","Injury (Complaint of Pain)","N",2014,11.3333333333333,"Spring","N","N","F","Y","N","Y","N","N","N","N","N","Daylight","Broadside","Pedestrian Violation","Other Motor Vehicle","N","N","N","N"
6445252,"N","N","Fatal","Y",2014,23,"Spring","N","Y","Su","N","N","Y","N","N","N","N","N","Dark - Street Lights","Broadside","Wrong Side of Road","Parked Motor Vehicle","N","N","N","N"
6445868,"N","Y","Injury (Complaint of Pain)","N",2014,14,"Winter","N","N","F","Y","N","Y","N","N","N","N","N","Daylight","Head-On","Driving or Bicycling Under the Influence of Alcohol or Drug","Other Motor Vehicle","N","N","N","N"
6445876,"N","Y","Injury (Complaint of Pain)","N",2014,12.8333333333333,"Winter","N","N","W","N","N","Y","N","N","N","N","N","Daylight","Other","Pedestrian Violation","Non-Collision","N","N","N","N"
6445884,"N","Y","PDO (property damage only)","N",2014,11.25,"Spring","N","N","Tu","N","N","Y","N","N","N","N","N","Daylight","Broadside","Wrong Side of Road","Other Motor Vehicle","N","N","N","N"
6445899,"N","Y","Injury (Other Visible)","N",2014,16,"Spring","N","N","Su","Y","Y","Y","N","N","N","N","N","Daylight","Broadside","Lights","Other Motor Vehicle","N","N","N","N"
6445904,"N","Y","Injury (Other Visible)","N",2014,17.3333333333333,"Spring","N","N","Su","N","N","Y","N","N","N","N","N","Daylight","Sideswipe","Driving or Bicycling Under the Influence of Alcohol or Drug","Other Motor Vehicle","N","N","N","N"
6445907,"N","Y","PDO (property damage only)","N",2014,18.8333333333333,"Spring","PM","N","M","N","N","Y","N","N","N","N","N","Dark - Street Lights","Other","Lights","Other Object","N","N","N","N"
6445912,"N","Y","Injury (Complaint of Pain)","N",2014,14.3333333333333,"Spring","N","N","Su","N","N","Y","N","N","N","N","N","Daylight","Head-On","Unsafe Lane Change","Other Motor Vehicle","N","N","N","N"
6445925,"N","Y","Injury (Complaint of Pain)","N",2014,14.0833333333333,"Spring","N","N","Su","Y","N","Y","N","N","N","N","N","Daylight","Other","Pedestrian Violation","Non-Collision","N","N","N","N"
6445933,"N","Y","Injury (Other Visible)","N",2014,6.91666666666667,"Spring","N","N","F","Y","N","N","Y","N","N","N","N","Daylight","Broadside","Pedestrian Violation","Other Motor Vehicle","N","N","N","N"
6445939,"N","Y","PDO (property damage only)","N",2014,11.5,"Winter","N","N","Su","Y","N","N","Y","N","N","Y","N","Daylight","Broadside","Pedestrian Violation","Other Motor Vehicle","N","N","N","N"
6445969,"N","Y","Injury (Other Visible)","N",2014,10.25,"Spring","N","N","W","Y","N","Y","N","N","N","N","N","Daylight","Broadside","Lights","Other Motor Vehicle","N","N","N","N"
6446068,"N","Y","Injury (Other Visible)","N",2014,16.5,"Spring","PM","N","F","N","N","Y","N","N","N","N","N","Daylight","Rear End","Wrong Side of Road","Parked Motor Vehicle","N","N","N","N"
6446147,"N","Y","Injury (Complaint of Pain)","N",2014,12.3333333333333,"Spring","N","N","Sa","N","Y","Y","N","N","N","N","N","Daylight","Sideswipe","Automobile Right of Way","Other Motor Vehicle","N","N","N","N"
6446202,"N","N","Fatal","Y",2014,19.75,"Spring","N","N","Tu","Y","N","Y","N","N","N","N","N","Daylight","Broadside","Unsafe Speed","Other Motor Vehicle","Y","N","N","N"
6446790,"N","Y","Injury (Complaint of Pain)","N",2014,19.5833333333333,"Spring","N","N","Th","N","Y","Y","N","N","N","N","N","Dark - Street Lights","Sideswipe","Wrong Side of Road","Other Motor Vehicle","N","N","N","N"
6446807,"N","Y","Injury (Complaint of Pain)","N",2014,18.8333333333333,"Winter","PM","N","W","N","N","Y","N","N","N","N","N","Dark - Street Lights","Rear End","Improper Passing","Other Motor Vehicle","N","N","N","N"
6446811,"N","Y","Injury (Complaint of Pain)","N",2014,19.1666666666667,"Winter","N","N","Tu","N","N","Y","N","N","N","N","N","Dark - Street Lights","Vehicle/Pedestrian","Wrong Side of Road","Pedestrian","N","N","Y","N"
6446812,"N","Y","PDO (property damage only)","N",2014,10.3333333333333,"Spring","N","N","M","N","N","Y","N","N","N","N","N","Daylight","Broadside","Impeding Traffic","Other Motor Vehicle","N","N","N","N"
6446827,"N","Y","Injury (Other Visible)","N",2014,6.83333333333333,"Winter","N","N","Tu","Y","N","Y","N","N","N","N","N","Dusk or Dawn","Broadside","Pedestrian Violation","Motor Vehicle on Other Roadway","N","N","N","N"
6446862,"N","N","Injury (Other Visible)","N",2014,20.8333333333333,"Winter","N","N","F","Y","N","Y","N","N","N","N","N","Dark - Street Lights","Broadside","Pedestrian Violation","Other Motor Vehicle","N","N","N","N"
6446878,"N","Y","Injury (Other Visible)","N",2014,21.3333333333333,"Winter","N","N","F","Y","N","Y","N","N","N","N","N","Dark - Street Lights","Head-On","Lights","Other Motor Vehicle","N","N","N","N"
6446881,"N","Y","Injury (Other Visible)","N",2014,15.1666666666667,"Winter","PM","N","W","N","N","Y","N","N","N","N","N","Daylight","Broadside","Pedestrian Right of Way","Other Motor Vehicle","N","N","N","N"
6447122,"N","Y","PDO (property damage only)","N",2014,14.9666666666667,"Spring","N","N","Su","N","Y","Y","N","N","N","N","N","Daylight","Sideswipe","Wrong Side of Road","Other Motor Vehicle","N","N","N","N"
6447138,"N","Y","Injury (Complaint of Pain)","N",2014,18.5833333333333,"Spring","PM","N","W","N","Y","Y","N","N","N","N","N","Daylight","Sideswipe","Wrong Side of Road","Other Motor Vehicle","N","N","N","N"
6447169,"N","Y","PDO (property damage only)","N",2014,16.3333333333333,"Spring","PM","N","M","N","Y","Y","N","N","N","N","N","Daylight","Rear End","Wrong Side of Road","Other Motor Vehicle","N","N","N","N"
6447185,"N","Y","Injury (Complaint of Pain)","N",2014,14.6666666666667,"Spring","N","N","M","N","Y","Y","N","N","N","N","N","Daylight","Sideswipe","Automobile Right of Way","Other Motor Vehicle","N","N","N","N"
6447194,"N","N","Injury (Complaint of Pain)","N",2014,9.5,"Spring","N","N","W","N","Y","Y","N","N","N","N","N","Daylight","Rear End","Automobile Right of Way","Other Motor Vehicle","N","N","N","N"
6447198,"N","Y","PDO (property damage only)","N",2014,18.1666666666667,"Spring","PM","N","W","N","Y","Y","N","N","N","N","N","Daylight","Sideswipe","Automobile Right of Way","Other Motor Vehicle","N","N","N","N"
6447234,"N","N","Fatal","Y",2014,3.68333333333333,"Winter","N","Y","W","N","Y","Y","N","N","N","N","N","Dark - Street Lights","Broadside","Wrong Side of Road","Other Motor Vehicle","N","N","N","N"
6447450,"N","N","Fatal","Y",2014,3.83333333333333,"Spring","N","Y","F","N","Y","Y","N","N","N","N","N","Dark - Street Lights","Sideswipe","Automobile Right of Way","Other Motor Vehicle","N","N","N","N"
6447479,"N","N","Fatal","Y",2014,18.4333333333333,"Spring","PM","N","Th","N","N","N","Y","N","N","N","N","Daylight","Rear End","Wrong Side of Road","Other Motor Vehicle","N","N","N","N"
6447670,"N","Y","Injury (Other Visible)","N",2014,15.3333333333333,"Spring","PM","N","Tu","Y","Y","Y","N","N","N","N","N","Daylight","Broadside","Unsafe Speed","Other Motor Vehicle","Y","N","N","N"
6448131,"N","Y","Injury (Other Visible)","N",2014,19.6666666666667,"Spring","N","N","W","N","N","Y","N","N","N","N","N","Dusk or Dawn","Broadside","Pedestrian Right of Way","Other Motor Vehicle","N","N","N","N"
6448148,"N","Y","Injury (Complaint of Pain)","N",2014,14.1666666666667,"Spring","N","N","Th","N","N","N","Y","N","N","N","N","Daylight","Sideswipe","Pedestrian Violation","Other Motor Vehicle","N","N","N","N"
6448165,"N","Y","Injury (Complaint of Pain)","N",2014,19.5,"Spring","N","N","Su","N","N","Y","N","N","N","N","N","Dusk or Dawn","Sideswipe","Automobile Right of Way","Other Motor Vehicle","N","N","N","N"
6448169,"N","Y","Injury (Complaint of Pain)","N",2014,14.3333333333333,"Spring","N","N","Su","Y","N","Y","N","N","N","N","N","Daylight","Broadside","Unsafe Speed","Other Motor Vehicle","Y","N","N","N"
6448285,"N","Y","PDO (property damage only)","N",2014,21.1666666666667,"Winter","N","N","F","N","N","Y","N","N","N","N","N","Dark - Street Lights","Sideswipe","Automobile Right of Way","Other Motor Vehicle","N","N","N","N"
6448310,"N","Y","Injury (Other Visible)","N",2014,9,"Spring","AM","N","Th","N","N","Y","N","N","N","N","N","Daylight","Sideswipe","Automobile Right of Way","Other Motor Vehicle","N","N","N","N"
6448318,"N","Y","Injury (Other Visible)","N",2014,17,"Spring","N","N","Su","Y","N","Y","N","N","N","N","N","Daylight","Sideswipe","Automobile Right of Way","Other Motor Vehicle","N","N","N","N"
6449256,"N","Y","Injury (Other Visible)","N",2014,17.1666666666667,"Spring","PM","N","M","Y","N","Y","N","N","N","N","N","Daylight","Head-On","Pedestrian Violation","Other Motor Vehicle","N","N","N","N"
6449903,"N","Y","Injury (Complaint of Pain)","N",2014,16.0833333333333,"Spring","PM","N","M","N","Y","N","Y","N","N","N","N","Daylight","Rear End","Impeding Traffic","Other Motor Vehicle","N","N","N","N"
6449915,"N","Y","PDO (property damage only)","N",2014,12.75,"Spring","N","N","F","N","Y","N","Y","N","N","N","N","Daylight","Sideswipe","Automobile Right of Way","Other Motor Vehicle","N","N","N","N"
6449951,"N","Y","Injury (Complaint of Pain)","N",2014,8.91666666666667,"Spring","AM","N","Tu","N","Y","Y","N","N","N","N","N","Daylight","Sideswipe","Impeding Traffic","Other Motor Vehicle","N","N","N","N"
6449986,"N","Y","PDO (property damage only)","N",2014,6.25,"Spring","N","N","M","N","Y","Y","N","N","N","N","N","Daylight","Sideswipe","Automobile Right of Way","Other Motor Vehicle","N","N","N","N"
6450085,"N","Y","Injury (Complaint of Pain)","N",2014,21,"Spring","N","N","F","N","N","Y","N","N","N","N","N","Dark - Street Lights","Sideswipe","Other Improper Driving","Other Motor Vehicle","N","N","N","N"
6450115,"N","Y","PDO (property damage only)","N",2014,7.91666666666667,"Spring","AM","N","Th","Y","N","Y","N","N","N","N","N","Daylight","Broadside","Pedestrian Violation","Other Motor Vehicle","N","N","N","N"
6450120,"N","Y","PDO (property damage only)","N",2014,22.5833333333333,"Spring","N","N","Sa","N","N","Y","N","N","N","N","N","Dark - No Street Lights","Rear End","Wrong Side of Road","Other Motor Vehicle","N","N","N","N"
6450147,"N","Y","Injury (Complaint of Pain)","N",2014,17.5,"Spring","N","N","Sa","N","N","Y","N","N","N","N","Y","Daylight","Hit Object","Wrong Side of Road","Fixed Object","N","N","N","N"
6450295,"N","Y","Injury (Other Visible)","N",2014,14.3333333333333,"Spring","N","N","M","N","N","Y","N","N","N","N","N","Daylight","Sideswipe","Unsafe Lane Change","Other Motor Vehicle","N","N","N","N"
6450727,"N","N","Fatal","Y",2014,3.75,"Winter","N","Y","W","N","Y","Y","N","N","N","N","N","Dark - Street Lights","Broadside","Wrong Side of Road","Other Motor Vehicle","N","N","N","N"
6450793,"N","Y","Injury (Other Visible)","N",2014,19.75,"Spring","N","N","Sa","Y","N","Y","N","N","N","N","N","Dark - Street Lights","Broadside","Pedestrian Violation","Other Motor Vehicle","N","N","N","N"
6450886,"N","Y","PDO (property damage only)","N",2014,17.25,"Spring","PM","N","W","N","N","Y","N","N","N","N","N","Daylight","Rear End","Wrong Side of Road","Other Motor Vehicle","N","N","N","N"
6450894,"N","Y","PDO (property damage only)","N",2014,18.1666666666667,"Spring","N","N","Su","Y","N","Y","N","N","N","N","N","Daylight","Overturned","Wrong Side of Road","Other Object","N","N","N","N"
6450921,"N","Y","Injury (Complaint of Pain)","N",2014,8.91666666666667,"Spring","AM","N","Tu","N","N","N","Y","N","N","N","N","Daylight","Sideswipe","Automobile Right of Way","Other Motor Vehicle","N","N","N","N"
6450935,"N","Y","PDO (property damage only)","N",2014,9.33333333333333,"Spring","N","N","F","N","N","Y","N","N","N","N","N","Daylight","Other","Wrong Side of Road","Other Object","N","N","N","N"
6450960,"N","Y","PDO (property damage only)","N",2014,17.5,"Spring","N","N","Su","N","Y","Y","N","N","N","N","N","Daylight","Rear End","Automobile Right of Way","Other Motor Vehicle","N","N","N","N"
6451012,"N","Y","PDO (property damage only)","N",2014,19.9166666666667,"Spring","N","N","M","N","N","Y","N","N","N","N","N","Dark - Street Lights","Hit Object","Wrong Side of Road","Fixed Object","N","N","N","N"
6451025,"N","Y","Injury (Complaint of Pain)","N",2014,22.3333333333333,"Spring","N","N","Th","Y","N","N","Y","N","N","N","N","Dark - Street Lights","Head-On","Pedestrian Violation","Other Motor Vehicle","N","N","N","N"
6451852,"N","Y","PDO (property damage only)","N",2014,6.75,"Spring","N","N","Tu","N","Y","Y","N","N","N","N","N","Daylight","Overturned","Pedestrian Right of Way","Non-Collision","N","Y","N","N"
6452088,"N","N","Injury (Complaint of Pain)","N",2014,1.91666666666667,"Winter","N","Y","Su","Y","N","N","Y","N","Y","N","N","Dark - Street Lights","Other","Pedestrian Right of Way","Non-Collision","N","N","N","N"
6452100,"N","Y","Injury (Complaint of Pain)","N",2014,17,"Winter","PM","N","W","Y","N","Y","N","N","N","N","N","Daylight","Broadside","Pedestrian Violation","Other Motor Vehicle","N","N","N","N"
6452112,"N","Y","Injury (Complaint of Pain)","N",2014,13.8333333333333,"Winter","N","N","Su","Y","N","Y","N","N","N","N","N","Daylight","Broadside","Pedestrian Violation","Other Motor Vehicle","N","N","N","N"
6452799,"N","N","Fatal","Y",2014,15.1666666666667,"Spring","PM","N","F","Y","N","Y","N","N","N","N","N","Daylight","Other","Wrong Side of Road","Other Object","N","N","N","N"
6453130,"N","Y","PDO (property damage only)","N",2014,12.3333333333333,"Spring","N","N","F","N","Y","N","Y","N","N","N","N","Daylight","Overturned","Pedestrian Right of Way","Fixed Object","N","N","N","N"
6453183,"N","N","Fatal","Y",2014,7.91666666666667,"Spring","AM","N","Th","N","Y","N","Y","N","N","N","N","Daylight","Rear End","Wrong Side of Road","Other Motor Vehicle","N","N","N","N"
6453407,"N","N","Injury (Complaint of Pain)","N",2014,10.8,"Spring","N","N","W","N","Y","Y","N","N","N","N","N","Daylight","Sideswipe","Automobile Right of Way","Other Motor Vehicle","N","N","N","N"
6453545,"N","N","Fatal","Y",2014,16.5833333333333,"Spring","N","N","Sa","N","Y","Y","N","N","N","N","N","Daylight","Sideswipe","Automobile Right of Way","Other Motor Vehicle","N","N","N","N"
6453591,"N","Y","PDO (property damage only)","N",2014,7.66666666666667,"Spring","AM","N","Tu","N","Y","Y","N","N","N","N","N","Daylight","Sideswipe","Wrong Side of Road","Other Motor Vehicle","N","N","N","N"
6453969,"N","N","Fatal","Y",2014,23.8333333333333,"Spring","N","Y","W","N","N","Y","N","N","N","N","N","Dark - Street Lights","Rear End","Wrong Side of Road","Parked Motor Vehicle","N","N","N","N"
6453976,"N","N","PDO (property damage only)","N",2014,10.3333333333333,"Spring","N","N","Su","N","Y","Y","N","N","N","N","N","Daylight","Rear End","Wrong Side of Road","Other Motor Vehicle","N","N","N","N"
6454117,"N","Y","PDO (property damage only)","N",2014,1.66666666666667,"Spring","N","Y","Th","N","Y","Y","N","N","N","N","N","Dark - Street Lights","Rear End","Unsafe Speed","Other Motor Vehicle","Y","Y","N","N"
6454213,"N","Y","Injury (Complaint of Pain)","N",2014,9.33333333333333,"Spring","N","N","W","N","Y","Y","N","N","N","N","N","Daylight","Rear End","Automobile Right of Way","Other Motor Vehicle","N","Y","N","N"
6454238,"N","N","Fatal","Y",2014,7.83333333333333,"Winter","AM","N","W","N","Y","Y","N","N","N","N","N","Daylight","Rear End","Wrong Side of Road","Other Motor Vehicle","N","N","N","N"
6454280,"N","Y","PDO (property damage only)","N",2014,18.8333333333333,"Spring","PM","N","F","N","N","Y","N","N","N","N","N","Daylight","Head-On","Pedestrian Right of Way","Other Motor Vehicle","N","N","N","N"
6454288,"N","Y","PDO (property damage only)","N",2014,11.1666666666667,"Spring","N","N","W","Y","N","Y","N","N","N","N","N","Daylight","Broadside","Lights","Motor Vehicle on Other Roadway","N","N","N","N"
6454982,"N","Y","Injury (Other Visible)","N",2014,18.25,"Spring","PM","N","F","N","N","Y","N","N","N","N","N","Daylight","Hit Object","Wrong Side of Road","Fixed Object","N","Y","N","N"
6455108,"N","Y","Injury (Other Visible)","N",2014,6,"Spring","N","N","M","N","N","Y","N","N","N","N","N","Daylight","Broadside","Pedestrian Violation","Other Motor Vehicle","N","N","N","N"
6455228,"N","Y","Injury (Complaint of Pain)","N",2014,15.25,"Winter","PM","N","F","N","Y","N","Y","N","N","N","N","Daylight","Hit Object","Wrong Side of Road","Fixed Object","N","N","N","N"
6455236,"N","Y","Injury (Other Visible)","N",2014,14.4166666666667,"Winter","N","N","M","N","Y","Y","N","N","N","N","N","Daylight","Broadside","Pedestrian Right of Way","Other Motor Vehicle","N","N","N","N"
6455259,"N","Y","PDO (property damage only)","N",2014,16.3333333333333,"Winter","N","N","Su","N","N","Y","N","N","N","N","N","Daylight","Sideswipe","Driving or Bicycling Under the Influence of Alcohol or Drug","Other Motor Vehicle","N","N","N","N"
6455460,"N","N","Fatal","Y",2014,9.5,"Winter","N","N","F","N","Y","Y","N","N","N","N","N","Daylight","Overturned","Wrong Side of Road","Non-Collision","N","N","N","N"
6455695,"N","Y","Injury (Complaint of Pain)","N",2014,8.5,"Spring","N","N","Sa","Y","N","N","Y","N","N","N","N","Daylight","Broadside","Lights","Other Motor Vehicle","N","N","N","N"
6456390,"N","Y","PDO (property damage only)","N",2014,14.1666666666667,"Spring","N","N","Sa","Y","N","Y","N","N","N","N","N","Daylight","Sideswipe","Improper Turning","Other Motor Vehicle","N","N","N","N"
6456395,"N","Y","Injury (Complaint of Pain)","N",2014,23.8333333333333,"Spring","N","Y","F","Y","N","Y","N","N","N","N","N","Dark - Street Lights","Broadside","Lights","Other Motor Vehicle","N","Y","N","N"
6456498,"N","Y","PDO (property damage only)","N",2014,14.8333333333333,"Spring","N","N","Th","N","N","Y","N","N","N","N","N","Daylight","Broadside","Pedestrian Violation","Other Motor Vehicle","N","N","N","N"
6456500,"N","Y","PDO (property damage only)","N",2014,22.25,"Spring","N","N","F","N","N","Y","N","N","N","N","N","Dark - Street Lights","Head-On","Pedestrian Violation","Other Motor Vehicle","N","N","N","N"
6456512,"N","N","Injury (Complaint of Pain)","N",2014,15.6,"Spring","N","N","Sa","N","N","Y","N","N","N","N","N","Daylight","Rear End","Unsafe Speed","Parked Motor Vehicle","Y","N","N","N"
6456526,"N","Y","PDO (property damage only)","N",2014,0.0833333333333333,"Spring","N","Y","M","N","N","Y","N","N","N","N","N","Dark - Street Lights","Broadside","Pedestrian Violation","Other Motor Vehicle","N","N","N","N"
6456532,"N","Y","Injury (Complaint of Pain)","N",2014,15.9166666666667,"Spring","N","N","Su","N","N","Y","N","N","N","N","N","Daylight","Rear End","Pedestrian Violation","Other Motor Vehicle","N","N","N","N"
6456533,"N","Y","PDO (property damage only)","N",2014,10.25,"Winter","N","N","Th","Y","N","Y","N","N","N","N","N","Daylight","Broadside","Pedestrian Violation","Other Motor Vehicle","N","N","N","N"
6456544,"N","Y","Injury (Complaint of Pain)","N",2014,8.5,"Spring","N","N","Sa","Y","N","N","Y","N","N","N","N","Daylight","Broadside","Lights","Other Motor Vehicle","N","N","N","N"
6456545,"N","Y","Injury (Other Visible)","N",2014,11.8333333333333,"Spring","N","N","F","Y","N","Y","N","N","N","N","N","Daylight","Broadside","Pedestrian Violation","Other Motor Vehicle","N","N","N","N"
6456578,"N","Y","Injury (Complaint of Pain)","N",2014,22.9166666666667,"Spring","N","N","Th","Y","N","Y","N","N","N","N","N","Dark - No Street Lights","Head-On","Pedestrian Violation","Other Motor Vehicle","N","N","N","N"
6456597,"N","N","Injury (Complaint of Pain)","N",2014,11.75,"Spring","N","N","W","Y","N","Y","N","N","N","N","N","Daylight","Broadside","Pedestrian Right of Way","Other Motor Vehicle","N","N","N","N"
6456711,"N","Y","Injury (Other Visible)","N",2014,17.45,"Spring","PM","N","F","Y","N","Y","N","N","N","N","N","Daylight","Head-On","Improper Turning","Other Motor Vehicle","N","N","N","N"
6457062,"N","Y","PDO (property damage only)","N",2014,21.4166666666667,"Winter","N","N","F","Y","N","Y","N","N","N","N","Y","Dark - Street Lights","Broadside","Pedestrian Violation","Other Motor Vehicle","N","N","N","N"
6457070,"N","Y","Injury (Complaint of Pain)","N",2014,13.1666666666667,"Spring","N","N","Su","N","N","Y","N","N","N","N","N","Daylight","Sideswipe","Pedestrian Violation","Other Motor Vehicle","N","N","N","N"
6457124,"N","Y","Injury (Complaint of Pain)","N",2014,11.75,"Spring","N","N","Su","N","Y","Y","N","N","N","N","N","Daylight","Rear End","Automobile Right of Way","Other Motor Vehicle","N","N","N","N"
6457140,"N","Y","Injury (Other Visible)","N",2014,14.55,"Spring","N","N","F","N","Y","Y","N","N","N","N","N","Daylight","Rear End","Wrong Side of Road","Other Motor Vehicle","N","N","N","N"
6458070,"N","N","PDO (property damage only)","N",2014,12.1666666666667,"Spring","N","N","Sa","N","N","Y","N","N","N","N","Y","Daylight","Broadside","Pedestrian Right of Way","Other Motor Vehicle","N","N","N","N"
6458186,"N","Y","PDO (property damage only)","N",2014,15.8333333333333,"Spring","PM","N","Tu","Y","N","Y","N","N","N","N","N","Daylight","Head-On","Pedestrian Violation","Other Motor Vehicle","N","N","N","N"
6459051,"N","Y","PDO (property damage only)","N",2014,13.1666666666667,"Spring","N","N","F","Y","N","Y","N","N","N","N","N","Daylight","Rear End","Driving or Bicycling Under the Influence of Alcohol or Drug","Other Motor Vehicle","N","N","N","N"
6459160,"N","Y","Injury (Other Visible)","N",2014,15.3333333333333,"Spring","N","N","Sa","N","N","Y","N","N","N","N","N","Daylight","Sideswipe","Pedestrian Right of Way","Other Motor Vehicle","N","N","N","N"
6459210,"N","Y","Injury (Complaint of Pain)","N",2014,17.5,"Spring","PM","N","Th","N","N","Y","N","N","N","N","N","Daylight","Rear End","Wrong Side of Road","Other Motor Vehicle","N","N","N","N"
6459241,"N","Y","Injury (Complaint of Pain)","N",2014,9.83333333333333,"Spring","N","N","Su","N","N","Y","N","N","N","N","N","Daylight","Other","Wrong Side of Road","Other Object","N","N","N","N"
6459263,"N","Y","Injury (Complaint of Pain)","N",2014,12.25,"Spring","N","N","Tu","N","N","Y","N","N","N","N","N","Daylight","Hit Object","Wrong Side of Road","Fixed Object","N","N","N","N"
6459312,"N","N","PDO (property damage only)","N",2014,12.3333333333333,"Spring","N","N","Tu","N","N","Y","N","N","N","N","N","Daylight","Broadside","Unsafe Starting or Backing","Other Motor Vehicle","N","N","N","N"
6459330,"N","Y","Injury (Complaint of Pain)","N",2014,12.3333333333333,"Spring","N","N","Tu","N","Y","Y","N","N","N","N","N","Daylight","Sideswipe","Automobile Right of Way","Other Motor Vehicle","N","N","N","N"
6459485,"N","N","PDO (property damage only)","N",2014,15.5833333333333,"Spring","PM","N","F","N","Y","Y","N","N","N","N","N","Daylight","Broadside","Pedestrian Right of Way","Other Motor Vehicle","N","N","N","N"
6459573,"N","Y","PDO (property damage only)","N",2014,9.16666666666667,"Spring","N","N","Th","N","Y","Y","N","N","N","N","N","Daylight","Rear End","Wrong Side of Road","Other Motor Vehicle","N","N","N","N"
6459593,"N","Y","PDO (property damage only)","N",2014,15.5,"Spring","PM","N","M","N","Y","Y","N","N","N","N","N","Daylight","Rear End","Wrong Side of Road","Other Motor Vehicle","N","N","N","N"
6459610,"N","Y","PDO (property damage only)","N",2014,22.3333333333333,"Spring","N","N","Sa","Y","N","Y","N","N","N","N","N","Dark - Street Lights","Broadside","Pedestrian Violation","Other Motor Vehicle","N","N","N","N"
6459622,"N","N","PDO (property damage only)","N",2014,17.5833333333333,"Spring","N","N","Sa","N","N","Y","N","N","N","N","N","Daylight","Broadside","Lights","Other Motor Vehicle","N","N","N","N"
6459705,"N","Y","Injury (Complaint of Pain)","N",2014,15.5833333333333,"Spring","N","N","Su","Y","N","Y","N","N","N","N","Y","Daylight","Broadside","Pedestrian Violation","Other Motor Vehicle","N","N","N","N"
6459713,"N","N","PDO (property damage only)","N",2014,14.5,"Spring","N","N","Su","N","N","Y","N","N","N","N","N","Daylight","Rear End","Unsafe Speed","Other Motor Vehicle","Y","N","N","N"
6459737,"N","Y","Injury (Other Visible)","N",2014,8.16666666666667,"Spring","AM","N","F","Y","N","Y","N","N","N","N","N","Daylight","Broadside","Pedestrian Violation","Other Motor Vehicle","N","N","N","N"
6459886,"N","Y","PDO (property damage only)","N",2014,7.83333333333333,"Spring","AM","N","Tu","Y","N","Y","N","N","N","N","N","Daylight","Broadside","Pedestrian Violation","Other Motor Vehicle","N","N","N","N"
6460183,"N","Y","Injury (Complaint of Pain)","N",2014,17.25,"Spring","N","N","Sa","Y","N","Y","N","N","N","N","N","Daylight","Broadside","Pedestrian Violation","Other Motor Vehicle","N","N","N","N"
6460282,"N","Y","Injury (Complaint of Pain)","N",2014,6.5,"Spring","N","N","Sa","N","N","Y","N","N","N","N","N","Daylight","Other","Wrong Side of Road","Other Object","N","N","N","N"
6460552,"N","Y","PDO (property damage only)","N",2014,8.66666666666667,"Spring","AM","N","W","N","N","Y","N","N","N","N","N","Daylight","Broadside","Pedestrian Violation","Other Motor Vehicle","N","N","N","N"
6461144,"N","N","Fatal","Y",2014,1.66666666666667,"Spring","N","Y","Sa","N","N","Y","N","N","N","N","N","Dark - No Street Lights","Sideswipe","Wrong Side of Road","Other Motor Vehicle","N","N","N","N"
6461159,"N","N","Fatal","Y",2014,15,"Spring","PM","N","W","N","N","Y","N","N","N","N","N","Daylight","Rear End","Unsafe Starting or Backing","Parked Motor Vehicle","N","N","N","N"
6461956,"N","Y","Injury (Complaint of Pain)","N",2014,17.4166666666667,"Spring","PM","N","F","N","N","Y","N","N","N","N","N","Daylight","Other","Pedestrian Violation","Fixed Object","N","N","N","N"
6462782,"N","Y","Injury (Complaint of Pain)","N",2014,22.15,"Spring","N","N","F","N","Y","Y","N","N","N","N","N","Dark - Street Lights","Hit Object","Pedestrian Right of Way","Fixed Object","N","N","N","N"
6463946,"N","Y","Injury (Complaint of Pain)","N",2014,17.4166666666667,"Spring","PM","N","Tu","N","N","Y","N","N","N","N","N","Daylight","Other","Code 20","Animal","N","N","N","N"
6463963,"N","Y","Injury (Complaint of Pain)","N",2014,23.1833333333333,"Spring","N","Y","Sa","N","N","Y","N","N","N","N","N","Dark - Street Lights","Other","Driving or Bicycling Under the Influence of Alcohol or Drug",NA,"N","N","N","N"
6463975,"N","Y","Injury (Complaint of Pain)","N",2014,8,"Spring","N","N","Sa","Y","N","Y","N","N","N","N","N","Daylight","Broadside","Pedestrian Violation","Other Motor Vehicle","N","N","N","N"
6463990,"N","Y","Injury (Complaint of Pain)","N",2014,16.1666666666667,"Spring","PM","N","Tu","Y","N","Y","N","N","N","N","N","Daylight","Broadside","Pedestrian Violation","Other Motor Vehicle","N","N","N","N"
6464003,"N","Y","Injury (Complaint of Pain)","N",2014,8.86666666666667,"Spring","AM","N","M","N","Y","Y","N","N","N","N","N","Daylight","Rear End","Wrong Side of Road","Other Motor Vehicle","N","N","N","N"
6464007,"N","N","Injury (Complaint of Pain)","N",2014,12.0833333333333,"Spring","N","N","M","N","Y","Y","N","N","N","N","N","Daylight","Sideswipe","Automobile Right of Way","Other Motor Vehicle","N","N","N","N"
6464008,"N","Y","Injury (Complaint of Pain)","N",2014,14.75,"Spring","N","N","Th","Y","N","Y","N","N","N","N","N","Daylight","Broadside","Lights","Other Motor Vehicle","N","N","N","N"