"CASE_ID","mc_killed","mc_injured","collision_severity","severe","accident_year","hours_since_midnight","season","rush_hour","late_night","day_of_week","intersection","state_hwy_ind","w_clear","w_cloudy","w_rainy","w_other","road_not_dry","road_condition_issue","lighting","type_of_collision","pcf_viol_category","mviw","alcohol_involved","truck_accident","pedestrian_accident","bicycle_accident"
6464023,"N","Y","Injury (Complaint of Pain)","N",2014,9.08333333333333,"Spring","N","N","Tu","N","Y","Y","N","N","N","N","N","Daylight","Sideswipe","Automobile Right of Way","Other Motor Vehicle","N","N","N","N"
6464048,"N","Y","Injury (Other Visible)","N",2014,19.75,"Spring","N","N","Sa","N","N","Y","N","N","N","N","N","Dark - Street Lights","Broadside","Pedestrian Right of Way","Other Motor Vehicle","Y","N","N","N"
6464073,"N","Y","Injury (Other Visible)","N",2014,16,"Spring","PM","N","F","N","N","Y","N","N","N","N","N","Daylight","Other","Driving or Bicycling Under the Influence of Alcohol or Drug","Non-Collision","N","N","N","N"
6464179,"N","Y","PDO (property damage only)","N",2014,15.9166666666667,"Spring","N","N","Sa","Y","N","N","Y","N","N","N","N","Daylight","Broadside","Pedestrian Violation","Other Motor Vehicle","N","N","N","N"
6464678,"N","Y","Injury (Complaint of Pain)","N",2014,15.6666666666667,"Winter","PM","N","W","N","Y","Y","N","N","N","N","N","Daylight","Rear End","Wrong Side of Road","Fixed Object","N","N","N","N"
6464838,"N","Y","Injury (Complaint of Pain)","N",2014,0.0833333333333333,"Winter","N","Y","Th","N","N","Y","N","N","N","N","N","Dark - Street Lights","Hit Object","Wrong Side of Road","Fixed Object","N","N","N","N"
6464869,"N","Y","Injury (Complaint of Pain)","N",2014,19,"Winter","PM","N","Th","Y","N","Y","N","N","N","N","N","Dark - Street Lights","Broadside","Pedestrian Violation","Other Motor Vehicle","N","N","N","N"
6464870,"N","Y","Injury (Complaint of Pain)","N",2014,18.5,"Winter","PM","N","M","N","N","Y","N","N","N","N","N","Dark - Street Lights","Broadside","Pedestrian Right of Way","Other Motor Vehicle","N","N","N","N"
6464941,"N","Y","PDO (property damage only)","N",2014,17.9166666666667,"Spring","PM","N","Th","N","Y","Y","N","N","N","N","N","Daylight","Sideswipe","Pedestrian Right of Way","Other Motor Vehicle","N","N","N","N"
6465570,"N","Y","Injury (Complaint of Pain)","N",2014,15,"Winter","N","N","Su","N","Y","Y","N","N","N","N","N","Daylight","Rear End","Wrong Side of Road","Other Motor Vehicle","N","N","N","N"
6465581,"N","Y","Injury (Other Visible)","N",2014,19,"Winter","N","N","Su","Y","N","Y","N","N","N","N","N","Dark - Street Lights","Broadside","Pedestrian Violation","Other Motor Vehicle","N","N","N","N"
6466944,"N","Y","PDO (property damage only)","N",2014,10.1333333333333,"Winter","N","N","F","N","Y","Y","N","N","N","N","N","Daylight","Sideswipe","Automobile Right of Way","Other Motor Vehicle","N","N","N","N"
6467186,"N","Y","Injury (Complaint of Pain)","N",2014,7.33333333333333,"Spring","AM","N","Th","Y","N","Y","N","N","N","N","N","Daylight","Broadside","Pedestrian Violation","Other Motor Vehicle","N","N","N","N"
6467818,"N","Y","Injury (Other Visible)","N",2014,22.9166666666667,"Spring","N","N","Su","Y","N","Y","N","N","N","N","N","Dark - Street Lights","Head-On","Pedestrian Violation","Other Motor Vehicle","N","N","N","N"
6467830,"N","N","Injury (Complaint of Pain)","N",2014,23.8333333333333,"Spring","N","Y","M","N","N","Y","N","N","N","N","N","Dark - Street Lights","Sideswipe","Driving or Bicycling Under the Influence of Alcohol or Drug","Parked Motor Vehicle","N","N","N","N"
6467875,"N","N","Fatal","Y",2014,15.6666666666667,"Spring","PM","N","M","N","N","Y","N","N","N","N","N","Daylight","Broadside","Unsafe Starting or Backing","Parked Motor Vehicle","N","N","N","N"
6469459,"N","Y","Injury (Complaint of Pain)","N",2014,17.75,"Spring","PM","N","Tu","N","Y","N","Y","N","N","N","N","Daylight","Sideswipe","Automobile Right of Way","Other Motor Vehicle","N","N","N","N"
6469475,"N","Y","PDO (property damage only)","N",2014,7.75,"Winter","AM","N","W","N","Y","Y","N","N","N","N","N","Daylight","Sideswipe","Automobile Right of Way","Other Motor Vehicle","N","N","N","N"
6469548,"N","Y","PDO (property damage only)","N",2014,15.75,"Spring","PM","N","Th","N","Y","Y","N","N","N","N","N","Daylight","Rear End","Wrong Side of Road","Other Motor Vehicle","N","N","N","N"
6470716,"N","N","Fatal","Y",2014,11,"Spring","N","N","F","N","Y","Y","N","N","N","N","N","Daylight","Sideswipe","Impeding Traffic","Other Motor Vehicle","N","N","N","N"
6470856,"N","Y","PDO (property damage only)","N",2014,20.0833333333333,"Spring","N","N","Su","N","Y","Y","N","N","N","N","N","Dark - Street Lights","Sideswipe","Wrong Side of Road","Other Motor Vehicle","N","N","N","N"
6471002,"N","Y","PDO (property damage only)","N",2014,15.75,"Spring","PM","N","Tu","N","N","Y","N","N","N","N","N","Daylight","Sideswipe","Automobile Right of Way","Other Motor Vehicle","N","N","N","N"
6471025,"N","Y","Injury (Complaint of Pain)","N",2014,1.08333333333333,"Spring","N","Y","Th","N","N","Y","N","N","N","N","N","Dark - Street Lights","Other","Unsafe Speed","Fixed Object","Y","N","N","N"
6471033,"N","Y","PDO (property damage only)","N",2014,9.08333333333333,"Spring","N","N","W","N","N","Y","N","N","N","N","N","Daylight","Broadside","Pedestrian Violation","Other Motor Vehicle","N","N","N","N"
6471707,"N","Y","PDO (property damage only)","N",2014,17.2833333333333,"Spring","PM","N","M","N","Y","Y","N","N","N","N","N","Daylight","Sideswipe","Wrong Side of Road","Other Motor Vehicle","N","N","N","N"
6471750,"N","Y","Injury (Other Visible)","N",2014,16,"Spring","PM","N","Th","Y","N","Y","N","N","N","N","N","Daylight","Broadside","Pedestrian Right of Way","Other Motor Vehicle","N","N","N","N"
6471862,"N","Y","Injury (Other Visible)","N",2014,19,"Spring","PM","N","Th","N","N","Y","N","N","N","N","N","Daylight","Other","Wrong Side of Road","Fixed Object","N","N","N","N"
6471874,"N","Y","PDO (property damage only)","N",2014,19.0166666666667,"Spring","N","N","Th","N","N","Y","N","N","N","N","N","Daylight","Other","Wrong Side of Road","Fixed Object","N","N","N","N"
6471901,"N","Y","Injury (Complaint of Pain)","N",2014,12.0833333333333,"Spring","N","N","Su","Y","N","Y","N","N","N","N","N","Daylight","Broadside","Pedestrian Violation","Other Motor Vehicle","N","N","N","N"
6471905,"N","Y","Injury (Complaint of Pain)","N",2014,6.5,"Spring","N","N","M","N","Y","Y","N","N","N","N","N","Daylight","Other","Other Improper Driving","Non-Collision","N","N","N","N"
6472018,"N","N","Fatal","Y",2014,13.3333333333333,"Spring","N","N","W","N","N","Y","N","N","N","N","N","Daylight","Broadside","Wrong Side of Road","Parked Motor Vehicle","N","N","N","N"
6472194,"N","Y","Injury (Other Visible)","N",2014,11.8333333333333,"Winter","N","N","Sa","N","Y","Y","N","N","N","N","N","Daylight","Sideswipe","Pedestrian Right of Way","Other Motor Vehicle","N","N","N","N"
6472984,"N","Y","Injury (Complaint of Pain)","N",2014,14.25,"Spring","N","N","Sa","N","N","Y","N","N","N","N","N","Daylight","Broadside","Unsafe Lane Change","Other Motor Vehicle","N","N","N","N"
6473040,"N","Y","Injury (Complaint of Pain)","N",2014,17.8333333333333,"Spring","PM","N","Th","N","N","Y","N","N","N","N","N","Daylight","Broadside","Pedestrian Violation","Other Motor Vehicle","N","N","N","N"
6473602,"N","Y","PDO (property damage only)","N",2014,12.1666666666667,"Spring","N","N","Tu","N","Y","Y","N","N","N","N","N","Daylight","Rear End","Wrong Side of Road","Other Motor Vehicle","N","N","N","N"
6474894,"N","Y","Injury (Complaint of Pain)","N",2014,14.6666666666667,"Spring","N","N","Sa","Y","N","Y","N","N","N","N","N","Daylight","Head-On","Lights","Other Motor Vehicle","N","N","N","N"
6474903,"N","Y","Injury (Complaint of Pain)","N",2014,9.75,"Spring","N","N","Su","N","N","Y","N","N","N","N","N","Daylight","Sideswipe","Pedestrian Violation","Other Motor Vehicle","N","N","N","N"
6474920,"N","Y","Injury (Complaint of Pain)","N",2014,17.3333333333333,"Spring","PM","N","W","N","Y","Y","N","N","N","N","N","Daylight","Sideswipe","Wrong Side of Road","Other Motor Vehicle","N","N","N","N"
6474944,"N","Y","PDO (property damage only)","N",2014,0.0833333333333333,"Spring","N","Y","W","N","Y","Y","N","N","N","N","N","Dark - Street Lights","Hit Object","Wrong Side of Road","Fixed Object","N","N","N","N"
6474973,"N","Y","Injury (Complaint of Pain)","N",2014,7.85,"Spring","AM","N","M","N","Y","Y","N","N","N","Y","Y","Daylight","Overturned","Code 20","Non-Collision","N","N","N","N"
6474985,"N","Y","Injury (Complaint of Pain)","N",2014,16.5,"Spring","PM","N","F","N","Y","Y","N","N","N","N","N","Daylight","Rear End","Automobile Right of Way","Other Motor Vehicle","N","N","N","N"
6475099,"N","N","Fatal","Y",2014,16,"Spring","PM","N","Th","N","Y","Y","N","N","N","N","N","Daylight","Hit Object","Pedestrian Right of Way","Fixed Object","N","N","N","N"
6475648,"N","Y","PDO (property damage only)","N",2014,18,"Spring","PM","N","F","Y","N","Y","N","N","N","N","N","Daylight","Broadside","Pedestrian Violation","Other Motor Vehicle","N","N","N","N"
6475895,"N","Y","Injury (Complaint of Pain)","N",2014,11.4166666666667,"Spring","N","N","W","N","N","Y","N","N","N","N","N","Daylight","Broadside","Pedestrian Violation","Other Motor Vehicle","N","N","N","N"
6475911,"N","N","PDO (property damage only)","N",2014,10.0833333333333,"Spring","N","N","M","N","N","Y","N","N","N","N","N","Daylight","Broadside","Pedestrian Violation","Other Motor Vehicle","N","N","N","N"
6476497,"N","N","Fatal","Y",2014,15.5,"Spring","PM","N","W","N","N","Y","N","N","N","N","N","Daylight","Rear End","Wrong Side of Road","Other Motor Vehicle","N","N","N","N"
6476752,"N","Y","Injury (Complaint of Pain)","N",2014,13,"Spring","N","N","Su","N","N","Y","N","N","N","N","N","Daylight","Other","Pedestrian Violation","Non-Collision","N","N","N","N"
6476844,"N","Y","Injury (Complaint of Pain)","N",2014,13.8833333333333,"Spring","N","N","F","N","Y","Y","N","N","N","N","N","Daylight","Overturned","Pedestrian Right of Way","Non-Collision","N","N","N","N"
6476898,"N","Y","Injury (Complaint of Pain)","N",2014,14.8333333333333,"Spring","N","N","Su","N","N","Y","N","N","N","N","N","Daylight","Other","Automobile Right of Way","Fixed Object","N","N","N","N"
6476899,"N","Y","Injury (Complaint of Pain)","N",2014,19.6666666666667,"Spring","N","N","M","Y","N","Y","N","N","N","N","N","Dark - Street Lights","Broadside","Driving or Bicycling Under the Influence of Alcohol or Drug","Other Motor Vehicle","N","N","N","N"
6476903,"N","Y","Injury (Other Visible)","N",2014,11.0833333333333,"Spring","N","N","Su","N","N","Y","N","N","N","N","N","Daylight","Hit Object","Wrong Side of Road","Fixed Object","N","N","N","N"
6476907,"N","Y","Injury (Complaint of Pain)","N",2014,10.6666666666667,"Spring","N","N","Su","N","N","Y","N","N","N","N","N","Daylight","Other","Wrong Side of Road","Other Object","N","N","N","N"
6476914,"N","Y","Injury (Complaint of Pain)","N",2014,14.5,"Spring","N","N","Su","Y","N","Y","N","N","N","N","N","Daylight","Broadside","Pedestrian Right of Way","Other Motor Vehicle","N","N","N","N"
6476923,"N","Y","Injury (Complaint of Pain)","N",2014,14.25,"Spring","N","N","Tu","N","N","Y","N","N","N","N","N","Daylight","Hit Object","Wrong Side of Road","Fixed Object","N","N","N","N"
6477020,"N","Y","PDO (property damage only)","N",2014,18.25,"Spring","N","N","Sa","Y","N","Y","N","N","N","N","N","Daylight","Broadside","Pedestrian Violation","Other Motor Vehicle","N","N","N","N"
6477096,"N","N","Fatal","Y",2014,15,"Spring","PM","N","F","Y","N","Y","N","N","N","N","N","Daylight","Broadside","Lights","Other Motor Vehicle","N","N","N","N"
6477669,"N","Y","Injury (Complaint of Pain)","N",2014,17.5,"Spring","PM","N","M","Y","N","Y","N","N","N","N","N","Daylight","Sideswipe","Pedestrian Right of Way","Other Motor Vehicle","N","N","N","N"
6478262,"N","Y","PDO (property damage only)","N",2014,11.7833333333333,"Spring","N","N","F","N","Y","Y","N","N","N","N","N","Daylight","Overturned","Wrong Side of Road","Non-Collision","N","N","N","N"
6478631,"N","N","Fatal","Y",2014,16.25,"Spring","N","N","Sa","N","Y","Y","N","N","N","N","N","Daylight","Sideswipe","Pedestrian Right of Way","Other Motor Vehicle","N","N","N","N"
6478963,"N","Y","Injury (Complaint of Pain)","N",2014,3.58333333333333,"Spring","N","Y","Th","N","Y","Y","N","N","N","N","N","Dark - Street Lights","Hit Object","Wrong Side of Road","Fixed Object","N","N","N","N"
6479051,"N","Y","Injury (Other Visible)","N",2014,15.5,"Spring","N","N","Su","N","Y","Y","N","N","N","N","Y","Daylight","Hit Object","Code 20","Fixed Object","Y","N","N","N"
6479065,"N","Y","Injury (Complaint of Pain)","N",2014,8.5,"Spring","AM","N","Tu","N","Y","Y","N","N","N","N","N","Daylight","Sideswipe","Wrong Side of Road","Other Motor Vehicle","N","N","N","N"
6479115,"N","N","Injury (Complaint of Pain)","N",2014,15.4166666666667,"Spring","PM","N","Th","N","Y","Y","N","N","N","N","N","Daylight","Rear End","Automobile Right of Way","Other Motor Vehicle","N","N","N","N"
6479989,"N","Y","PDO (property damage only)","N",2014,17.5,"Spring","PM","N","Tu","N","N","Y","N","N","N","N","N","Daylight","Sideswipe","Pedestrian Right of Way","Other Motor Vehicle","N","N","N","N"
6480212,"N","N","Injury (Complaint of Pain)","N",2014,12.8333333333333,"Spring","N","N","Sa","Y","N","Y","N","N","N","N","N","Daylight","Broadside","Pedestrian Violation","Other Motor Vehicle","N","N","N","N"
6480213,"N","Y","Injury (Complaint of Pain)","N",2014,16.5,"Spring","N","N","Su","N","Y","Y","N","N","N","N","N","Daylight",NA,"Wrong Side of Road","Non-Collision","N","N","N","N"
6480265,"N","Y","Injury (Complaint of Pain)","N",2014,13.9166666666667,"Spring","N","N","W","Y","N","Y","N","N","N","N","N","Daylight","Broadside","Lights","Other Motor Vehicle","N","N","N","N"
6480282,"N","Y","Injury (Complaint of Pain)","N",2014,13.25,"Spring","N","N","Su","Y","N","Y","N","N","N","N","N","Daylight","Broadside","Wrong Side of Road","Other Motor Vehicle","N","N","N","N"
6482424,"N","Y","PDO (property damage only)","N",2014,15,"Spring","PM","N","F","Y","N","N","Y","N","N","N","N","Daylight","Broadside","Pedestrian Violation","Other Motor Vehicle","N","N","N","N"
6482479,"N","Y","PDO (property damage only)","N",2014,8.75,"Spring","AM","N","F","N","Y","Y","N","N","N","N","N","Daylight","Sideswipe","Automobile Right of Way","Other Motor Vehicle","N","Y","N","N"
6482659,"N","Y","Injury (Complaint of Pain)","N",2014,17.6666666666667,"Spring","PM","N","M","N","Y","Y","N","N","N","N","N","Daylight","Sideswipe","Impeding Traffic","Other Motor Vehicle","N","N","N","N"
6482663,"N","Y","Injury (Complaint of Pain)","N",2014,23.75,"Spring","N","Y","W","N","Y","Y","N","N","N","N","N","Dark - Street Lights","Hit Object","Pedestrian Right of Way","Fixed Object","N","N","N","N"
6482675,"N","Y","Injury (Complaint of Pain)","N",2014,17.6666666666667,"Spring","PM","N","Tu","N","Y","Y","N","N","N","N","N","Daylight","Overturned","Wrong Side of Road","Non-Collision","N","N","N","N"
6482774,"N","Y","Injury (Complaint of Pain)","N",2014,23.6666666666667,"Spring","N","Y","Th","N","N","Y","N","N","N","N","N","Dark - Street Lights","Broadside","Unsafe Starting or Backing","Other Motor Vehicle","N","N","N","N"
6482789,"N","Y","Injury (Complaint of Pain)","N",2014,18,"Spring","N","N","Sa","N","Y","Y","N","N","N","N","N","Daylight","Overturned","Wrong Side of Road","Non-Collision","N","N","N","N"
6483067,"N","N","PDO (property damage only)","N",2014,10.5,"Spring","N","N","Tu","N","N","Y","N","N","Y","N","N","Daylight","Broadside","Pedestrian Violation","Other Motor Vehicle","N","N","N","N"
6483363,"N","Y","Injury (Complaint of Pain)","N",2014,8.66666666666667,"Winter","AM","N","Th","N","Y","Y","N","N","N","N","N","Daylight","Sideswipe","Automobile Right of Way","Other Motor Vehicle","N","N","N","N"
6483419,"N","Y","Injury (Complaint of Pain)","N",2014,8.5,"Spring","AM","N","Th","N","Y","Y","N","N","N","N","N","Daylight","Hit Object","Automobile Right of Way","Fixed Object","N","N","N","N"
6483423,"N","Y","PDO (property damage only)","N",2014,16.6666666666667,"Spring","PM","N","W","N","Y","Y","N","N","N","N","N","Daylight","Rear End","Pedestrian Right of Way","Other Motor Vehicle","N","N","N","N"
6484040,"N","N","Injury (Complaint of Pain)","N",2014,13,"Spring","N","N","Sa","N","N","Y","N","N","N","N","N","Daylight","Head-On","Unsafe Speed","Parked Motor Vehicle","Y","N","N","N"
6484068,"N","Y","Injury (Complaint of Pain)","N",2014,9.16666666666667,"Spring","N","N","Tu","Y","N","Y","N","N","N","N","N","Daylight","Broadside","Pedestrian Violation","Other Motor Vehicle","N","N","N","N"
6484224,"N","Y","Injury (Complaint of Pain)","N",2014,18.8333333333333,"Spring","PM","N","W","N","Y","Y","N","N","N","N","N","Daylight","Sideswipe","Automobile Right of Way","Other Motor Vehicle","N","N","N","N"
6484241,"N","Y","PDO (property damage only)","N",2014,19.7,"Winter","N","N","W","N","N","Y","N","N","N","N","N","Dark - Street Lights","Broadside","Driving or Bicycling Under the Influence of Alcohol or Drug","Other Motor Vehicle","N","N","N","N"
6484274,"N","Y","PDO (property damage only)","N",2014,19,"Spring","PM","N","F","N","N","Y","N","N","N","N","N","Daylight","Sideswipe","Wrong Side of Road","Other Motor Vehicle","N","N","N","N"
6484278,"N","Y","PDO (property damage only)","N",2014,12,"Spring","N","N","Th","Y","N","Y","N","N","N","N","N","Daylight","Broadside","Pedestrian Violation","Other Motor Vehicle","N","N","N","N"
6484310,"N","Y","Injury (Complaint of Pain)","N",2014,0.666666666666667,"Spring","N","Y","M","N","N","Y","N","N","N","N","N","Dark - Street Lights","Other","Wrong Side of Road","Other Object","N","N","N","N"
6484359,"N","Y","Injury (Other Visible)","N",2014,10.75,"Spring","N","N","W","Y","N","Y","N","N","N","N","N","Daylight","Other","Pedestrian Violation","Non-Collision","N","N","N","N"
6484398,"N","Y","PDO (property damage only)","N",2014,6.5,"Spring","N","N","Sa","N","N","Y","N","N","N","N","N","Daylight","Rear End","Improper Passing","Other Motor Vehicle","N","N","N","N"
6484536,"N","Y","PDO (property damage only)","N",2014,21.8333333333333,"Spring","N","N","Tu","Y","N","Y","N","N","N","N","N","Dark - Street Lights","Broadside","Pedestrian Violation","Other Motor Vehicle","N","N","N","N"
6484547,"N","Y","Injury (Other Visible)","N",2014,16.25,"Spring","N","N","Sa","N","N","Y","N","N","N","N","N","Daylight","Broadside","Pedestrian Violation","Other Motor Vehicle","N","N","N","N"
6484552,"N","Y","Injury (Complaint of Pain)","N",2014,18.5,"Spring","PM","N","Tu","Y","N","Y","N","N","N","N","N","Dark - Street Lights","Hit Object","Wrong Side of Road","Fixed Object","N","N","N","N"
6484556,"N","Y","Injury (Complaint of Pain)","N",2014,15.1666666666667,"Spring","N","N","Sa","N","N","Y","N","N","N","N","N","Daylight","Sideswipe","Unsafe Lane Change","Other Motor Vehicle","N","N","N","N"
6484585,"N","Y","PDO (property damage only)","N",2014,11.75,"Spring","N","N","Tu","N","N","Y","N","N","N","N","N","Daylight","Other","Pedestrian Violation","Other Motor Vehicle","N","N","N","N"
6484613,"N","Y","Injury (Complaint of Pain)","N",2014,15.5,"Spring","PM","N","Th","N","N","Y","N","N","N","N","N","Daylight","Rear End","Improper Passing","Other Motor Vehicle","N","N","N","N"
6484629,"N","Y","Injury (Complaint of Pain)","N",2014,19.8333333333333,"Spring","N","N","Su","N","N","Y","N","N","N","N",NA,"Dark - Street Lights","Head-On","Unsafe Lane Change","Other Motor Vehicle","N","N","N","N"
6484793,"N","N","Fatal","Y",2014,3.58333333333333,"Spring","N","Y","M","N","N","Y","N","N","N","N","N","Dark - Street Lights","Rear End","Wrong Side of Road","Parked Motor Vehicle","N","N","N","N"
6485419,"N","Y","Injury (Other Visible)","N",2014,18.5,"Spring","PM","N","Tu","N","Y","Y","N","N","N","N","Y","Daylight","Broadside","Automobile Right of Way","Other Motor Vehicle","N","N","N","N"
6485439,"N","Y","Injury (Other Visible)","N",2014,16.6666666666667,"Spring","PM","N","M","N","Y","Y","N","N","N","N","N","Daylight","Sideswipe","Automobile Right of Way","Other Motor Vehicle","N","N","N","N"
6485983,"N","Y","Injury (Complaint of Pain)","N",2014,17.4166666666667,"Spring","N","N","Sa","Y","N","Y","N","N","N","N","N","Daylight","Broadside","Pedestrian Violation","Other Motor Vehicle","N","N","N","N"
6486240,"N","Y","Injury (Complaint of Pain)","N",2014,7.25,"Spring","AM","N","Th","N","N","Y","N","N","N","N","N","Daylight","Sideswipe","Wrong Side of Road","Parked Motor Vehicle","N","N","N","N"
6487109,"N","N","Fatal","Y",2014,6.83333333333333,"Winter","N","N","W","N","Y","Y","N","N","N","N","N","Daylight","Other","Automobile Right of Way","Other Motor Vehicle","N","N","N","N"
6487270,"N","Y","Injury (Complaint of Pain)","N",2014,4.85,"Spring","N","Y","M","N","Y","N","Y","N","N","N","N","Dark - Street Lights","Rear End","Wrong Side of Road","Other Motor Vehicle","N","N","N","N"
6487954,"N","Y","PDO (property damage only)","N",2014,8.58333333333333,"Spring","AM","N","Tu","Y","N","Y","N","N","N","N","N","Daylight","Broadside","Pedestrian Violation","Other Motor Vehicle","N","N","N","N"
6487973,"N","Y","Injury (Complaint of Pain)","N",2014,13.5,"Spring","N","N","Th","Y","N","Y","N","N","N","N","N","Daylight","Broadside","Pedestrian Violation","Other Motor Vehicle","N","N","N","N"
6487977,"N","Y","Injury (Complaint of Pain)","N",2014,10.0833333333333,"Spring","N","N","W","Y","N","Y","N","N","N","N","N","Daylight","Head-On","Pedestrian Violation","Other Motor Vehicle","N","N","N","N"
6488120,"N","Y","Injury (Complaint of Pain)","N",2014,18,"Spring","N","N","Su","N","N","Y","N","N","N","N","N","Daylight","Broadside","Pedestrian Violation","Other Motor Vehicle","N","N","N","N"
6488143,"N","Y","PDO (property damage only)","N",2014,8.66666666666667,"Spring","AM","N","W","N","Y","N","Y","N","N","N","N","Daylight","Hit Object","Automobile Right of Way","Fixed Object","N","N","N","N"
6488159,"N","Y","PDO (property damage only)","N",2014,8.83333333333333,"Spring","AM","N","W","N","Y","Y","N","N","N","N","N","Daylight","Rear End","Wrong Side of Road","Other Motor Vehicle","N","N","N","N"
6488164,"N","N","Fatal","Y",2014,7.66666666666667,"Spring","AM","N","Tu","N","Y","Y","N","N","N","N","N","Daylight","Rear End","Wrong Side of Road","Other Motor Vehicle","N","N","N","N"
6488275,"N","N","Fatal","Y",2014,15,"Spring","PM","N","Tu","N","Y","Y","N","N","N","N","N","Daylight","Overturned","Automobile Right of Way","Non-Collision","N","N","N","N"
6488558,"N","N","Fatal","Y",2014,16.5833333333333,"Spring","PM","N","Tu","Y","N","Y","N","N","N","N","N","Daylight","Broadside","Driving or Bicycling Under the Influence of Alcohol or Drug","Other Motor Vehicle","N","N","N","N"
6488573,"N","Y","PDO (property damage only)","N",2014,7.75,"Spring","AM","N","Tu","Y","N","Y","N","N","N","N","N","Daylight","Broadside","Lights","Other Motor Vehicle","N","N","N","N"
6488608,"N","Y","Injury (Complaint of Pain)","N",2014,11.9166666666667,"Spring","N","N","F","Y","N","Y","N","N","N","N","N","Daylight","Sideswipe","Pedestrian Right of Way","Other Motor Vehicle","N","N","N","N"
6488617,"N","Y","Injury (Other Visible)","N",2014,17.9166666666667,"Spring","PM","N","F","N","N","Y","N","N","N","N","N","Daylight","Sideswipe","Improper Turning","Other Motor Vehicle","N","N","Y","N"
6488618,"N","Y","Injury (Other Visible)","N",2014,22.3333333333333,"Spring","N","N","M","Y","N","Y","N","N","N","N","N","Dark - Street Lights","Broadside","Pedestrian Violation","Other Motor Vehicle","N","N","N","N"
6489044,"N","Y","Injury (Complaint of Pain)","N",2014,15.0833333333333,"Spring","PM","N","W","N","Y","Y","N","N","N","N","N","Daylight","Rear End","Wrong Side of Road","Other Motor Vehicle","N","N","N","N"
6489061,"N","Y","PDO (property damage only)","N",2014,9.16666666666667,"Spring","N","N","M","N","N","Y","N","N","N","N","N","Daylight","Broadside","Pedestrian Violation","Other Motor Vehicle","N","N","N","N"
6489067,"N","Y","PDO (property damage only)","N",2014,19.1666666666667,"Spring","N","N","Th","N","N","Y","N","N","N","N","N","Daylight","Sideswipe","Wrong Side of Road","Other Motor Vehicle","N","N","N","N"
6489740,"N","Y","Injury (Complaint of Pain)","N",2014,6.91666666666667,"Spring","N","N","Th","N","N","Y","N","N","N","N","N","Daylight",NA,"Pedestrian Violation","Other Motor Vehicle","N","N","N","N"
6490029,"N","N","Fatal","Y",2014,15.25,"Winter","PM","N","W","N","Y","Y","N","N","N","N","Y","Daylight","Rear End","Wrong Side of Road","Other Motor Vehicle","N","N","N","N"
6491165,"N","N","Fatal","Y",2014,14.4166666666667,"Spring","N","N","F","N","Y","Y","N","N","N","N","N","Daylight","Sideswipe","Wrong Side of Road","Other Motor Vehicle","N","N","N","N"
6491424,"N","N","Fatal","Y",2014,18.6666666666667,"Winter","PM","N","Tu","N","Y","Y","N","N","N","N","N","Dusk or Dawn","Rear End","Automobile Right of Way","Other Motor Vehicle","N","N","N","N"
6491730,"N","Y","PDO (property damage only)","N",2014,16.0833333333333,"Spring","PM","N","W","N","Y","Y","N","N","N","N","N","Daylight","Overturned","Automobile Right of Way","Non-Collision","N","N","N","N"
6491737,"N","Y","Injury (Complaint of Pain)","N",2014,18.4,"Spring","PM","N","Th","N","Y","Y","N","N","N","N","N","Daylight","Rear End","Automobile Right of Way","Other Motor Vehicle","N","N","N","N"
6491758,"N","Y","Injury (Complaint of Pain)","N",2014,21.8,"Spring","N","N","M","N","Y","Y","N","N","N","N","N","Dark - Street Lights","Hit Object","Pedestrian Right of Way","Fixed Object","N","N","N","N"
6491809,"N","Y","Injury (Complaint of Pain)","N",2014,16.8333333333333,"Spring","PM","N","W","N","N","Y","N","N","N","N","N","Daylight","Rear End","Wrong Side of Road","Other Motor Vehicle","N","N","N","N"
6492306,"N","N","Fatal","Y",2014,14.6666666666667,"Spring","N","N","Sa","N","Y","Y","N","N","N","N","N","Daylight","Sideswipe","Wrong Side of Road","Other Motor Vehicle","N","Y","N","N"
6492518,"N","N","Fatal","Y",2014,10.3666666666667,"Spring","N","N","Sa","N","Y","Y","N","N","N","N","N","Daylight","Sideswipe","Driving or Bicycling Under the Influence of Alcohol or Drug","Other Motor Vehicle","N","N","N","N"
6492548,"N","N","Fatal","Y",2014,14.6666666666667,"Spring","N","N","Su","N","Y","Y","N","N","N","N","N","Daylight","Sideswipe","Automobile Right of Way","Other Motor Vehicle","N","N","N","N"
6493169,"N","Y","Injury (Complaint of Pain)","N",2014,6.41666666666667,"Spring","N","N","Tu","N","Y","Y","N","N","N","N","N","Daylight","Rear End","Wrong Side of Road","Other Motor Vehicle","N","N","N","N"
6493818,"N","Y","PDO (property damage only)","N",2014,16.1166666666667,"Spring","PM","N","W","N","Y","Y","N","N","N","N","N","Daylight","Rear End","Wrong Side of Road","Other Motor Vehicle","N","N","N","N"
6493887,"N","Y","Injury (Complaint of Pain)","N",2014,11.3333333333333,"Spring","N","N","W","Y","Y","Y","N","N","N","N","N","Daylight","Broadside","Pedestrian Violation","Other Motor Vehicle","N","N","N","N"
6494024,"N","Y","Injury (Complaint of Pain)","N",2014,12.1666666666667,"Spring","N","N","W","N","N","Y","N","N","N","N","N","Daylight","Hit Object","Wrong Side of Road","Fixed Object","N","N","N","N"