"CASE_ID","mc_killed","mc_injured","collision_severity","severe","accident_year","hours_since_midnight","season","rush_hour","late_night","day_of_week","intersection","state_hwy_ind","w_clear","w_cloudy","w_rainy","w_other","road_not_dry","road_condition_issue","lighting","type_of_collision","pcf_viol_category","mviw","alcohol_involved","truck_accident","pedestrian_accident","bicycle_accident"
6584894,"N","Y","PDO (property damage only)","N",2014,12.3,"Summer","N","N","Tu","N","Y","Y","N","N","N","N","N","Daylight","Rear End","Wrong Side of Road","Other Motor Vehicle","N","N","N","N"
6584914,"N","Y","PDO (property damage only)","N",2014,15.8666666666667,"Summer","PM","N","Th","N","Y","Y","N","N","N","N","N","Daylight","Sideswipe","Pedestrian Right of Way","Other Motor Vehicle","N","N","N","N"
6584934,"N","Y","Injury (Complaint of Pain)","N",2014,18.9166666666667,"Summer","N","N","Su","N","Y","Y","N","N","N","N","Y","Daylight","Overturned","Unsafe Speed","Fixed Object","Y","N","N","N"
6585006,"N","N","Fatal","Y",2014,22.9166666666667,"Summer","N","N","F","N","Y","Y","N","N","N","N","N","Dark - Street Lights","Sideswipe","Automobile Right of Way","Other Motor Vehicle","N","N","N","N"
6585013,"N","N","Fatal","Y",2014,18.0833333333333,"Summer","PM","N","F","N","N","Y","N","N","N","N","N","Daylight","Rear End","Driving or Bicycling Under the Influence of Alcohol or Drug","Other Motor Vehicle","N","N","N","N"
6585503,"N","N","Fatal","Y",2014,5.33333333333333,"Summer","N","N","F","N","Y","Y","N","N","N","N","N","Dusk or Dawn","Rear End","Wrong Side of Road","Other Motor Vehicle","N","Y","N","N"
6586497,"N","Y","PDO (property damage only)","N",2014,21.9166666666667,"Summer","N","N","Tu","N","N","Y","N","N","N","N","N","Dark - Street Lights","Rear End","Wrong Side of Road","Other Motor Vehicle","N","N","N","N"
6586506,"N","Y","Injury (Complaint of Pain)","N",2014,7.5,"Summer","AM","N","Th","N","N","Y","N","N","N","N","N","Daylight","Broadside","Pedestrian Violation","Other Motor Vehicle","N","N","N","N"
6586509,"N","Y","Injury (Complaint of Pain)","N",2014,14.5,"Summer","N","N","Su","N","N","Y","N","N","N","N","N","Daylight","Sideswipe","Driving or Bicycling Under the Influence of Alcohol or Drug","Other Motor Vehicle","N","N","N","N"
6586510,"N","Y","PDO (property damage only)","N",2014,23.75,"Summer","N","Y","Sa","Y","N","Y","N","N","N","N","N","Dark - Street Lights","Broadside","Pedestrian Violation","Other Motor Vehicle","N","N","N","N"
6586537,"N","N","PDO (property damage only)","N",2014,20,"Summer","N","N","Tu","Y","N","Y","N","N","N","N","N","Dark - Street Lights","Sideswipe","Pedestrian Right of Way","Other Motor Vehicle","N","N","N","N"
6586541,"N","Y","Injury (Complaint of Pain)","N",2014,23.4166666666667,"Summer","N","Y","Th","Y","N","Y","N","N","N","N","N","Dark - Street Lights","Sideswipe","Pedestrian Violation","Other Motor Vehicle","N","N","N","N"
6586560,"N","Y","Injury (Complaint of Pain)","N",2014,15.5,"Summer","PM","N","W","N","N","Y","N","N","N","N","N","Daylight","Broadside","Pedestrian Violation","Other Motor Vehicle","N","N","N","N"
6586664,"N","N","Fatal","Y",2014,16.3333333333333,"Summer","PM","N","Tu","N","Y","Y","N","N","N","N","N","Daylight","Sideswipe","Automobile Right of Way","Other Motor Vehicle","N","N","N","N"
6586788,"N","N","Fatal","Y",2014,16.4166666666667,"Summer","PM","N","Tu","N","Y","Y","N","N","N","N","N","Daylight","Sideswipe","Automobile Right of Way","Other Motor Vehicle","N","N","N","N"
6587299,"N","N","Fatal","Y",2014,15.6666666666667,"Summer","PM","N","W","N","Y","Y","N","N","N","N","N","Daylight","Sideswipe","Automobile Right of Way","Other Motor Vehicle","N","N","N","N"
6587771,"N","Y","PDO (property damage only)","N",2014,13.6666666666667,"Summer","N","N","Th","N","N","Y","N","N","N","N","N","Daylight","Rear End","Wrong Side of Road","Other Motor Vehicle","N","N","N","N"
6587781,"N","Y","PDO (property damage only)","N",2014,15.5,"Summer","PM","N","Tu","N","N","Y","N","N","N","N","N","Daylight","Rear End","Wrong Side of Road","Other Motor Vehicle","N","N","N","N"
6587783,"N","Y","PDO (property damage only)","N",2014,18.9166666666667,"Spring","N","N","Su","N","N","Y","N","N","N","N","N","Daylight","Rear End","Wrong Side of Road","Other Motor Vehicle","N","N","N","N"
6587801,"N","Y","Injury (Complaint of Pain)","N",2014,15.6666666666667,"Spring","PM","N","Th","N","N","Y","N","N","N","N","N","Daylight","Broadside","Pedestrian Violation","Other Motor Vehicle","N","N","N","N"
6587812,"N","Y","PDO (property damage only)","N",2014,8.66666666666667,"Summer","AM","N","M","N","Y","Y","N","N","N","N","N","Daylight","Hit Object","Wrong Side of Road","Other Object","N","N","N","N"
6587821,"N","Y","Injury (Complaint of Pain)","N",2014,17.4166666666667,"Summer","PM","N","M","N","N","Y","N","N","N","N","N","Daylight","Sideswipe","Improper Turning","Other Motor Vehicle","N","N","N","N"
6588263,"N","Y","Injury (Complaint of Pain)","N",2014,14.15,"Summer","N","N","Sa","N","Y","Y","N","N","N","N","N","Daylight","Sideswipe","Pedestrian Right of Way","Other Motor Vehicle","N","N","N","N"
6588267,"N","Y","Injury (Complaint of Pain)","N",2014,14.5666666666667,"Summer","N","N","Su","N","Y","Y","N","N","N","N","N","Daylight","Sideswipe","Wrong Side of Road","Other Motor Vehicle","N","N","N","N"
6588279,"N","Y","Injury (Complaint of Pain)","N",2014,16,"Summer","PM","N","Tu","N","Y","Y","N","N","N","N","N","Daylight","Rear End","Wrong Side of Road","Other Motor Vehicle","N","N","N","N"
6588344,"N","Y","Injury (Complaint of Pain)","N",2014,22.8333333333333,"Summer","N","N","W","N","Y","Y","N","N","N","N","N","Dark - No Street Lights","Sideswipe","Pedestrian Right of Way","Other Motor Vehicle","N","N","N","N"
6588474,"N","N","Fatal","Y",2014,14.95,"Summer","N","N","Th","N","Y","Y","N","N","N","N","N","Daylight","Sideswipe","Automobile Right of Way","Other Motor Vehicle","N","N","N","N"
6588511,"N","N","PDO (property damage only)","N",2014,18.0833333333333,"Spring","PM","N","W","N","N","N","Y","N","N","N","N","Daylight","Vehicle/Pedestrian","Lights","Pedestrian","N","N","Y","N"
6588557,"N","Y","Injury (Other Visible)","N",2014,8.41666666666667,"Summer","AM","N","M","Y","N","Y","N","N","N","N","N","Daylight","Head-On","Pedestrian Violation","Other Motor Vehicle","N","N","N","N"
6588822,"N","Y","Injury (Complaint of Pain)","N",2014,12.0833333333333,"Summer","N","N","F","Y","N","Y","N","N","N","N","N","Daylight","Broadside","Pedestrian Violation","Other Motor Vehicle","N","N","N","N"
6588833,"N","Y","PDO (property damage only)","N",2014,15.3333333333333,"Summer","PM","N","W","N","Y","Y","N","N","N","N","N","Daylight","Other","Automobile Right of Way","Other Motor Vehicle","N","N","N","N"
6588858,"N","Y","Injury (Complaint of Pain)","N",2014,18.75,"Summer","PM","N","Th","Y","N","Y","N","N","N","N","N","Daylight","Broadside","Pedestrian Violation","Other Motor Vehicle","N","N","N","N"
6589350,"N","N","Injury (Complaint of Pain)","N",2014,7.91666666666667,"Summer","N","N","Sa","Y","N","N","Y","N","N","N","N","Daylight","Sideswipe","Pedestrian Right of Way","Other Motor Vehicle","N","Y","N","N"
6589407,"N","N","Fatal","Y",2014,13.1666666666667,"Summer","N","N","Tu","N","Y","Y","N","N","N","N","N","Daylight","Sideswipe","Wrong Side of Road","Other Motor Vehicle","N","N","N","N"
6589656,"N","Y","Injury (Complaint of Pain)","N",2014,8.25,"Summer","AM","N","F","N","N","Y","N","N","N","N","N","Daylight","Broadside","Unsafe Lane Change","Other Motor Vehicle","N","N","N","N"
6589787,"N","Y","PDO (property damage only)","N",2014,18.5833333333333,"Summer","PM","N","W","N","N","Y","N","N","N","N","N","Daylight","Broadside","Pedestrian Violation","Other Motor Vehicle","N","N","N","N"
6589823,"N","Y","Injury (Complaint of Pain)","N",2014,18.8333333333333,"Summer","PM","N","Tu","N","N","Y","N","N","N","N","N","Daylight","Overturned","Wrong Side of Road","Non-Collision","N","N","N","N"
6589839,"N","Y","PDO (property damage only)","N",2014,16.6666666666667,"Summer","N","N","Su","N","Y","Y","N","N","N","N","N","Daylight","Sideswipe","Automobile Right of Way","Other Motor Vehicle","N","N","N","N"
6589888,"N","Y","Injury (Complaint of Pain)","N",2014,7.75,"Summer","AM","N","Tu","N","N","Y","N","N","N","N","N","Daylight","Rear End","Improper Passing","Other Motor Vehicle","N","N","N","N"
6589895,"N","Y","PDO (property damage only)","N",2014,16.1666666666667,"Summer","PM","N","W","Y","Y","Y","N","N","N","N","N","Daylight","Broadside","Improper Turning","Other Motor Vehicle","N","N","N","N"
6589947,"N","Y","PDO (property damage only)","N",2014,20.3333333333333,"Summer","N","N","Th","Y","N",NA,NA,NA,NA,"N","N","Dark - Street Lights","Broadside","Pedestrian Right of Way","Other Motor Vehicle","N","N","N","N"
6589958,"N","Y","Injury (Complaint of Pain)","N",2014,18.4166666666667,"Summer","PM","N","Th","N","N","Y","N","N","N","N","N","Daylight","Broadside","Pedestrian Violation","Other Motor Vehicle","N","N","N","N"
6589962,"N","Y","Injury (Complaint of Pain)","N",2014,10.9166666666667,"Summer","N","N","Tu","N","N","Y","N","N","N","N","N","Daylight","Broadside","Pedestrian Violation","Other Motor Vehicle","N","N","N","N"
6589969,"N","Y","PDO (property damage only)","N",2014,19,"Summer","PM","N","W","N","Y","Y","N","N","N","N","N","Daylight","Hit Object","Pedestrian Right of Way","Fixed Object","N","N","N","N"
6590163,"N","Y","Injury (Complaint of Pain)","N",2014,17.4166666666667,"Summer","PM","N","F","N","N","Y","N","N","N","N","N","Daylight","Broadside","Pedestrian Violation","Other Motor Vehicle","N","N","N","N"
6590240,"N","Y","Injury (Other Visible)","N",2014,14.25,"Summer","N","N","Sa","N","N",NA,NA,NA,NA,"N","N","Daylight","Broadside","Pedestrian Violation","Other Motor Vehicle","N","N","N","N"
6590907,"N","N","Fatal","Y",2014,8.58333333333333,"Summer","AM","N","M","N","Y","Y","N","N","N","N","N","Daylight","Sideswipe","Automobile Right of Way","Other Motor Vehicle","N","N","N","N"
6592090,"N","Y","Injury (Complaint of Pain)","N",2014,22.75,"Summer","N","N","W","N","N","Y","N","N","N","N","N","Dark - Street Lights","Other","Wrong Side of Road","Non-Collision","Y","N","N","N"
6592536,"N","Y","Injury (Complaint of Pain)","N",2014,9.66666666666667,"Summer","N","N","Sa","Y","N","Y","N","N","N","N","N","Daylight","Head-On","Pedestrian Violation","Other Motor Vehicle","N","N","N","N"
6592860,"N","N","Fatal","Y",2014,5.83333333333333,"Summer","N","N","Th","Y","N","Y","N","N","N","N","N","Daylight","Head-On","Other Improper Driving","Other Motor Vehicle","N","N","N","N"
6592972,"N","Y","Injury (Other Visible)","N",2014,14.25,"Summer","N","N","Th","N","N","Y","N","N","N","N","N","Daylight","Rear End","Wrong Side of Road","Other Motor Vehicle","N","N","N","N"
6593221,"N","N","Fatal","Y",2014,17.5,"Spring","PM","N","W","N","N","Y","N","N","N","N","N","Daylight","Broadside","Unsafe Starting or Backing","Parked Motor Vehicle","N","N","N","N"
6593225,"N","N","Fatal","Y",2014,21.8333333333333,"Spring","N","N","F","N","N","Y","N","N","N","N","N","Dark - Street Lights","Sideswipe","Unsafe Starting or Backing","Parked Motor Vehicle","N","N","N","N"
6593707,"N","N","Fatal","Y",2014,13,"Summer","N","N","Su","N","N","Y","N","N","N","N","N","Daylight","Sideswipe","Automobile Right of Way","Other Motor Vehicle","N","N","N","N"
6593843,"N","Y","Injury (Complaint of Pain)","N",2014,11.3333333333333,"Summer","N","N","Th","N","N","Y","N","N","N","N","N","Daylight","Broadside","Driving or Bicycling Under the Influence of Alcohol or Drug","Other Motor Vehicle","N","N","N","N"
6593850,"N","Y","Injury (Other Visible)","N",2014,18.4166666666667,"Summer","PM","N","M","N","N","Y","N","N","N","N","N","Daylight","Broadside","Pedestrian Right of Way","Other Motor Vehicle","N","N","N","N"
6593863,"N","Y","PDO (property damage only)","N",2014,11,"Summer","N","N","M","N","N","Y","N","N","N","N","N","Daylight","Head-On","Pedestrian Violation","Other Motor Vehicle","N","N","N","N"
6593995,"N","Y","PDO (property damage only)","N",2014,14.25,"Summer","N","N","Th","Y","N","Y","N","N","N","N","N","Daylight","Vehicle/Pedestrian","Driving or Bicycling Under the Influence of Alcohol or Drug","Other Motor Vehicle","N","N","N","N"
6594050,"N","Y","Injury (Complaint of Pain)","N",2014,18.5833333333333,"Summer","PM","N","W","Y","N","Y","N","N","N","N","N","Daylight","Broadside","Pedestrian Violation","Other Motor Vehicle","N","N","N","N"
6594057,"N","Y","Injury (Complaint of Pain)","N",2014,3.33333333333333,"Summer","N","Y","Sa","N","N","Y","N","N","N","N","N","Dark - Street Lights","Sideswipe","Unsafe Speed","Parked Motor Vehicle","Y","N","N","N"
6594598,"N","Y","Injury (Complaint of Pain)","N",2014,15.25,"Summer","PM","N","Tu","N","N","Y","N","N","N","N","N","Daylight","Other","Hazardous Parking",NA,"Y","N","Y","N"
6594683,"N","Y","PDO (property damage only)","N",2014,17.25,"Summer","PM","N","W","N","Y","Y","N","N","N","N","N","Daylight","Rear End","Pedestrian Right of Way","Other Motor Vehicle","N","N","N","N"
6594691,"N","Y","Injury (Complaint of Pain)","N",2014,15.8333333333333,"Summer","PM","N","Tu","N","Y","Y","N","N","N","N","N","Daylight","Rear End","Automobile Right of Way","Other Motor Vehicle","N","N","N","N"
6594801,"N","Y","Injury (Complaint of Pain)","N",2014,17.8333333333333,"Summer","PM","N","M","N","Y","Y","N","N","N","N","N","Daylight","Rear End","Wrong Side of Road","Other Motor Vehicle","N","N","N","N"
6595127,"N","N","Fatal","Y",2014,12.6666666666667,"Summer","N","N","F","N","Y","Y","N","N","N","N","N","Daylight","Sideswipe","Automobile Right of Way","Other Motor Vehicle","N","N","N","N"
6595184,"N","N","Fatal","Y",2014,16.6666666666667,"Summer","PM","N","Th","N","Y","Y","N","N","N","N","N","Daylight","Sideswipe","Automobile Right of Way","Other Motor Vehicle","N","N","N","N"
6595660,"N","Y","PDO (property damage only)","N",2014,6.05,"Summer","N","N","F","N","Y","Y","N","N","N","N","N","Daylight","Sideswipe","Automobile Right of Way","Other Motor Vehicle","N","N","N","N"
6595672,"N","Y","Injury (Complaint of Pain)","N",2014,3.16666666666667,"Summer","N","Y","F","N","Y","Y","N","N","N","N","N","Dark - Street Lights","Overturned","Pedestrian Right of Way","Non-Collision","N","N","N","N"
6595743,"N","Y","Injury (Other Visible)","N",2014,18.6666666666667,"Summer","N","N","Sa","N","Y","Y","N","N","N","N","N","Daylight","Hit Object","Wrong Side of Road","Other Object","N","N","N","N"
6595750,"N","Y","PDO (property damage only)","N",2014,8.5,"Summer","N","N","Sa","N","Y","Y","N","N","N","N","Y","Daylight","Rear End","Pedestrian Right of Way","Other Motor Vehicle","N","N","N","N"
6596343,"N","Y","Injury (Complaint of Pain)","N",2014,13,"Summer","N","N","Sa","N","Y","Y","N","N","N","N","N","Daylight","Rear End","Wrong Side of Road","Other Motor Vehicle","N","N","N","N"
6596357,"N","Y","Injury (Complaint of Pain)","N",2014,17.25,"Summer","PM","N","F","N","N","Y","N","N","N","N","N","Daylight","Broadside","Pedestrian Violation","Other Motor Vehicle","N","N","N","N"
6596404,"N","Y","Injury (Complaint of Pain)","N",2014,14.0833333333333,"Summer","N","N","F","N","N","Y","N","N","N","N","N","Daylight","Other","Wrong Side of Road","Fixed Object","N","N","N","N"
6596471,"N","Y","Injury (Complaint of Pain)","N",2014,10.5,"Summer","N","N","Th","N","N","Y","N","N","N","N","N","Daylight","Sideswipe","Wrong Side of Road","Other Motor Vehicle","N","N","N","N"
6596999,"N","N","Fatal","Y",2014,8.83333333333333,"Summer","AM","N","F","N","Y","Y","N","N","N","N","N","Daylight","Broadside","Pedestrian Right of Way","Other Motor Vehicle","N","N","N","N"
6597672,"N","Y","Injury (Complaint of Pain)","N",2014,18.25,"Summer","N","N","Sa","N","N","Y","N","N","N","N","N","Daylight","Broadside","Pedestrian Violation","Other Motor Vehicle","N","N","N","N"
6597687,"N","Y","Injury (Complaint of Pain)","N",2014,13.05,"Summer","N","N","Su","N","N","Y","N","N","N","N","N","Daylight","Rear End","Wrong Side of Road","Other Motor Vehicle","N","N","N","N"
6598088,"N","Y","Injury (Other Visible)","N",2014,19,"Summer","PM","N","Tu","N","Y","Y","N","N","N","N","N","Daylight","Rear End","Unsafe Speed","Other Motor Vehicle","Y","N","N","N"
6598197,"N","Y","PDO (property damage only)","N",2014,19.6666666666667,"Summer","N","N","Sa","N","Y","N","Y","N","N","N","N","Dusk or Dawn","Sideswipe","Pedestrian Right of Way","Other Motor Vehicle","N","N","N","N"
6598625,"N","Y","Injury (Complaint of Pain)","N",2014,13.5,"Summer","N","N","Tu","Y","N","Y","N","N","N","N","N","Daylight","Sideswipe","Improper Turning","Other Motor Vehicle","N","N","N","N"
6598760,"N","Y","Injury (Complaint of Pain)","N",2014,19.9166666666667,"Summer","N","N","Tu","N","N","Y","N","N","N","N","N","Daylight","Broadside","Automobile Right of Way","Other Motor Vehicle","N","N","N","N"
6598775,"N","Y","Injury (Complaint of Pain)","N",2014,15.6666666666667,"Summer","PM","N","Tu","Y","N","Y","N","N","N","N","N","Daylight","Head-On","Pedestrian Violation","Other Motor Vehicle","N","N","N","N"
6598776,"N","Y","Injury (Complaint of Pain)","N",2014,12.7333333333333,"Summer","N","N","F","N","N","Y","N","N","N","N","N","Daylight","Broadside","Pedestrian Right of Way","Motor Vehicle on Other Roadway","N","N","N","N"
6598912,"N","Y","Injury (Other Visible)","N",2014,19.3333333333333,"Summer","N","N","Th","N","N","Y","N","N","N","N","N","Daylight","Broadside","Pedestrian Violation","Other Motor Vehicle","N","N","N","N"
6598925,"N","Y","Injury (Complaint of Pain)","N",2014,12.25,"Summer","N","N","Sa","N","N","Y","N","N","N","N","N","Daylight","Sideswipe","Automobile Right of Way","Bicycle","N","N","N","Y"
6599201,"N","Y","Injury (Other Visible)","N",2014,18.75,"Summer","PM","N","M","Y","N","Y","N","N","N","N","N","Daylight","Broadside","Driving or Bicycling Under the Influence of Alcohol or Drug","Other Motor Vehicle","N","N","N","N"
6599229,"N","Y","Injury (Complaint of Pain)","N",2014,13.5,"Summer","N","N","Th","Y","N","Y","N","N","N","N","N","Daylight","Broadside","Pedestrian Right of Way","Other Motor Vehicle","N","N","N","N"
6599340,"N","N","Fatal","Y",2014,0.666666666666667,"Summer","N","Y","Su","Y","N","N","N","Y","N","Y","N","Dark - Street Lights","Head-On","Unsafe Speed","Other Motor Vehicle","N","N","N","N"
6599781,"N","Y","Injury (Other Visible)","N",2014,12.6666666666667,"Summer","N","N","Tu","Y","N","Y","N","N","N","N","N","Daylight","Sideswipe","Pedestrian Violation","Other Motor Vehicle","N","N","N","N"
6599831,"N","Y","Injury (Complaint of Pain)","N",2014,6.66666666666667,"Summer","N","N","F","N","N","Y","N","N","N","N","N","Daylight","Rear End","Pedestrian Violation","Other Motor Vehicle","N","N","N","N"
6599833,"N","Y","Injury (Complaint of Pain)","N",2014,10.8333333333333,"Summer","N","N","Sa","N","N","Y","N","N","N","N","N","Daylight","Sideswipe","Automobile Right of Way","Other Motor Vehicle","N","N","N","N"
6599893,"N","N","Injury (Complaint of Pain)","N",2014,19.4166666666667,"Summer","N","N","Su","N","Y","N","Y","N","N","Y","N","Dusk or Dawn","Sideswipe","Wrong Side of Road","Other Motor Vehicle","N","N","N","N"
6600507,"N","N","Fatal","Y",2014,19.75,"Summer","N","N","Tu","N","N","Y","N","N","N","N","N","Dark - Street Lights","Hit Object","Pedestrian Right of Way","Fixed Object","N","N","N","N"
6600522,"N","N","Fatal","Y",2014,18.75,"Summer","PM","N","M","N","Y","Y","N","N","N","N","N","Daylight","Sideswipe","Automobile Right of Way","Other Motor Vehicle","N","N","N","N"
6600588,"N","N","Fatal","Y",2014,17.5,"Summer","PM","N","F","N","Y","Y","N","N","N","N","N","Daylight","Rear End","Wrong Side of Road","Other Motor Vehicle","N","N","N","N"
6600751,"N","Y","Injury (Complaint of Pain)","N",2014,9.58333333333333,"Summer","N","N","F","N","N","Y","N","N","N","N","N","Daylight","Rear End","Pedestrian Right of Way","Other Motor Vehicle","N","N","N","N"
6601578,"N","Y","PDO (property damage only)","N",2014,8.5,"Summer","AM","N","M","N","N","Y","N","N","N","N","N","Daylight","Broadside","Pedestrian Right of Way","Other Motor Vehicle","N","N","N","N"
6601609,"N","Y","Injury (Complaint of Pain)","N",2014,15.75,"Summer","PM","N","M","Y","N","Y","N","N","N","N","N","Daylight","Head-On","Impeding Traffic","Other Motor Vehicle","N","N","N","N"
6601780,"N","Y","Injury (Complaint of Pain)","N",2014,18.6666666666667,"Summer","PM","N","M","Y","N","Y","N","N","N","N","N","Daylight","Broadside","Pedestrian Violation","Other Motor Vehicle","N","N","N","N"
6601789,"N","Y","PDO (property damage only)","N",2014,14,"Summer","N","N","Th","N","N","Y","N","N","N","N","N","Daylight","Sideswipe","Pedestrian Violation","Other Motor Vehicle","N","N","N","N"
6601792,"N","Y","Injury (Complaint of Pain)","N",2014,21.3333333333333,"Summer","N","N","Th","Y","N","Y","N","N","N","N","N","Dark - No Street Lights","Broadside","Pedestrian Violation","Other Motor Vehicle","N","N","N","N"
6601800,"N","Y","PDO (property damage only)","N",2014,14.5,"Summer","N","N","Su","N","N","Y","N","N","N","N","N","Daylight","Sideswipe","Automobile Right of Way","Other Motor Vehicle","N","N","N","N"
6601826,"N","N","PDO (property damage only)","N",2014,17.1666666666667,"Summer","PM","N","M","N","N","Y","N","N","N","N","N","Daylight","Sideswipe","Improper Turning","Other Motor Vehicle","N","N","N","N"
6601828,"N","Y","PDO (property damage only)","N",2014,23.0833333333333,"Summer","N","Y","W","N","N","Y","N","N","N","N","N","Dark - Street Lights","Broadside","Pedestrian Violation","Other Motor Vehicle","N","N","N","N"
6601860,"N","Y","PDO (property damage only)","N",2014,12.3333333333333,"Summer","N","N","Su","Y","N","Y","N","N","N","N","N","Daylight","Broadside","Pedestrian Violation","Other Motor Vehicle","N","N","N","N"
6601870,"N","Y","PDO (property damage only)","N",2014,20.25,"Summer","N","N","Su","N","N","Y","N","N","N","N","N",NA,"Broadside","Pedestrian Violation","Other Motor Vehicle","N","N","N","N"
6601880,"N","Y","Injury (Other Visible)","N",2014,17.9166666666667,"Summer","PM","N","Tu","N","Y","Y","N","N","N","N","N","Daylight","Head-On","Pedestrian Violation","Other Motor Vehicle","N","N","N","N"
6602022,"N","Y","Injury (Complaint of Pain)","N",2014,21,"Summer","N","N","W","N","N","Y","N","N","N","N","N","Dusk or Dawn","Other","Pedestrian Violation","Non-Collision","N","N","N","N"
6602144,"N","Y","PDO (property damage only)","N",2014,13.8333333333333,"Summer","N","N","W","N","N","Y","N","N","N","N","N","Daylight","Broadside","Pedestrian Right of Way","Other Motor Vehicle","N","N","N","N"
6602813,"N","Y","Injury (Complaint of Pain)","N",2014,14.1666666666667,"Summer","N","N","Su","N","N","Y","N","N","N","N","N","Daylight","Overturned","Pedestrian Right of Way","Non-Collision","N","N","N","N"
6602882,"N","Y","PDO (property damage only)","N",2014,16,"Summer","PM","N","M","Y","N","Y","N","N","N","N","N","Daylight","Broadside","Pedestrian Violation","Other Motor Vehicle","N","N","N","N"
6602884,"N","Y","Injury (Complaint of Pain)","N",2014,20.3333333333333,"Summer","N","N","Th","Y","N","Y","N","N","N","N","N","Dark - Street Lights","Head-On","Pedestrian Violation","Other Motor Vehicle","N","N","N","N"
6602886,"N","Y","PDO (property damage only)","N",2014,3.16666666666667,"Summer","N","Y","F","Y","N","Y","N","N","N","N","N","Dark - Street Lights","Broadside","Pedestrian Violation","Other Motor Vehicle","N","N","N","N"
6602891,"N","Y","Injury (Complaint of Pain)","N",2014,11.9166666666667,"Summer","N","N","Tu","N","N","Y","N","N","N","N","Y","Daylight","Rear End","Wrong Side of Road","Other Motor Vehicle","N","N","N","N"
6603208,"N","Y","Injury (Other Visible)","N",2014,18,"Summer","PM","N","Th","Y","N","Y","N","N","N","N","N","Daylight","Broadside","Pedestrian Violation","Other Motor Vehicle","N","N","N","N"
6603878,"N","Y","Injury (Complaint of Pain)","N",2014,6.58333333333333,"Summer","N","N","M","N","Y","Y","N","N","N","N","N","Daylight","Sideswipe","Automobile Right of Way","Other Motor Vehicle","N","N","N","N"
6604494,"N","N","Fatal","Y",2014,6.25,"Summer","N","N","F","N","Y","Y","N","N","N","N","N","Daylight","Rear End","Wrong Side of Road","Other Motor Vehicle","N","N","N","N"
6605553,"N","Y","Injury (Complaint of Pain)","N",2014,15.6666666666667,"Summer","N","N","Su","N","N","Y","N","N","N","N","N","Daylight","Broadside","Pedestrian Right of Way","Other Motor Vehicle","N","N","N","N"
6605594,"N","Y","PDO (property damage only)","N",2014,0.333333333333333,"Summer","N","Y","Tu","N","N","Y","N","N","N","N","N","Dark - Street Lights","Sideswipe","Impeding Traffic","Parked Motor Vehicle","N","N","N","N"
6605835,"N","N","Fatal","Y",2014,8.83333333333333,"Summer","AM","N","W","N","Y","Y","N","N","N","N","N","Daylight","Overturned","Automobile Right of Way","Non-Collision","N","N","N","N"
6606240,"Y","Y","Injury (Severe)","Y",2014,21.0833333333333,"Summer","N","N","Sa","Y","N","Y","N","N","N","N","N","Dark - Street Lights","Head-On","Pedestrian Violation","Other Motor Vehicle","Y","N","N","N"
6606311,"Y","N","Injury (Severe)","Y",2014,8.83333333333333,"Summer","AM","N","F","N","Y","Y","N","N","N","N","N","Daylight","Sideswipe","Wrong Side of Road","Other Motor Vehicle","N","N","N","N"
6606419,"N","Y","Injury (Other Visible)","N",2014,8.21666666666667,"Summer","AM","N","Th","N","Y","Y","N","N","N","N","N","Daylight","Hit Object","Wrong Side of Road","Other Object","N","N","N","N"
6606450,"N","Y","Injury (Complaint of Pain)","N",2014,8.75,"Summer","AM","N","W","N","Y","Y","N","N","N","N","N","Daylight","Rear End","Code 19","Other Motor Vehicle","N","N","N","N"
6606454,"N","Y","Injury (Complaint of Pain)","N",2014,14,"Summer","N","N","Tu","N","Y","Y","N","N","N","N","Y","Daylight","Overturned","Impeding Traffic","Non-Collision","N","N","N","N"
6607140,"N","Y","Injury (Other Visible)","N",2014,11,"Summer","N","N","M","N","N","Y","N","N","N","N","N","Daylight","Other","Pedestrian Violation","Parked Motor Vehicle","N","N","N","N"
6607494,"N","N","Fatal","Y",2014,15,"Summer","PM","N","F","N","Y","Y","N","N","N","N","N","Daylight","Sideswipe","Automobile Right of Way","Other Motor Vehicle","N","N","N","N"
6607694,"N","Y","Injury (Complaint of Pain)","N",2014,13,"Summer","N","N","Su","Y","N","Y","N","N","N","N","N","Daylight","Sideswipe","Pedestrian Violation","Other Motor Vehicle","N","N","N","N"
6607705,"N","Y","Injury (Complaint of Pain)","N",2014,16,"Summer","PM","N","Tu","N","Y","Y","N","N","N","N","N","Daylight","Sideswipe","Automobile Right of Way","Other Motor Vehicle","N","N","N","N"
6607708,"N","Y","Injury (Complaint of Pain)","N",2014,6.05,"Summer","N","N","W","N","Y","Y","N","N","N","N","N","Daylight","Overturned","Pedestrian Right of Way","Non-Collision","N","N","N","N"
6607861,"N","N","Fatal","Y",2014,13.25,"Summer","N","N","Su","Y","N","Y","N","N","N","N","N","Daylight","Rear End","Wrong Side of Road","Other Motor Vehicle","N","N","N","N"
6609417,"N","Y","Injury (Other Visible)","N",2014,21.3333333333333,"Summer","N","N","Sa","N","Y","Y","N","N","N","N","N","Dark - Street Lights","Hit Object","Pedestrian Right of Way","Fixed Object","N","N","N","N"
6609926,"N","Y","Injury (Complaint of Pain)","N",2014,7.66666666666667,"Summer","AM","N","F","N","Y","N","Y","N","N","N","N","Daylight","Sideswipe","Automobile Right of Way","Other Motor Vehicle","N","N","N","N"