"CASE_ID","mc_killed","mc_injured","collision_severity","severe","accident_year","hours_since_midnight","season","rush_hour","late_night","day_of_week","intersection","state_hwy_ind","w_clear","w_cloudy","w_rainy","w_other","road_not_dry","road_condition_issue","lighting","type_of_collision","pcf_viol_category","mviw","alcohol_involved","truck_accident","pedestrian_accident","bicycle_accident"
6651290,"N","Y","PDO (property damage only)","N",2014,9.33333333333333,"Summer","N","N","F","N","N","Y","N","N","N","N","N","Daylight","Broadside","Pedestrian Right of Way","Other Motor Vehicle","N","N","N","N"
6652331,"N","Y","Injury (Other Visible)","N",2014,12.75,"Summer","N","N","M","N","Y","Y","N","N","N","N","N","Daylight","Rear End","Wrong Side of Road","Other Motor Vehicle","N","Y","N","N"
6652582,"N","Y","Injury (Complaint of Pain)","N",2014,7.91666666666667,"Fall","AM","N","W","N","Y","Y","N","N","N","N","N","Daylight","Rear End","Wrong Side of Road","Other Motor Vehicle","N","N","N","N"
6652676,"N","Y","PDO (property damage only)","N",2014,10.5833333333333,"Summer","N","N","F","N","N","Y","N","N","N","N","N","Daylight","Broadside","Pedestrian Violation","Other Motor Vehicle","N","N","N","N"
6653062,"N","Y","Injury (Complaint of Pain)","N",2014,17.5,"Summer","N","N","Sa","N","N","Y","N","N","N","N","N","Daylight","Sideswipe","Improper Turning","Other Motor Vehicle","N","N","N","N"
6653104,"N","Y","PDO (property damage only)","N",2014,9.41666666666667,"Fall","N","N","Tu","N","Y","Y","N","N","N","N","N","Daylight","Sideswipe","Automobile Right of Way","Other Motor Vehicle","N","N","N","N"
6653107,"N","Y","PDO (property damage only)","N",2014,7.63333333333333,"Fall","AM","N","W","N","Y","Y","N","N","N","N","N","Daylight","Rear End","Wrong Side of Road","Other Motor Vehicle","N","N","N","N"
6653111,"N","Y","Injury (Complaint of Pain)","N",2014,9.66666666666667,"Fall","N","N","F","N","Y","Y","N","N","N","N","N","Daylight","Sideswipe","Wrong Side of Road","Other Motor Vehicle","N","N","N","N"
6653201,"N","N","Fatal","Y",2014,20.25,"Fall","N","N","M","N","N","Y","N","N","N","N","N","Dark - Street Lights","Rear End","Unsafe Speed","Parked Motor Vehicle","Y","N","N","N"
6653686,"N","Y","PDO (property damage only)","N",2014,18,"Fall","PM","N","Th","N","N","Y","N","N","N","N","N","Daylight","Head-On","Pedestrian Violation","Other Motor Vehicle","N","N","N","N"
6653715,"N","Y","PDO (property damage only)","N",2014,15.4166666666667,"Fall","PM","N","M","N","N","Y","N","N","N","N","N","Daylight","Head-On","Pedestrian Violation","Other Motor Vehicle","N","N","N","N"
6653780,"N","Y","PDO (property damage only)","N",2014,17.5833333333333,"Fall","N","N","Sa","N","N","Y","N","N","N","N","N","Daylight","Head-On","Unsafe Lane Change","Other Motor Vehicle","N","N","N","N"
6656637,"N","N","Fatal","Y",2014,6.33333333333333,"Fall","N","N","Th","N","Y","Y","N","N","N","N","N","Daylight","Rear End","Wrong Side of Road","Other Motor Vehicle","N","N","N","N"
6656904,"N","Y","Injury (Complaint of Pain)","N",2014,12.5833333333333,"Summer","N","N","W","N","N","Y","N","N","N","N","N","Daylight","Broadside","Pedestrian Right of Way","Other Motor Vehicle","N","N","N","N"
6656912,"N","N","PDO (property damage only)","N",2014,18.75,"Fall","N","N","Su","N","N","Y","N","N","N","N","N","Daylight","Sideswipe","Pedestrian Right of Way","Motor Vehicle on Other Roadway","N","N","N","N"
6656918,"N","Y","Injury (Other Visible)","N",2014,16.6666666666667,"Summer","PM","N","Th","Y","N","Y","N","N","N","N","N","Daylight","Broadside","Lights","Other Motor Vehicle","N","N","N","N"
6658018,"N","Y","Injury (Complaint of Pain)","N",2014,17.3333333333333,"Summer","PM","N","W","Y","N","Y","N","N","N","N","N","Daylight","Broadside","Pedestrian Violation","Other Motor Vehicle","N","N","N","N"
6659231,"N","Y","Injury (Complaint of Pain)","N",2014,17.75,"Summer","PM","N","Th","N","N","Y","N","N","N","N","N","Daylight","Broadside","Driving or Bicycling Under the Influence of Alcohol or Drug","Other Motor Vehicle","N","N","N","N"
6659242,"N","Y","Injury (Complaint of Pain)","N",2014,13.75,"Fall","N","N","Tu","N","Y","Y","N","N","N","N","N","Daylight","Sideswipe","Wrong Side of Road","Motor Vehicle on Other Roadway","N","N","N","N"
6659253,"N","Y","PDO (property damage only)","N",2014,18.1666666666667,"Summer","PM","N","F","Y","N","Y","N","N","N","N","N","Daylight","Sideswipe","Automobile Right of Way","Other Motor Vehicle","N","N","N","N"
6659825,"N","Y","Injury (Complaint of Pain)","N",2014,6.75,"Summer","N","N","Th","N","Y","Y","N","N","N","N","N","Daylight","Sideswipe","Pedestrian Right of Way","Other Motor Vehicle","N","N","N","N"
6659829,"N","Y","PDO (property damage only)","N",2014,7.83333333333333,"Summer","AM","N","Th","N","Y","Y","N","N","N","N","N","Daylight","Rear End","Wrong Side of Road","Other Motor Vehicle","N","N","N","N"
6659837,"N","Y","Injury (Complaint of Pain)","N",2014,7.91666666666667,"Fall","AM","N","Th","N","Y","Y","N","N","N","N","N","Daylight","Sideswipe","Automobile Right of Way","Other Motor Vehicle","N","N","N","N"
6660420,"N","Y","Injury (Complaint of Pain)","N",2014,6.5,"Fall","N","N","Th","N","Y","Y","N","N","N","N","N","Daylight","Sideswipe","Automobile Right of Way","Other Motor Vehicle","N","N","N","N"
6660520,"N","N","Fatal","Y",2014,19.6666666666667,"Summer","N","N","W","N","N","Y","N","N","N","N","N","Dusk or Dawn","Broadside","Pedestrian Violation","Other Motor Vehicle","N","N","N","N"
6660969,"N","N","Fatal","Y",2014,16.4166666666667,"Fall","PM","N","Th","N","N","Y","N","N","N","N","N","Daylight","Sideswipe","Pedestrian Right of Way","Other Motor Vehicle","N","N","N","N"
6660997,"N","N","Fatal","Y",2014,0.833333333333333,"Summer","N","Y","F","N","N","Y","N","N","N","N","N","Dark - Street Lights","Sideswipe","Wrong Side of Road","Parked Motor Vehicle","N","N","N","N"
6661540,"N","Y","Injury (Complaint of Pain)","N",2014,11.75,"Fall","N","N","Th","N","Y","Y","N","N","N","N","N","Daylight","Overturned","Pedestrian Right of Way","Non-Collision","N","N","N","N"
6661592,"N","Y","Injury (Complaint of Pain)","N",2014,16.3333333333333,"Fall","PM","N","W","N","Y","Y","N","N","N","N","N","Daylight","Hit Object","Pedestrian Right of Way","Fixed Object","N","N","N","N"
6661596,"N","Y","Injury (Complaint of Pain)","N",2014,7.01666666666667,"Fall","AM","N","M","N","Y","Y","N","N","N","N","N","Daylight","Sideswipe","Automobile Right of Way","Other Motor Vehicle","N","N","N","N"
6661605,"N","Y","Injury (Complaint of Pain)","N",2014,18.6666666666667,"Fall","PM","N","W","N","Y","Y","N","N","N","N","N","Dark - Street Lights","Sideswipe","Automobile Right of Way","Other Motor Vehicle","N","N","N","N"
6661625,"N","Y","Injury (Other Visible)","N",2014,6.03333333333333,"Fall","N","N","F","N","Y","Y","N","N","N","N","N","Dark - Street Lights","Sideswipe","Unsafe Starting or Backing","Other Motor Vehicle","N","N","N","N"
6661629,"N","Y","Injury (Complaint of Pain)","N",2014,9.4,"Fall","N","N","F","N","Y","Y","N","N","N","N","N","Daylight","Overturned","Pedestrian Right of Way","Non-Collision","N","N","N","N"
6661683,"N","Y","Injury (Complaint of Pain)","N",2014,11.5,"Fall","N","N","Sa","Y","N","Y","N","N","N","N","N","Daylight","Broadside","Pedestrian Right of Way","Other Motor Vehicle","N","N","N","N"
6661695,"N","Y","Injury (Complaint of Pain)","N",2014,13.5833333333333,"Fall","N","N","Tu","Y","N","Y","N","N","N","N","N","Daylight","Broadside","Lights","Other Motor Vehicle","N","N","N","N"
6661822,"N","Y","Injury (Complaint of Pain)","N",2014,20,"Fall","N","N","Th","N","Y","Y","N","N","N","N","N","Dark - Street Lights","Sideswipe","Automobile Right of Way","Other Motor Vehicle","N","N","N","N"
6661838,"N","Y","PDO (property damage only)","N",2014,6.25,"Fall","N","N","Th","N","Y","Y","N","N","N","N","N","Daylight","Sideswipe","Automobile Right of Way","Other Motor Vehicle","N","N","N","N"
6661955,"N","Y","Injury (Complaint of Pain)","N",2014,9.98333333333333,"Summer","N","N","Tu","N","N","Y","N","N","N","N","N","Daylight","Other","Pedestrian Violation","Non-Collision","N","N","N","N"
6664354,"N","Y","PDO (property damage only)","N",2014,14,"Summer","N","N","Th","Y","N","Y","N","N","N","N","N","Daylight","Broadside","Pedestrian Violation","Other Motor Vehicle","N","N","N","N"
6664360,"N","Y","Injury (Complaint of Pain)","N",2014,17.25,"Summer","PM","N","Tu","Y","N","Y","N","N","N","N","N","Daylight","Broadside","Lights","Other Motor Vehicle","N","N","N","N"
6664369,"N","N","Injury (Complaint of Pain)","N",2014,20.9166666666667,"Summer","N","N","Su","Y","N","Y","N","N","N","N","N","Dark - Street Lights","Sideswipe","Pedestrian Violation","Other Motor Vehicle","N","N","N","N"
6664383,"N","Y","PDO (property damage only)","N",2014,18.4166666666667,"Summer","PM","N","Th","Y","N","Y","N","N","N","N","N","Dark - Street Lights","Broadside","Driving or Bicycling Under the Influence of Alcohol or Drug","Other Motor Vehicle","N","N","N","N"
6664395,"N","Y","Injury (Complaint of Pain)","N",2014,22.5833333333333,"Summer","N","N","W","N","Y","Y","N","N","N","N","N","Dark - Street Lights","Rear End","Unsafe Speed","Other Motor Vehicle","Y","N","N","N"
6664632,"N","Y","Injury (Complaint of Pain)","N",2014,21.3333333333333,"Fall","N","N","Su","N","N","Y","N","N","N","N","N","Dark - Street Lights","Other","Unsafe Speed","Non-Collision","Y","N","N","N"
6665218,"N","Y","Injury (Complaint of Pain)","N",2014,18,"Fall","PM","N","Tu","N","N","Y","N","N","N","N","N","Daylight","Overturned","Wrong Side of Road","Non-Collision","N","N","N","N"
6667442,"N","N","Fatal","Y",2014,18.4166666666667,"Fall","PM","N","F","N","N","Y","N","N","N","N","N","Daylight","Sideswipe","Automobile Right of Way","Other Motor Vehicle","N","N","N","N"
6667606,"N","Y","Injury (Complaint of Pain)","N",2014,0.25,"Fall","N","Y","Su","N","N","Y","N","N","N","N","N","Dark - Street Lights","Rear End","Wrong Side of Road","Other Motor Vehicle","N","N","N","N"
6667625,"N","Y","Injury (Complaint of Pain)","N",2014,12.8333333333333,"Fall","N","N","Th","N","N","Y","N","N","N","N","N","Daylight","Sideswipe","Automobile Right of Way","Other Motor Vehicle","N","N","N","N"
6667633,"N","Y","PDO (property damage only)","N",2014,23,"Fall","N","Y","Th","N","N","Y","N","N","N","N","N","Dark - Street Lights","Sideswipe","Pedestrian Right of Way","Other Motor Vehicle","N","N","N","N"
6667654,"N","Y","PDO (property damage only)","N",2014,22.1666666666667,"Fall","N","N","F","Y","N","Y","N","N","N","N","N","Dark - Street Lights","Rear End","Wrong Side of Road","Other Motor Vehicle","N","N","N","N"
6668739,"N","Y","PDO (property damage only)","N",2014,14.6666666666667,"Fall","N","N","M","Y","N","Y","N","N","N","N","N","Daylight","Broadside","Pedestrian Violation","Other Motor Vehicle","N","N","N","N"
6668741,"N","N","PDO (property damage only)","N",2014,9.91666666666667,"Fall","N","N","Tu","N","N","Y","N","N","N","N","N","Daylight","Sideswipe","Automobile Right of Way","Other Motor Vehicle","N","N","N","N"
6668755,"N","Y","Injury (Other Visible)","N",2014,12.05,"Fall","N","N","M","N","N","Y","N","N","N","N","N","Daylight","Broadside","Pedestrian Violation","Other Motor Vehicle","N","N","N","N"
6668758,"N","Y","PDO (property damage only)","N",2014,15.75,"Fall","PM","N","W","N","N","Y","N","N","N","N","N","Daylight","Broadside","Pedestrian Right of Way","Other Motor Vehicle","N","N","N","N"
6668870,"N","Y","Injury (Complaint of Pain)","N",2014,12.1666666666667,"Fall","N","N","W","N","N","Y","N","N","N","N","N","Daylight","Rear End","Wrong Side of Road","Other Motor Vehicle","N","N","N","N"
6669325,"N","Y","Injury (Other Visible)","N",2014,2.25,"Fall","N","Y","Tu","N","N","Y","N","N","N","N","N","Dark - Street Lights","Sideswipe","Wrong Side of Road","Parked Motor Vehicle","N","N","N","N"
6669346,"N","Y","Injury (Other Visible)","N",2014,22.8333333333333,"Fall","N","N","M","N","N","Y","N","N","N","N","N","Dark - Street Lights","Hit Object","Unsafe Speed","Fixed Object","Y","N","N","N"
6670075,"N","Y","PDO (property damage only)","N",2014,7.91666666666667,"Fall","AM","N","W","N","Y","Y","N","N","N","N","N","Daylight","Rear End","Wrong Side of Road","Other Motor Vehicle","N","N","N","N"
6671226,"N","N","Fatal","Y",2014,18.5,"Fall","PM","N","Tu","N","N","Y","N","N","N","N","N","Daylight","Sideswipe","Wrong Side of Road","Parked Motor Vehicle","N","N","N","N"
6671258,"N","N","Fatal","Y",2014,20.25,"Fall","N","N","Sa","N","N","Y","N","N","N","N","N","Dark - Street Lights","Sideswipe","Wrong Side of Road","Parked Motor Vehicle","N","N","N","N"
6673270,"N","N","Fatal","Y",2014,7.83333333333333,"Fall","AM","N","W","N","N",NA,NA,NA,NA,"N",NA,NA,NA,"Wrong Side of Road",NA,"N","N","N","N"
6673549,"N","Y","PDO (property damage only)","N",2014,8.45,"Fall","AM","N","Tu","N","Y","Y","N","N","N","N","N","Daylight","Sideswipe","Pedestrian Right of Way","Other Motor Vehicle","N","N","N","N"
6674346,"N","Y","Injury (Complaint of Pain)","N",2014,11.6666666666667,"Fall","N","N","Sa","N","Y","Y","N","N","N","N","N","Daylight","Overturned","Wrong Side of Road","Non-Collision","N","N","N","N"
6674358,"N","Y","Injury (Complaint of Pain)","N",2014,22.25,"Fall","N","N","W","N","Y","Y","N","N","N","N","N","Dark - Street Lights","Hit Object","Pedestrian Right of Way","Fixed Object","N","N","N","N"
6674513,"N","N","Fatal","Y",2014,7.16666666666667,"Fall","AM","N","W","N","Y","Y","N","N","N","N","N","Daylight","Rear End","Wrong Side of Road","Other Motor Vehicle","N","N","N","N"
6674523,"N","N","Fatal","Y",2014,8.05,"Fall","AM","N","M","N","Y","Y","N","N","N","N","N","Daylight","Rear End","Wrong Side of Road","Other Motor Vehicle","N","N","N","N"
6674653,"N","Y","Injury (Other Visible)","N",2014,13,"Fall","N","N","Sa","N","Y","Y","N","N","N","N","N","Daylight","Overturned","Pedestrian Right of Way","Non-Collision","N","N","N","N"
6674661,"N","Y","Injury (Complaint of Pain)","N",2014,16.7,"Fall","PM","N","Th","N","Y","Y","N","N","N","N","N","Daylight","Sideswipe","Automobile Right of Way","Other Motor Vehicle","N","N","N","N"
6675084,"N","N","Fatal","Y",2014,6.03333333333333,"Fall","N","N","Su","N","Y","Y","N","N","N","N","N","Dark - Street Lights","Rear End","Wrong Side of Road","Other Motor Vehicle","N","N","N","N"
6675163,"N","Y","PDO (property damage only)","N",2014,17.6666666666667,"Fall","PM","N","Th","N","N","Y","N","N","N","N","N","Daylight","Broadside","Pedestrian Violation","Other Motor Vehicle","N","N","N","N"
6675175,"N","Y","Injury (Complaint of Pain)","N",2014,15.4166666666667,"Fall","PM","N","W","Y","N","Y","N","N","N","N","N","Daylight","Broadside","Pedestrian Violation","Other Motor Vehicle","N","N","N","N"
6676203,"N","Y","Injury (Complaint of Pain)","N",2014,17.5,"Fall","PM","N","M","N","N","Y","N","N","N","N","N","Daylight","Sideswipe","Driving or Bicycling Under the Influence of Alcohol or Drug","Other Motor Vehicle","N","N","N","N"
6676217,"N","Y","Injury (Other Visible)","N",2014,8.58333333333333,"Fall","AM","N","Tu","N","N","Y","N","N","N","N","N","Daylight","Broadside","Pedestrian Violation","Other Motor Vehicle","N","N","N","N"
6676230,"N","N","Injury (Complaint of Pain)","N",2014,20.5,"Fall","N","N","M","N","N","Y","N","N","N","N","N","Dark - Street Lights","Sideswipe","Wrong Side of Road","Parked Motor Vehicle","Y","N","N","Y"
6676670,"N","Y","Injury (Complaint of Pain)","N",2014,20.3333333333333,"Fall","N","N","Tu","Y","N","Y","N","N","N","N","N","Dark - Street Lights","Broadside","Pedestrian Violation","Other Motor Vehicle","N","N","N","N"
6676673,"N","Y","PDO (property damage only)","N",2014,16.3333333333333,"Fall","PM","N","W","N","N","Y","N","N","N","N","N","Daylight",NA,"Pedestrian Violation","Other Motor Vehicle","N","N","N","N"
6676799,"N","Y","Injury (Complaint of Pain)","N",2014,19.5,"Fall","N","N","Tu","N","Y","Y","N","N","N","N","N","Dark - Street Lights","Broadside","Pedestrian Violation","Other Motor Vehicle","N","N","N","N"
6676823,"N","Y","PDO (property damage only)","N",2014,4.75,"Fall","N","Y","M","Y","N","Y","N","N","N","N","N","Dark - Street Lights","Hit Object","Pedestrian Right of Way","Fixed Object","N","N","N","N"
6676858,"N","Y","Injury (Complaint of Pain)","N",2014,11.4166666666667,"Fall","N","N","M","N","N","Y","N","N","N","N","N","Daylight","Rear End","Unsafe Starting or Backing","Other Motor Vehicle","N","Y","N","N"
6677609,"N","Y","Injury (Complaint of Pain)","N",2014,7.75,"Fall","AM","N","M","N","N","Y","N","N","N","N","N","Daylight","Broadside","Driving or Bicycling Under the Influence of Alcohol or Drug","Other Motor Vehicle","N","N","N","N"
6677618,"N","Y","Injury (Complaint of Pain)","N",2014,18.0833333333333,"Fall","PM","N","M","N","N","Y","N","N","N","N","N","Daylight","Rear End","Improper Passing","Other Motor Vehicle","N","N","N","N"
6677621,"N","Y","Injury (Complaint of Pain)","N",2014,21,"Fall","N","N","Tu","N","N","Y","N","N","N","N","N","Dark - Street Lights","Hit Object","Wrong Side of Road","Fixed Object","N","N","N","N"
6677646,"N","Y","PDO (property damage only)","N",2014,9.16666666666667,"Fall","N","N","Sa","N","N","Y","N","N","N","N","N","Daylight","Other","Pedestrian Violation","Other Motor Vehicle","N","N","N","Y"
6677655,"N","Y","Injury (Other Visible)","N",2014,14.3333333333333,"Fall","N","N","Su","N","Y","Y","N","N","N","N","N","Daylight","Sideswipe","Unsafe Speed","Other Motor Vehicle","Y","N","N","N"
6678319,"Y","N","Injury (Severe)","Y",2014,3.66666666666667,"Winter","N","Y","W","N","Y","Y","N","N","N","N","Y","Dark - Street Lights","Rear End","Wrong Side of Road","Other Motor Vehicle","N","Y","N","N"
6678688,"N","Y","Injury (Complaint of Pain)","N",2014,9.5,"Fall","N","N","M","N","N","Y","N","N","N","N","N","Daylight","Rear End","Improper Turning","Other Motor Vehicle","N","N","N","N"
6678934,"N","N","Fatal","Y",2014,0.75,"Fall","N","Y","Su","Y","N","Y","N","N","N","N","N","Dark - Street Lights","Broadside","Unsafe Lane Change","Other Motor Vehicle","N","N","N","N"
6679067,"N","N","PDO (property damage only)","N",2014,17.8333333333333,"Fall","PM","N","F","N","N","Y","N","N","N","N","N","Daylight","Broadside","Driving or Bicycling Under the Influence of Alcohol or Drug","Other Motor Vehicle","N","N","N","N"
6679087,"N","Y","PDO (property damage only)","N",2014,8.66666666666667,"Fall","AM","N","F","Y","N","Y","N","N","N","N","N","Daylight","Rear End","Wrong Side of Road","Other Motor Vehicle","N","N","N","N"
6679116,"N","Y","Injury (Complaint of Pain)","N",2014,10.8166666666667,"Fall","N","N","Sa","N","N","Y","N","N","N","N","N","Daylight","Broadside","Improper Passing","Other Motor Vehicle","N","N","N","N"
6679196,"N","Y","Injury (Other Visible)","N",2014,9.66666666666667,"Fall","N","N","Tu","N","N","Y","N","N","N","N","N","Daylight","Rear End","Wrong Side of Road","Parked Motor Vehicle","N","N","N","N"
6679696,"N","Y","PDO (property damage only)","N",2014,13.75,"Fall","N","N","Sa","N","Y","Y","N","N","N","N","N","Daylight","Overturned","Wrong Side of Road","Non-Collision","N","N","N","N"
6680084,"N","Y","PDO (property damage only)","N",2014,2.08333333333333,"Fall","N","Y","Su","N","N","Y","N","N","N","N","N","Dark - Street Lights","Sideswipe","Unsafe Lane Change","Bicycle","N","N","N","Y"
6680092,"N","Y","PDO (property damage only)","N",2014,0.916666666666667,"Fall","N","Y","Th","N","N","Y","N","N","N","N","N","Dark - Street Lights","Sideswipe","Driving or Bicycling Under the Influence of Alcohol or Drug","Other Motor Vehicle","N","N","N","N"
6680104,"N","Y","Injury (Complaint of Pain)","N",2014,19.3333333333333,"Fall","N","N","Su","N","N","Y","N","N","N","N","N","Dark - Street Lights","Sideswipe","Pedestrian Right of Way","Other Motor Vehicle","N","N","N","N"
6680124,"N","Y","Injury (Complaint of Pain)","N",2014,16.25,"Fall","PM","N","Tu","N","N","Y","N","N","N","N","N","Daylight","Sideswipe","Pedestrian Violation","Other Motor Vehicle","N","N","N","N"
6680135,"N","Y","PDO (property damage only)","N",2014,17.3666666666667,"Fall","N","N","Su","Y","N","Y","N","N","N","N","N","Daylight","Sideswipe","Automobile Right of Way","Other Motor Vehicle","N","N","N","N"
6680144,"N","Y","Injury (Complaint of Pain)","N",2014,15,"Fall","PM","N","F","N","N","Y","N","N","N","N","N","Daylight",NA,"Wrong Side of Road",NA,"N","N","N","N"
6680169,"N","Y","Injury (Complaint of Pain)","N",2014,17.0833333333333,"Fall","PM","N","Tu","N","N","Y","N","N","N","N","N","Daylight","Sideswipe","Automobile Right of Way","Other Motor Vehicle","N","N","N","N"
6680177,"N","Y","Injury (Complaint of Pain)","N",2014,20,"Fall","N","N","Sa","N","N","Y","N","N","N","N","N","Dark - No Street Lights","Broadside","Pedestrian Violation","Other Motor Vehicle","N","N","N","N"
6680574,"N","Y","Injury (Complaint of Pain)","N",2014,15.0833333333333,"Fall","N","N","Sa","Y","N","Y","N","N","N","N","N","Daylight","Head-On","Wrong Side of Road","Other Motor Vehicle","N","N","N","N"
6680583,"N","Y","Injury (Complaint of Pain)","N",2014,23.8333333333333,"Fall","N","Y","F","N","N","Y","N","N","N","N","N","Dark - No Street Lights","Other","Wrong Side of Road","Non-Collision","N","N","N","N"
6680584,"N","Y","PDO (property damage only)","N",2014,9.66666666666667,"Fall","N","N","M","Y","N","Y","N","N","N","N","N","Daylight","Head-On","Pedestrian Violation","Other Motor Vehicle","N","N","N","N"
6681284,"N","Y","Injury (Complaint of Pain)","N",2014,6.66666666666667,"Fall","N","N","Th","N","N","Y","N","N","N","N","N","Daylight","Sideswipe","Automobile Right of Way","Other Motor Vehicle","N","N","N","N"
6681291,"N","Y","Injury (Complaint of Pain)","N",2014,23.5,"Fall","N","Y","Th","N","N","Y","N","N","N","N","N","Daylight","Sideswipe","Pedestrian Right of Way","Other Motor Vehicle","N","N","N","N"
6681294,"N","Y","Injury (Complaint of Pain)","N",2014,6.66666666666667,"Fall","N","N","Tu","N","N","N","Y","N","N","N","N","Daylight","Rear End","Wrong Side of Road","Other Motor Vehicle","N","N","N","N"
6681300,"N","Y","Injury (Other Visible)","N",2014,0.0833333333333333,"Fall","N","Y","Su","N","N","Y","N","N","N","N","N","Dark - Street Lights","Rear End","Automobile Right of Way","Other Motor Vehicle","N","N","N","N"
6681359,"N","Y","PDO (property damage only)","N",2014,20.4166666666667,"Fall","N","N","Sa","N","N","Y","N","N","N","N","N","Dark - Street Lights","Rear End","Wrong Side of Road","Other Motor Vehicle","N","N","N","N"
6682782,"N","Y","Injury (Complaint of Pain)","N",2014,14.75,"Fall","N","N","Sa","N","N","Y","N","N","N","N","N","Daylight","Sideswipe","Automobile Right of Way","Other Motor Vehicle","N","N","N","N"
6682828,"N","Y","Injury (Complaint of Pain)","N",2014,18.5,"Fall","PM","N","W","Y","N","Y","N","N","N","N","N","Dark - Street Lights","Broadside","Unsafe Speed","Other Motor Vehicle","Y","N","N","N"
6683015,"N","Y","Injury (Complaint of Pain)","N",2014,22.5833333333333,"Fall","N","N","F","Y","N","Y","N","N","N","N","N","Dark - Street Lights","Other","Automobile Right of Way","Other Object","N","N","N","N"
6683027,"N","Y","PDO (property damage only)","N",2014,4.33333333333333,"Fall","N","Y","M","N","N","Y","N","N","N","N","N","Dark - Street Lights","Broadside","Pedestrian Right of Way","Other Motor Vehicle","N","N","N","N"
6683804,"N","Y","PDO (property damage only)","N",2014,8.91666666666667,"Fall","AM","N","F","Y","N","Y","N","N","N","N","N","Daylight","Sideswipe","Driving or Bicycling Under the Influence of Alcohol or Drug","Other Motor Vehicle","N","N","N","N"
6686677,"N","N","Fatal","Y",2014,10,"Fall","N","N","M","N","N","Y","N","N","N","N","N","Daylight","Sideswipe","Wrong Side of Road","Parked Motor Vehicle","N","Y","N","N"
6688804,"N","Y","Injury (Other Visible)","N",2014,21.4,"Fall","N","N","W","N","Y","Y","N","N","N","N","N","Dark - Street Lights","Hit Object","Pedestrian Right of Way","Fixed Object","N","N","N","N"
6688807,"N","Y","Injury (Complaint of Pain)","N",2014,19.9166666666667,"Fall","N","N","Th","N","Y","Y","N","N","N","N","N","Dark - Street Lights","Sideswipe","Automobile Right of Way","Other Motor Vehicle","N","N","N","N"
6688819,"N","Y","Injury (Complaint of Pain)","N",2014,22.65,"Fall","N","N","W","N","Y","Y","N","N","N","N","N","Dark - Street Lights","Overturned","Wrong Side of Road","Fixed Object","N","N","N","N"
6688820,"N","Y","Injury (Complaint of Pain)","N",2014,18,"Fall","PM","N","F","N","Y","Y","N","N","N","N","N","Daylight","Sideswipe","Pedestrian Right of Way","Other Motor Vehicle","N","N","N","N"
6688828,"N","Y","PDO (property damage only)","N",2014,10.5,"Fall","N","N","W","N","Y","Y","N","N","N","N","N","Daylight","Rear End","Wrong Side of Road","Other Motor Vehicle","N","N","N","N"
6688836,"N","N","Injury (Complaint of Pain)","N",2014,7.91666666666667,"Fall","AM","N","Tu","N","Y","N","Y","N","N","N","N","Daylight","Sideswipe","Automobile Right of Way","Other Motor Vehicle","N","N","N","N"
6688844,"N","N","Injury (Complaint of Pain)","N",2014,0.333333333333333,"Fall","N","Y","Th","N","Y","Y","N","N","N","N","N","Dark - Street Lights","Hit Object","Automobile Right of Way","Fixed Object","N","N","N","N"
6688880,"N","Y","PDO (property damage only)","N",2014,16.3333333333333,"Fall","N","N","Su","N","Y","Y","N","N","N","N","N","Daylight","Sideswipe","Automobile Right of Way","Other Motor Vehicle","N","N","N","N"
6688886,"N","Y","Injury (Other Visible)","N",2014,18.4166666666667,"Fall","PM","N","F","Y","N","Y","N","N","N","N","N","Dusk or Dawn","Broadside","Pedestrian Violation","Other Motor Vehicle","N","N","N","N"
6688898,"N","Y","Injury (Complaint of Pain)","N",2014,16.4666666666667,"Fall","PM","N","Tu","Y","N","Y","N","N","N","N","N","Daylight","Broadside","Pedestrian Violation","Other Motor Vehicle","N","N","N","N"
6688923,"N","Y","PDO (property damage only)","N",2014,19.1666666666667,"Fall","N","N","W","Y","N","Y","N","N","N","N","N","Dark - Street Lights","Broadside","Unsafe Starting or Backing","Other Motor Vehicle","N","N","N","N"
6688950,"N","Y","Injury (Other Visible)","N",2014,15.75,"Fall","N","N","Sa","Y","N","Y","N","N","N","N","N","Daylight","Head-On","Lights","Other Motor Vehicle","N","N","N","N"
6688966,"N","Y","PDO (property damage only)","N",2014,15.4166666666667,"Fall","PM","N","W","N","N","Y","N","N","N","N","N","Daylight","Sideswipe","Automobile Right of Way","Other Motor Vehicle","N","N","N","N"
6689017,"N","Y","Injury (Complaint of Pain)","N",2014,17,"Fall","PM","N","W","N","N","Y","N","N","N","N","N","Daylight","Broadside","Pedestrian Violation","Other Motor Vehicle","N","N","N","N"
6689018,"N","Y","Injury (Other Visible)","N",2014,18.9166666666667,"Fall","PM","N","F","N","N","Y","N","N","N","N","N","Dark - Street Lights","Vehicle/Pedestrian","Hazardous Parking","Pedestrian","N","N","Y","N"
6689036,"N","Y","Injury (Other Visible)","N",2014,0.833333333333333,"Fall","N","Y","Su","N","Y","Y","N","N","N","N","N","Dark - Street Lights","Hit Object","Pedestrian Right of Way","Fixed Object","N","N","N","N"
6689076,"N","N","Fatal","Y",2014,8.2,"Fall","AM","N","Tu","N","Y","Y","N","N","N","N","Y","Daylight","Sideswipe","Pedestrian Right of Way","Other Motor Vehicle","N","N","N","N"
6690021,"N","N","Fatal","Y",2014,17.3333333333333,"Fall","PM","N","Th","N","Y","Y","N","N","N","N","N","Daylight","Rear End","Wrong Side of Road","Other Motor Vehicle","N","N","N","N"
6690068,"N","Y","PDO (property damage only)","N",2014,19.1666666666667,"Fall","N","N","F","N","Y","Y","N","N","N","N","Y","Dusk or Dawn","Sideswipe","Wrong Side of Road","Other Motor Vehicle","N","N","N","N"