"CASE_ID","mc_killed","mc_injured","collision_severity","severe","accident_year","hours_since_midnight","season","rush_hour","late_night","day_of_week","intersection","state_hwy_ind","w_clear","w_cloudy","w_rainy","w_other","road_not_dry","road_condition_issue","lighting","type_of_collision","pcf_viol_category","mviw","alcohol_involved","truck_accident","pedestrian_accident","bicycle_accident"
6778003,"N","N","Fatal","Y",2014,0.25,"Fall","N","Y","W","N","Y","Y","N","N","N","N","N","Dark - Street Lights","Overturned","Wrong Side of Road","Other Motor Vehicle","N","N","N","N"
6778016,"N","N","Fatal","Y",2014,18.1666666666667,"Winter","PM","N","Th","N","Y","N","Y","N","N","N","N","Dark - Street Lights","Sideswipe","Pedestrian Right of Way","Other Motor Vehicle","N","N","N","N"
6778048,"N","Y","Injury (Complaint of Pain)","N",2014,15.8333333333333,"Fall","PM","N","Th","N","Y","Y","N","N","N","N","N","Daylight",NA,"Wrong Side of Road",NA,"N","N","N","N"
6778335,"N","Y","PDO (property damage only)","N",2014,14,"Winter","N","N","Th","N","Y","N","Y","N","N","N","N","Daylight","Rear End","Wrong Side of Road","Other Motor Vehicle","N","N","N","N"
6778401,"N","Y","Injury (Complaint of Pain)","N",2014,10.8333333333333,"Winter","N","N","M","N","Y","Y","N","N","N","N","N","Daylight","Rear End","Automobile Right of Way","Other Motor Vehicle","N","N","N","N"
6778753,"N","N","Fatal","Y",2014,11.8333333333333,"Fall","N","N","Th","N","Y","N","Y","N","N","N","N","Daylight","Hit Object","Pedestrian Right of Way","Other Object","N","N","N","N"
6778769,"N","N","Fatal","Y",2014,14.6666666666667,"Fall","N","N","Tu","N","Y","Y","N","N","N","N","N","Daylight","Sideswipe","Automobile Right of Way","Other Motor Vehicle","N","N","N","N"
6778832,"N","N","Fatal","Y",2014,13.3333333333333,"Fall","N","N","Sa","N","Y","Y","N","N","N","N","N","Daylight","Rear End","Wrong Side of Road","Other Motor Vehicle","N","N","N","N"
6778848,"N","N","Fatal","Y",2014,15.1666666666667,"Fall","PM","N","W","N","Y","Y","N","N","N","N","N","Daylight","Rear End","Automobile Right of Way","Other Motor Vehicle","N","N","N","N"
6778961,"N","Y","Injury (Other Visible)","N",2014,16.0833333333333,"Winter","PM","N","Th","N","N","Y","N","N","N","N","N","Daylight","Broadside","Pedestrian Right of Way","Other Motor Vehicle","N","N","N","N"
6779017,"N","Y","Injury (Complaint of Pain)","N",2014,20.75,"Fall","N","N","W","N","Y","Y","N","N","N","N","N","Dark - Street Lights","Hit Object","Pedestrian Right of Way","Other Object","Y","N","N","N"
6779029,"N","Y","Injury (Complaint of Pain)","N",2014,7.75,"Fall","AM","N","Th","N","Y","Y","N","N","N","N","N","Daylight","Sideswipe","Automobile Right of Way","Other Motor Vehicle","N","N","N","N"
6779037,"N","Y","Injury (Complaint of Pain)","N",2014,21.6166666666667,"Fall","N","N","Th","N","Y","N","Y","N","N","Y","N","Dark - Street Lights","Hit Object","Pedestrian Right of Way","Fixed Object","N","N","N","N"
6779120,"N","Y","Injury (Complaint of Pain)","N",2014,19.0833333333333,"Fall","N","N","M","Y","N","Y","N","N","N","N","N","Dark - Street Lights","Broadside","Pedestrian Violation","Other Motor Vehicle","N","N","N","N"
6779209,"N","N","PDO (property damage only)","N",2014,10.5,"Winter","N","N","Tu","N","N","N","Y","N","N","N","N","Daylight","Rear End","Wrong Side of Road","Other Motor Vehicle","N","N","N","N"
6779228,"N","Y","PDO (property damage only)","N",2014,16.8333333333333,"Fall","N","N","Su","N","Y","Y","N","N","N","N","N","Dusk or Dawn","Sideswipe","Automobile Right of Way","Other Motor Vehicle","N","N","N","N"
6779242,"N","Y","PDO (property damage only)","N",2014,10.6666666666667,"Fall","N","N","Th","N","Y","Y","N","N","N","N","N","Daylight","Sideswipe","Automobile Right of Way","Other Motor Vehicle","N","N","N","N"
6779273,"N","Y","Injury (Complaint of Pain)","N",2014,14.4166666666667,"Winter","N","N","M","Y","N","Y","N","N","N","N","N","Daylight","Broadside","Pedestrian Violation","Other Motor Vehicle","N","N","N","N"
6779375,"N","Y","PDO (property damage only)","N",2014,15.4166666666667,"Winter","PM","N","Th","N","N","Y","N","N","N","N","N","Daylight","Broadside","Wrong Side of Road","Fixed Object","N","N","N","N"
6779888,"N","N","Fatal","Y",2014,25,"Fall","N","Y","W","N","N","N","N","Y","N","Y","N","Dark - Street Lights","Rear End","Wrong Side of Road","Parked Motor Vehicle","N","N","N","N"
6780406,"N","Y","PDO (property damage only)","N",2014,11.75,"Fall","N","N","Su","N","Y","Y","N","N","N","N","Y","Daylight","Rear End","Wrong Side of Road","Other Motor Vehicle","N","N","N","N"
6780472,"N","Y","Injury (Complaint of Pain)","N",2014,12.8333333333333,"Winter","N","N","Su","N","Y","Y","N","N","N","N","N","Daylight","Rear End","Wrong Side of Road","Other Motor Vehicle","N","N","N","N"
6780884,"N","Y","PDO (property damage only)","N",2014,20.5833333333333,"Winter","N","N","Tu","N","N","Y","N","N","N","N",NA,"Dark - Street Lights","Other","Automobile Right of Way","Other Motor Vehicle","N","N","N","N"
6781043,"N","Y","PDO (property damage only)","N",2014,9.25,"Fall","N","N","W","N","N","Y","N","N","N","N","N","Daylight","Broadside","Pedestrian Violation","Other Motor Vehicle","N","N","N","N"
6781060,"N","Y","Injury (Complaint of Pain)","N",2014,15.4166666666667,"Winter","N","N","Su","N","N","Y","N","N","N","N","N","Daylight","Broadside","Pedestrian Right of Way","Other Motor Vehicle","N","N","N","N"
6781895,"N","Y","PDO (property damage only)","N",2014,9.33333333333333,"Fall","N","N","Su","N","N","Y","N","N","N","N","N","Daylight","Sideswipe","Wrong Side of Road","Other Motor Vehicle","N","N","N","N"
6781899,"N","Y","Injury (Complaint of Pain)","N",2014,20.5833333333333,"Fall","N","N","W","N","N","Y","N","N","N","N","N","Dark - Street Lights","Head-On","Unsafe Speed","Parked Motor Vehicle","Y","N","N","N"
6782093,"N","Y","Injury (Complaint of Pain)","N",2014,12.25,"Fall","N","N","Su","N","Y","Y","N","N","N","N","N","Daylight","Rear End","Wrong Side of Road","Other Motor Vehicle","N","N","N","N"
6782117,"N","Y","Injury (Complaint of Pain)","N",2014,16.6666666666667,"Fall","PM","N","F","Y","N","Y","N","N","N","N","N","Daylight","Broadside","Pedestrian Violation","Other Motor Vehicle","N","N","N","N"
6782140,"N","N","Fatal","Y",2014,13.6166666666667,"Fall","N","N","Th","N","Y","Y","N","N","N","N","N","Daylight","Sideswipe","Automobile Right of Way","Other Motor Vehicle","N","N","N","N"
6783271,"N","Y","PDO (property damage only)","N",2014,21.3333333333333,"Fall","N","N","M","N","N","Y","N","N","N","N","N","Dark - Street Lights","Sideswipe","Pedestrian Violation","Other Motor Vehicle","Y","N","N","N"
6784682,"N","Y","PDO (property damage only)","N",2014,10,"Fall","N","N","Th","N","Y","Y","N","N","N","N","N","Daylight","Sideswipe","Wrong Side of Road","Other Motor Vehicle","N","N","N","N"
6784768,"N","Y","Injury (Complaint of Pain)","N",2014,6.66666666666667,"Winter","N","N","Tu","N","Y","Y","N","N","N","N","N","Daylight","Other","Automobile Right of Way","Other Motor Vehicle","N","N","N","N"
6784849,"N","N","Fatal","Y",2014,15,"Winter","PM","N","M","N","Y","Y","N","N","N","N","N","Daylight","Sideswipe","Improper Turning","Other Motor Vehicle","N","N","N","N"
6784877,"N","N","Fatal","Y",2014,13.5,"Winter","N","N","W","N","Y","Y","N","N","N","N","N","Daylight","Rear End","Wrong Side of Road","Other Motor Vehicle","N","N","N","N"
6785133,"N","N","Fatal","Y",2014,9.91666666666667,"Fall","N","N","Su","N","N","Y","N","N","N","N","N","Daylight","Broadside","Pedestrian Violation","Other Motor Vehicle","N","N","N","N"
6786206,"N","Y","PDO (property damage only)","N",2014,13.1666666666667,"Winter","N","N","M","Y","N","Y","N","N","N","N","N","Daylight","Head-On","Pedestrian Violation","Other Motor Vehicle","N","N","N","N"
6786210,"N","Y","Injury (Complaint of Pain)","N",2014,7.75,"Fall","N","N","Sa","N","N","Y","N","N","N","N","N","Daylight","Rear End","Improper Passing",NA,"N","N","N","N"
6786266,"N","Y","Injury (Other Visible)","N",2014,13.6666666666667,"Fall","N","N","Sa","Y","N","Y","N","N","N","N","N","Daylight","Head-On","Pedestrian Violation","Other Motor Vehicle","N","N","N","N"
6786306,"N","Y","PDO (property damage only)","N",2014,6,"Fall","N","N","Tu","N","Y","N","Y","N","N","N","N","Dark - Street Lights","Overturned","Wrong Side of Road","Non-Collision","N","N","N","N"
6786312,"N","Y","Injury (Complaint of Pain)","N",2014,3.33333333333333,"Fall","N","Y","Sa","N","Y","N","Y","N","N","Y","N","Dark - Street Lights","Overturned","Unsafe Speed","Fixed Object","Y","N","N","N"
6786787,"N","Y","Injury (Complaint of Pain)","N",2014,14.5,"Winter","N","N","Sa","Y","N","Y","N","N","N","N","N","Daylight","Broadside","Pedestrian Violation","Other Motor Vehicle","N","N","N","N"
6786790,"N","Y","Injury (Complaint of Pain)","N",2014,12.3333333333333,"Winter","N","N","Sa","Y","N","Y","N","N","N","N","N","Daylight","Broadside","Pedestrian Violation","Other Motor Vehicle","N","N","N","N"
6786795,"N","Y","PDO (property damage only)","N",2014,12.0833333333333,"Winter","N","N","W","N","N","Y","N","N","N","N","N","Daylight","Broadside","Pedestrian Right of Way","Other Motor Vehicle","N","N","N","N"
6786796,"N","Y","PDO (property damage only)","N",2014,20.0833333333333,"Winter","N","N","W","Y","N","Y","N","N","N","N","N","Dark - Street Lights","Sideswipe","Impeding Traffic","Other Motor Vehicle","N","N","N","N"
6787208,"N","Y","PDO (property damage only)","N",2014,10.1666666666667,"Winter","N","N","M","N","N","Y","N","N","N","N","N","Daylight","Head-On","Pedestrian Violation","Other Motor Vehicle","N","N","N","N"
6787644,"N","Y","Injury (Complaint of Pain)","N",2014,17,"Winter","PM","N","W","Y","N","Y","N","N","N","N","N","Dark - Street Lights","Other","Other Improper Driving","Non-Collision","N","N","N","N"
6787700,"N","Y","Injury (Complaint of Pain)","N",2014,4.5,"Fall","N","Y","F","Y","N","Y","N","N","N","N","N","Dark - Street Lights","Broadside","Pedestrian Violation","Other Motor Vehicle","N","N","N","N"
6788408,"N","N","Fatal","Y",2014,21.6666666666667,"Fall","N","N","Tu","N","N","N","N","Y","N","Y","N","Dark - Street Lights","Broadside","Pedestrian Violation","Other Motor Vehicle","N","N","N","N"
6790494,"N","Y","PDO (property damage only)","N",2014,16.5,"Winter","N","N","Sa","N","N","Y","N","N","N","N","N","Daylight","Other","Unsafe Starting or Backing","Other Motor Vehicle","N","N","N","N"
6791086,"N","Y","Injury (Complaint of Pain)","N",2014,21.25,"Winter","N","N","M","N","Y","Y","N","N","N","N","N","Dark - Street Lights","Sideswipe","Automobile Right of Way","Other Motor Vehicle","N","N","N","N"
6791117,"N","N","Fatal","Y",2014,15.8333333333333,"Winter","PM","N","W","N","Y","Y","N","N","N","N","N","Daylight","Sideswipe","Automobile Right of Way","Other Motor Vehicle","N","N","N","N"
6791407,"N","Y","Injury (Complaint of Pain)","N",2014,7.25,"Fall","AM","N","Th","N","Y","Y","N","N","N","N","N","Daylight","Sideswipe","Wrong Side of Road","Other Motor Vehicle","N","N","N","N"
6791419,"N","Y","PDO (property damage only)","N",2014,21.65,"Fall","N","N","Sa","N","Y","Y","N","N","N","N","N","Dark - Street Lights","Other","Automobile Right of Way","Non-Collision","N","N","N","N"
6791427,"N","Y","Injury (Complaint of Pain)","N",2014,6.9,"Fall","N","N","F","N","Y","Y","N","N","N","N","N","Daylight","Sideswipe","Automobile Right of Way","Other Motor Vehicle","N","N","N","N"
6791759,"N","N","Fatal","Y",2014,18.8333333333333,"Fall","PM","N","F","N","Y","Y","N","N","N","N",NA,"Dark - No Street Lights","Rear End","Wrong Side of Road","Other Motor Vehicle","N","N","N","N"
6791860,"N","Y","Injury (Complaint of Pain)","N",2014,16.1666666666667,"Fall","PM","N","M","N","Y","Y","N","N","N","N","N","Daylight","Sideswipe","Wrong Side of Road","Other Motor Vehicle","N","N","N","N"
6792043,"N","Y","PDO (property damage only)","N",2014,9.96666666666667,"Winter","N","N","F","N","Y","Y","N","N","N","N","N","Daylight","Overturned","Pedestrian Right of Way","Non-Collision","N","N","N","N"
6792044,"N","Y","PDO (property damage only)","N",2014,7.91666666666667,"Winter","AM","N","F","N","Y","Y","N","N","N","N","N","Daylight","Sideswipe","Automobile Right of Way","Other Motor Vehicle","N","N","N","N"
6792049,"N","Y","Injury (Complaint of Pain)","N",2014,8,"Winter","AM","N","Th","N","Y","N","Y","N","N","N","N","Daylight","Sideswipe","Wrong Side of Road","Other Motor Vehicle","N","N","N","N"
6792052,"N","Y","Injury (Complaint of Pain)","N",2014,17.5833333333333,"Winter","PM","N","W","N","Y","Y","N","N","N","N","N","Dark - Street Lights","Overturned","Pedestrian Right of Way","Non-Collision","N","N","N","N"
6792053,"N","Y","Injury (Complaint of Pain)","N",2014,10.3333333333333,"Winter","N","N","W","N","Y","N","Y","N","N","N","N","Daylight","Rear End","Wrong Side of Road","Other Motor Vehicle","N","N","N","N"
6794973,"N","Y","Injury (Complaint of Pain)","N",2014,10.3666666666667,"Fall","N","N","Th","N","Y","Y","N","N","N","N","N",NA,"Sideswipe","Automobile Right of Way","Other Motor Vehicle","N","N","N","N"
6794993,"N","Y","Injury (Complaint of Pain)","N",2014,16.5833333333333,"Fall","PM","N","M","N","Y","Y","N","N","N","N","Y","Dark - No Street Lights","Sideswipe","Automobile Right of Way","Other Motor Vehicle","N","N","N","N"
6795049,"N","Y","Injury (Complaint of Pain)","N",2014,17.5,"Winter","PM","N","Tu","N","Y","Y","N","N","N","N","N","Dark - Street Lights","Sideswipe","Wrong Side of Road","Other Motor Vehicle","N","N","N","N"
6795061,"N","Y","Injury (Complaint of Pain)","N",2014,8.16666666666667,"Winter","AM","N","Tu","N","Y","Y","N","N","N","N","N","Daylight","Rear End","Wrong Side of Road","Other Motor Vehicle","N","N","N","N"
6795138,"N","Y","Injury (Complaint of Pain)","N",2014,9.83333333333333,"Winter","N","N","Tu","N","Y","N","Y","N","N","N","N","Daylight","Sideswipe","Automobile Right of Way","Other Motor Vehicle","N","N","N","N"
6795154,"N","Y","Injury (Complaint of Pain)","N",2014,13.25,"Winter","N","N","Sa","N","Y","Y","N","N","N","N","N","Daylight","Overturned","Pedestrian Right of Way","Non-Collision","N","N","N","N"
6795158,"N","Y","Injury (Complaint of Pain)","N",2014,19.8333333333333,"Winter","N","N","F","N","Y","Y","N","N","N","N","N","Dark - Street Lights","Overturned","Wrong Side of Road","Non-Collision","N","N","N","N"
6795162,"N","Y","Injury (Complaint of Pain)","N",2014,23.75,"Winter","N","Y","F","N","Y","Y","N","N","N","N","N","Dark - Street Lights","Overturned","Pedestrian Right of Way","Non-Collision","N","N","N","N"
6795182,"N","Y","Injury (Complaint of Pain)","N",2014,0.916666666666667,"Winter","N","Y","F","N","Y","Y","N","N","N","N","N","Dusk or Dawn","Hit Object","Unsafe Speed","Fixed Object","Y","N","N","N"
6795206,"N","Y","PDO (property damage only)","N",2014,18.3333333333333,"Fall","PM","N","W","N","Y","Y","N","N","N","N","N","Dark - Street Lights","Sideswipe","Automobile Right of Way","Other Motor Vehicle","N","N","N","N"
6795246,"N","Y","PDO (property damage only)","N",2014,9,"Fall","AM","N","F","N","Y","Y","N","N","N","N","N","Daylight","Sideswipe","Automobile Right of Way","Other Motor Vehicle","N","N","N","N"
6795265,"N","Y","PDO (property damage only)","N",2014,7.38333333333333,"Fall","AM","N","F","N","Y","Y","N","N","N","N","N","Daylight","Broadside","Pedestrian Right of Way","Other Motor Vehicle","N","N","N","N"
6795295,"N","Y","PDO (property damage only)","N",2014,18.25,"Winter","PM","N","W","N","N","Y","N","N","N","N","N","Dark - Street Lights","Broadside","Pedestrian Violation","Other Motor Vehicle","N","N","N","N"
6795299,"N","Y","Injury (Other Visible)","N",2014,12.5,"Winter","N","N","F","N","N","Y","N","N","N","N","N","Daylight","Rear End","Wrong Side of Road","Parked Motor Vehicle","N","N","N","N"
6803100,"N","Y","Injury (Complaint of Pain)","N",2014,19.25,"Winter","N","N","Tu","Y","N","Y","N","N","N","N","N","Dark - Street Lights","Broadside","Pedestrian Violation","Other Motor Vehicle","N","N","N","N"
6803536,"N","N","PDO (property damage only)","N",2014,18,"Winter","N","N","Su","Y","N","Y","N","N","N","N","N","Dark - Street Lights","Head-On","Pedestrian Violation","Other Motor Vehicle","N","N","N","N"
6803540,"N","Y","Injury (Complaint of Pain)","N",2014,17.6666666666667,"Fall","N","N","Sa","N","N","Y","N","N","N","N","N","Dark - Street Lights","Sideswipe","Improper Turning","Other Motor Vehicle","N","N","N","N"
6803661,"N","Y","Injury (Complaint of Pain)","N",2014,13.75,"Winter","N","N","Th","N","Y","Y","N","N","N","N","N","Daylight","Rear End","Automobile Right of Way","Other Motor Vehicle","N","N","N","N"
6808897,"N","Y","PDO (property damage only)","N",2014,12.75,"Winter","N","N","Tu","N","Y","Y","N","N","N","N","N","Daylight",NA,"Automobile Right of Way","Non-Collision","N","N","N","N"
6808910,"Y","N","Injury (Severe)","Y",2014,12.3333333333333,"Fall","N","N","Su","Y","N","Y","N","N","N","N","N","Daylight","Sideswipe","Impeding Traffic","Other Motor Vehicle","N","N","N","N"
6811007,"N","N","PDO (property damage only)","N",2014,18.25,"Winter","N","N","Sa","Y","N","Y","N","N","N","N","N","Dark - Street Lights","Vehicle/Pedestrian","Pedestrian Right of Way","Pedestrian","N","N","Y","N"
6811015,"N","Y","Injury (Complaint of Pain)","N",2014,20.5,"Winter","N","N","F","N","N","Y","N","N","N","N","N","Dark - Street Lights","Rear End","Unsafe Speed","Other Motor Vehicle","Y","N","N","N"
6811027,"N","Y","PDO (property damage only)","N",2014,17,"Fall","N","N","Su","Y","N","Y","N","N","N","N","N","Dark - Street Lights","Broadside","Pedestrian Right of Way","Other Motor Vehicle","N","N","N","N"
6811053,"N","Y","PDO (property damage only)","N",2014,13.1666666666667,"Winter","N","N","F","Y","N","Y","N","N","N","N","N","Daylight","Sideswipe","Driving or Bicycling Under the Influence of Alcohol or Drug","Other Motor Vehicle","N","N","N","N"
6811057,"N","Y","Injury (Complaint of Pain)","N",2014,9,"Winter","N","N","Sa","Y","N","Y","N","N","N","N","N","Daylight","Other","Impeding Traffic","Fixed Object","N","N","N","N"
6811073,"N","Y","Injury (Complaint of Pain)","N",2014,18.75,"Winter","N","N","Sa","N","N","Y","N","N","N","N","N","Dark - Street Lights","Sideswipe","Wrong Side of Road","Other Motor Vehicle","N","N","N","N"
6811089,"N","Y","PDO (property damage only)","N",2014,15.6666666666667,"Winter","PM","N","Tu","N","N","Y","N","N","N","Y","N","Dusk or Dawn","Sideswipe","Pedestrian Right of Way","Other Motor Vehicle","N","N","N","N"
6811108,"N","Y","PDO (property damage only)","N",2014,17.9166666666667,"Winter","PM","N","F","N","N","Y","N","N","N","N","N","Dark - Street Lights","Other","Wrong Side of Road","Other Object","N","N","N","N"
6811112,"N","Y","Injury (Complaint of Pain)","N",2014,11.8333333333333,"Winter","N","N","Su","Y","N","Y","N","N","N","N","N","Daylight","Sideswipe","Pedestrian Violation","Other Motor Vehicle","N","N","N","N"
6817526,"N","Y","Injury (Other Visible)","N",2014,15.3333333333333,"Winter","PM","N","M","Y","N","Y","N","N","N","N","N","Daylight","Broadside","Wrong Side of Road","Other Motor Vehicle","N","N","N","N"
6817626,"N","Y","PDO (property damage only)","N",2014,15.25,"Fall","N","N","Sa","N","N","Y","N","N","N","N","N","Daylight","Rear End","Improper Passing","Other Motor Vehicle","N","N","N","N"
6817674,"N","Y","PDO (property damage only)","N",2014,5.98333333333333,"Winter","N","N","Th","N","Y","N","Y","N","N","Y","N","Dark - Street Lights","Overturned","Wrong Side of Road","Non-Collision","N","N","N","N"
6827336,"N","Y","Injury (Complaint of Pain)","N",2014,1.33333333333333,"Winter","N","Y","W","N","Y","Y","N","N","N","N","N","Dark - Street Lights","Rear End","Wrong Side of Road","Other Motor Vehicle","N","N","N","N"
6827460,"N","N","PDO (property damage only)","N",2014,1,"Winter","N","Y","W","N","N","Y","N","N","N","N","N","Dark - Street Lights","Head-On","Unsafe Lane Change","Parked Motor Vehicle","N","N","N","N"
6854013,"Y","N","Injury (Severe)","Y",2014,21,"Fall","N","N","M","N","Y","Y","N","N","N","N","N","Dark - Street Lights","Rear End","Wrong Side of Road","Other Motor Vehicle","N","N","N","N"
6894789,"N","Y","Injury (Complaint of Pain)","N",2014,7.91666666666667,"Winter","AM","N","F","N","N","N","N","Y","N","Y","N","Daylight","Sideswipe","Pedestrian Right of Way","Motor Vehicle on Other Roadway","N","N","N","N"
6909629,"N","N","Fatal","Y",2014,3.66666666666667,"Fall","N","Y","Su","N","N","Y","N","N","N","N","N","Dark - Street Lights",NA,"Unsafe Speed","Parked Motor Vehicle","Y","N","N","N"
6977457,"N","N","PDO (property damage only)","N",2014,21.5,"Spring","N","N","Su","Y","N","Y","N","N","N","N","N","Dark - Street Lights","Broadside","Wrong Side of Road","Other Motor Vehicle","Y","N","N","N"
6986952,"N","Y","Injury (Other Visible)","N",2014,15.5833333333333,"Fall","PM","N","Tu","N","N","Y","N","N","N","N","N","Daylight","Broadside","Pedestrian Violation","Other Motor Vehicle","N","N","N","N"
7006042,"Y","N","Injury (Severe)","Y",2014,16.7333333333333,"Fall","N","N","Sa","N","Y","Y","N","N","N","N","Y","Daylight","Sideswipe","Pedestrian Right of Way","Other Motor Vehicle","N","N","N","N"
8019125,"N","Y","Injury (Complaint of Pain)","N",2014,23.8333333333333,"Summer","N","Y","Tu","N","Y","Y","N","N","N","N","N","Dark - No Street Lights","Hit Object","Pedestrian Right of Way","Fixed Object","N","N","N","N"
6292141,"Y","N","Injury (Severe)","Y",2015,17,"Winter","PM","N","Tu","N","Y","Y","N","N","N","N","N","Dusk or Dawn","Overturned","Wrong Side of Road","Non-Collision","N","Y","N","N"
6292153,"Y","N","Injury (Severe)","Y",2015,9.5,"Winter","N","N","Su","N","Y","Y","N","N","N","N","N","Daylight","Hit Object","Pedestrian Right of Way","Fixed Object","N","N","N","N"
6292269,"Y","N","Injury (Severe)","Y",2015,22.1666666666667,"Spring","N","N","M","Y","N","Y","N","N","N","N","N","Dark - Street Lights","Head-On","Pedestrian Violation","Other Motor Vehicle","N","N","N","N"
6292272,"Y","N","Injury (Severe)","Y",2015,0.0833333333333333,"Winter","N","Y","F","N","Y","Y","N","N","N","N","N","Dark - Street Lights","Hit Object","Pedestrian Right of Way","Fixed Object","N","N","N","N"
6292458,"Y","N","Injury (Severe)","Y",2015,14,"Summer","N","N","Su","N","N","Y","N","N","N","N","N","Daylight","Hit Object","Wrong Side of Road","Fixed Object","N","N","N","N"
6292464,"Y","N","Injury (Severe)","Y",2015,14.8333333333333,"Summer","N","N","M","Y","N","Y","N","N","N","N","N","Daylight","Head-On","Pedestrian Violation","Other Motor Vehicle","N","N","N","N"
6292553,"Y","N","Injury (Severe)","Y",2015,21.0833333333333,"Spring","N","N","Th","Y","N","Y","N","N","N","N","Y","Dark - Street Lights","Broadside","Pedestrian Violation","Other Motor Vehicle","N","N","N","N"
6292594,"Y","N","Injury (Severe)","Y",2015,20.7,"Summer","N","N","Sa","N","N","Y","N","N","N","N","N","Dark - Street Lights","Broadside","Pedestrian Right of Way","Other Motor Vehicle","N","N","N","N"
6292701,"Y","N","Injury (Severe)","Y",2015,12.8333333333333,"Summer","N","N","Th","Y","N","Y","N","N","N","N","N","Daylight","Broadside","Wrong Side of Road","Other Motor Vehicle","N","N","N","N"
6292829,"Y","N","Injury (Severe)","Y",2015,22.8833333333333,"Summer","N","N","M","N","Y","Y","N","N","N","N","N","Dark - Street Lights","Hit Object","Pedestrian Right of Way","Fixed Object","N","N","N","N"
6678153,"Y","N","Injury (Severe)","Y",2015,14.5833333333333,"Winter","N","N","F","Y","N","Y","N","N","N","N","N","Daylight","Broadside","Pedestrian Violation","Other Motor Vehicle","N","N","N","N"
6718345,"Y","N","Injury (Severe)","Y",2015,7.25,"Winter","N","N","Sa","Y","N","Y","N","N","N","N","N","Daylight","Broadside","Lights","Other Motor Vehicle","N","N","N","N"
6718528,"Y","N","Injury (Severe)","Y",2015,14.4333333333333,"Spring","N","N","Tu","Y","N","Y","N","N","N","N","N","Daylight","Broadside","Pedestrian Violation","Other Motor Vehicle","N","N","N","N"
6766124,"N","Y","PDO (property damage only)","N",2015,18.5833333333333,"Winter","PM","N","Tu","Y","N","Y","N","N","N","N","N","Dark - Street Lights","Head-On","Unsafe Lane Change","Other Motor Vehicle","N","N","N","N"
6769223,"N","N","Fatal","Y",2015,20.6666666666667,"Spring","N","N","Su","N","N","Y","N","N","N","N","Y","Dark - Street Lights","Sideswipe","Wrong Side of Road","Other Motor Vehicle","N","N","N","N"
6769518,"N","Y","Injury (Complaint of Pain)","N",2015,20.6666666666667,"Spring","N","N","Sa","N","N","Y","N","N","N","N","N","Dark - Street Lights","Broadside","Pedestrian Violation","Other Motor Vehicle","N","N","N","N"
6778973,"N","Y","PDO (property damage only)","N",2015,12.4166666666667,"Winter","N","N","M","Y","N","Y","N","N","N","N","N","Daylight","Broadside","Lights","Other Motor Vehicle","N","N","N","N"
6782750,"N","Y","Injury (Complaint of Pain)","N",2015,19.5,"Winter","N","N","Su","Y","N","Y","N","N","N","N","N","Dark - Street Lights","Broadside","Pedestrian Violation","Other Motor Vehicle","N","N","N","N"
6782794,"N","Y","Injury (Complaint of Pain)","N",2015,10.75,"Winter","N","N","Sa","N","N","Y","N","N","N","N","N","Daylight","Rear End","Automobile Right of Way","Other Motor Vehicle","N","N","N","N"
6782815,"N","Y","Injury (Complaint of Pain)","N",2015,7.66666666666667,"Winter","AM","N","W","N","N","Y","N","N","N","N","N","Daylight","Vehicle/Pedestrian","Traffic Signals and Signs","Pedestrian","N","N","Y","N"
6783776,"N","Y","Injury (Other Visible)","N",2015,18.8333333333333,"Winter","PM","N","Th","N","N","Y","N","N","N","N","N","Dark - Street Lights","Other","Unsafe Speed","Non-Collision","Y","N","N","N"
6784099,"N","Y","PDO (property damage only)","N",2015,17.4166666666667,"Winter","PM","N","Tu","Y","N","Y","N","N","N","N","N","Dark - Street Lights","Sideswipe","Pedestrian Violation","Other Motor Vehicle","N","N","N","N"
6785427,"N","Y","Injury (Complaint of Pain)","N",2015,12.3333333333333,"Winter","N","N","Tu","N","N","Y","N","N","N","N","N","Daylight","Broadside","Pedestrian Violation","Other Motor Vehicle","N","N","N","N"
6787142,"N","Y","Injury (Complaint of Pain)","N",2015,17.0833333333333,"Winter","N","N","Sa","N","N","Y","N","N","N","N","N","Dark - Street Lights","Broadside","Pedestrian Violation","Other Motor Vehicle","N","N","N","N"
6787154,"N","Y","PDO (property damage only)","N",2015,1.58333333333333,"Winter","N","Y","Th","N","Y","Y","N","N","N","N","N","Dark - Street Lights","Sideswipe","Automobile Right of Way","Other Motor Vehicle","N","N","N","N"
6787206,"N","Y","Injury (Complaint of Pain)","N",2015,19.6833333333333,"Winter","N","N","F","N","N","Y","N","N","N","N","N","Dark - Street Lights","Broadside","Pedestrian Right of Way","Other Motor Vehicle","N","N","N","N"
6787209,"N","Y","Injury (Complaint of Pain)","N",2015,17.75,"Winter","PM","N","Tu","N","N","Y","N","N","N","N","N","Daylight","Sideswipe","Automobile Right of Way","Other Motor Vehicle","N","N","N","N"
6787273,"N","Y","Injury (Other Visible)","N",2015,20.8333333333333,"Winter","N","N","M","N","N","Y","N","N","N","N","N","Dark - Street Lights","Vehicle/Pedestrian","Hazardous Parking","Pedestrian","N","N","Y","N"
6787274,"N","Y","Injury (Other Visible)","N",2015,18,"Winter","PM","N","M","Y","N","Y","N","N","N","N","N","Dark - Street Lights","Broadside","Pedestrian Violation","Other Motor Vehicle","N","N","N","N"
6787975,"N","Y","Injury (Complaint of Pain)","N",2015,16.5833333333333,"Winter","PM","N","Th","Y","Y","Y","N","N","N","N","N","Daylight","Rear End","Pedestrian Right of Way","Other Motor Vehicle","N","N","N","N"