"CASE_ID","mc_killed","mc_injured","collision_severity","severe","accident_year","hours_since_midnight","season","rush_hour","late_night","day_of_week","intersection","state_hwy_ind","w_clear","w_cloudy","w_rainy","w_other","road_not_dry","road_condition_issue","lighting","type_of_collision","pcf_viol_category","mviw","alcohol_involved","truck_accident","pedestrian_accident","bicycle_accident"
6829214,"N","Y","Injury (Other Visible)","N",2015,13.1666666666667,"Winter","N","N","Tu","Y","N","Y","N","N","N","N","N","Daylight","Broadside","Pedestrian Violation","Other Motor Vehicle","N","N","N","N"
6829216,"N","Y","Injury (Complaint of Pain)","N",2015,12.6666666666667,"Winter","N","N","M","N","N","Y","N","N","N","N","N","Daylight","Rear End","Pedestrian Violation","Other Motor Vehicle","N","N","N","N"
6829217,"N","Y","Injury (Complaint of Pain)","N",2015,19.3333333333333,"Winter","N","N","F","N","N","Y","N","N","N","N","N","Dark - Street Lights","Broadside","Pedestrian Violation","Other Motor Vehicle","N","N","N","N"
6829221,"N","Y","Injury (Complaint of Pain)","N",2015,6.5,"Winter","N","N","Tu","N","N","Y","N","N","N","N","N","Daylight","Other","Pedestrian Right of Way","Other Motor Vehicle","N","N","N","N"
6829225,"N","Y","Injury (Complaint of Pain)","N",2015,20.0833333333333,"Winter","N","N","Tu","N","N","Y","N","N","N","N","N","Dark - Street Lights","Sideswipe","Automobile Right of Way","Other Motor Vehicle","N","N","N","N"
6829230,"N","Y","PDO (property damage only)","N",2015,15.75,"Winter","PM","N","M","N","N","Y","N","N","N","N","N","Daylight","Rear End","Wrong Side of Road","Other Motor Vehicle","N","N","N","N"
6829235,"N","Y","Injury (Complaint of Pain)","N",2015,12.5,"Winter","N","N","M","N","N","Y","N","N","N","N","N","Daylight","Broadside","Pedestrian Violation","Other Motor Vehicle","N","N","N","N"
6829237,"N","Y","Injury (Complaint of Pain)","N",2015,9.83333333333333,"Winter","N","N","Tu","Y","N","Y","N","N","N","N","N","Daylight","Rear End","Automobile Right of Way","Other Motor Vehicle","N","N","N","N"
6829260,"N","Y","PDO (property damage only)","N",2015,18.4,"Winter","PM","N","W","Y","N","Y","N","N","N","N","N","Dark - Street Lights","Broadside","Pedestrian Violation","Other Motor Vehicle","N","N","N","N"
6829275,"N","Y","Injury (Complaint of Pain)","N",2015,19.5,"Winter","N","N","W","Y","N","Y","N","N","N","N","N","Dark - Street Lights","Other","Lights","Fixed Object","N","N","N","N"
6829308,"N","Y","Injury (Complaint of Pain)","N",2015,12.8333333333333,"Winter","N","N","Tu","N","N","Y","N","N","N","N","N","Daylight","Broadside","Pedestrian Violation","Other Motor Vehicle","N","Y","N","N"
6829316,"N","Y","PDO (property damage only)","N",2015,8.16666666666667,"Winter","AM","N","Tu","Y","N","Y","N","N","N","N","N","Daylight","Broadside","Pedestrian Violation","Other Motor Vehicle","N","N","N","N"
6832113,"N","Y","PDO (property damage only)","N",2015,20.6666666666667,"Winter","N","N","F","N","N","Y","N","N","N","N","N","Dark - Street Lights","Sideswipe","Automobile Right of Way","Other Motor Vehicle","N","N","N","N"
6832133,"N","Y","PDO (property damage only)","N",2015,22,"Winter","N","N","W","N","N","Y","N","N","N","N","N","Dark - Street Lights","Sideswipe","Automobile Right of Way","Other Motor Vehicle","N","N","N","N"
6832153,"N","Y","PDO (property damage only)","N",2015,22.75,"Winter","N","N","W","N","N","Y","N","N","N","N","N","Dark - No Street Lights","Overturned","Wrong Side of Road","Other Object","N","N","N","N"
6832899,"N","Y","PDO (property damage only)","N",2015,16.1666666666667,"Winter","N","N","Sa","N","N","Y","N","N","N","N","N","Daylight","Broadside","Lights","Other Object","N","N","N","N"
6833006,"N","N","Fatal","Y",2015,18,"Winter","PM","N","M","N","N","Y","N","N","N","N","N","Dusk or Dawn","Rear End","Unsafe Starting or Backing","Parked Motor Vehicle","N","N","N","N"
6833391,"N","N","Injury (Complaint of Pain)","N",2015,8,"Winter","AM","N","M","N","N","Y","N","N","Y","N","N","Daylight","Rear End","Wrong Side of Road","Parked Motor Vehicle","N","N","N","N"
6833716,"N","Y","Injury (Other Visible)","N",2015,8.58333333333333,"Winter","AM","N","Tu","N","N","Y","N","N","N","N","N","Daylight","Broadside","Wrong Side of Road","Other Motor Vehicle","N","N","N","N"
6833737,"N","Y","Injury (Complaint of Pain)","N",2015,21.25,"Winter","N","N","W","N","N","Y","N","N","N","N","N","Dark - Street Lights","Rear End","Wrong Side of Road","Other Motor Vehicle","N","N","N","N"
6834893,"N","Y","Injury (Complaint of Pain)","N",2015,8,"Winter","AM","N","Th","Y","N","Y","N","N","N","N","N","Daylight","Broadside","Pedestrian Violation","Other Motor Vehicle","N","N","N","N"
6835443,"N","Y","Injury (Complaint of Pain)","N",2015,8.63333333333333,"Winter","AM","N","Tu","N","Y","Y","N","N","N","N","N","Daylight","Hit Object","Pedestrian Right of Way","Fixed Object","N","N","N","N"
6835444,"N","Y","Injury (Complaint of Pain)","N",2015,15.3333333333333,"Winter","PM","N","W","N","Y","Y","N","N","N","N","N","Daylight","Sideswipe","Automobile Right of Way","Other Motor Vehicle","N","N","N","N"
6835457,"N","Y","PDO (property damage only)","N",2015,16.4166666666667,"Winter","N","N","Su","N","Y","Y","N","N","N","N","N","Daylight","Overturned","Pedestrian Right of Way","Non-Collision","N","N","N","N"
6835460,"N","Y","Injury (Complaint of Pain)","N",2015,7.75,"Winter","N","N","Sa","N","Y","Y","N","N","N","N","N","Daylight","Rear End","Wrong Side of Road","Other Motor Vehicle","N","N","N","N"
6835468,"N","Y","Injury (Complaint of Pain)","N",2015,19.0833333333333,"Winter","N","N","M","N","Y","Y","N","N","N","N","N","Dark - No Street Lights","Overturned","Pedestrian Right of Way","Non-Collision","N","N","N","N"
6835912,"N","Y","Injury (Complaint of Pain)","N",2015,12.8333333333333,"Spring","N","N","Su","N","N","Y","N","N","N","N","N","Daylight","Rear End","Automobile Right of Way","Parked Motor Vehicle","N","N","N","N"
6836509,"N","Y","Injury (Complaint of Pain)","N",2015,8.66666666666667,"Winter","N","N","Sa","N","Y","Y","N","N","N","N","Y","Daylight","Sideswipe","Automobile Right of Way","Other Motor Vehicle","N","N","N","N"
6836561,"N","Y","PDO (property damage only)","N",2015,23.5,"Winter","N","Y","Su","N","N","Y","N","N","N","N","N","Dark - Street Lights","Rear End","Wrong Side of Road","Parked Motor Vehicle","N","N","N","N"
6836567,"N","Y","Injury (Complaint of Pain)","N",2015,23.9166666666667,"Winter","N","Y","Sa","Y","N","N","Y","N","N","N","N","Dark - Street Lights","Overturned","Wrong Side of Road","Other Object","N","N","N","N"
6837488,"N","Y","Injury (Complaint of Pain)","N",2015,20.9166666666667,"Winter","N","N","Sa","N","N","Y","N","N","N","N","N","Dark - Street Lights","Sideswipe","Unsafe Speed","Other Motor Vehicle","Y","N","N","N"
6837678,"N","Y","Injury (Complaint of Pain)","N",2015,12.5,"Winter","N","N","Sa","N","N","N","Y","N","N","N","Y","Daylight","Hit Object","Wrong Side of Road","Fixed Object","N","N","N","N"
6837733,"N","Y","Injury (Complaint of Pain)","N",2015,20.1666666666667,"Winter","N","N","Tu","N","N","Y","N","N","N","N","N","Dark - Street Lights","Head-On","Wrong Side of Road","Other Motor Vehicle","N","N","N","N"
6837842,"N","Y","Injury (Complaint of Pain)","N",2015,16.75,"Winter","PM","N","Tu","N","N","Y","N","N","N","N","N","Dusk or Dawn","Broadside","Pedestrian Right of Way","Other Motor Vehicle","N","N","N","N"
6837887,"N","N","Fatal","Y",2015,13.7833333333333,"Winter","N","N","Th","N","N","Y","N","N","N","N","N","Daylight","Rear End","Unsafe Speed","Other Motor Vehicle","Y","N","N","N"
6838199,"N","Y","Injury (Complaint of Pain)","N",2015,8.8,"Winter","AM","N","W","N","N","Y","N","N","N","N","N","Daylight",NA,"Wrong Side of Road","Other Object","N","N","N","N"
6838396,"N","Y","PDO (property damage only)","N",2015,10.0833333333333,"Winter","N","N","W","Y","N","Y","N","N","N","N","N","Daylight","Rear End","Wrong Side of Road","Other Motor Vehicle","N","N","N","N"
6839161,"N","N","Fatal","Y",2015,14.0833333333333,"Winter","N","N","Th","Y","N","Y","N","N","N","N","N","Daylight","Rear End","Lights","Other Motor Vehicle","N","N","N","N"
6839165,"N","N","Fatal","Y",2015,22.3333333333333,"Winter","N","N","F","N","N","Y","N","N","N","N","N","Dark - Street Lights","Rear End","Wrong Side of Road","Parked Motor Vehicle","N","N","N","N"
6839166,"N","N","Fatal","Y",2015,22.25,"Winter","N","N","F","N","N","Y","N","N","N","N","N","Dark - Street Lights","Sideswipe","Unsafe Starting or Backing","Parked Motor Vehicle","N","N","N","N"
6839546,"N","N","Fatal","Y",2015,16.3333333333333,"Winter","PM","N","M","N","N","Y","N","N","N","N","N","Daylight","Sideswipe","Automobile Right of Way","Other Motor Vehicle","N","N","N","N"
6839600,"N","Y","Injury (Other Visible)","N",2015,15,"Winter","PM","N","M","N","N","Y","N","N","N","N","N","Daylight","Head-On","Wrong Side of Road","Other Object","N","N","N","N"
6839747,"N","Y","Injury (Complaint of Pain)","N",2015,1.06666666666667,"Winter","N","Y","W","Y","N","Y","N","N","N","N","N","Dark - Street Lights","Rear End","Pedestrian Right of Way","Other Motor Vehicle","N","N","N","N"
6839976,"N","Y","PDO (property damage only)","N",2015,8.41666666666667,"Winter","AM","N","Tu","N","N","Y","N","N","N","N","N","Daylight","Broadside","Pedestrian Violation","Other Motor Vehicle","N","N","N","N"
6840407,"N","Y","Injury (Other Visible)","N",2015,12.6666666666667,"Winter","N","N","F","Y","Y","N","Y","N","N","N","N","Daylight","Broadside","Pedestrian Violation","Other Motor Vehicle","N","N","N","N"
6840411,"N","Y","Injury (Complaint of Pain)","N",2015,19.8333333333333,"Winter","N","N","Th","N","N","Y","N","N","N","N","N","Dark - Street Lights","Sideswipe","Pedestrian Right of Way","Other Motor Vehicle","N","N","N","N"
6840440,"N","Y","Injury (Complaint of Pain)","N",2015,11.4166666666667,"Winter","N","N","Th","Y","N","Y","N","N","N","N","N","Daylight","Broadside","Pedestrian Violation","Other Motor Vehicle","N","N","N","N"
6840464,"N","Y","PDO (property damage only)","N",2015,7.25,"Winter","AM","N","M","N","N","Y","N","N","N","N","N","Daylight","Sideswipe","Pedestrian Right of Way","Other Motor Vehicle","N","N","N","N"
6840476,"N","Y","Injury (Other Visible)","N",2015,15.25,"Winter","N","N","Su","Y","N","Y","N","N","N","N","N","Daylight","Broadside","Lights","Other Motor Vehicle","N","N","N","N"
6841521,"N","Y","PDO (property damage only)","N",2015,14,"Winter","N","N","Sa","N","N","Y","N","N","N","N","N","Daylight","Overturned","Pedestrian Right of Way","Non-Collision","N","N","N","N"
6841564,"N","Y","PDO (property damage only)","N",2015,13,"Winter","N","N","W","N","N","Y","N","N","N","N","N","Daylight","Broadside","Pedestrian Violation","Other Motor Vehicle","N","N","N","N"
6841566,"N","Y","Injury (Complaint of Pain)","N",2015,19,"Winter","PM","N","F","Y","N","Y","N","N","N","N","N","Daylight","Other","Wrong Side of Road","Other Object","N","N","N","N"
6841818,"N","Y","Injury (Other Visible)","N",2015,14.6666666666667,"Winter","N","N","M","Y","N","Y","N","N","N","N","N","Daylight","Head-On","Pedestrian Violation","Other Motor Vehicle","N","N","N","N"
6841957,"N","Y","Injury (Complaint of Pain)","N",2015,7.33333333333333,"Winter","AM","N","M","Y","N","Y","N","N","N","N","N","Daylight","Other","Wrong Side of Road","Other Object","N","N","N","N"
6842168,"N","Y","Injury (Other Visible)","N",2015,4.75,"Winter","N","Y","Tu","Y","N","Y","N","N","N","N","N","Dark - Street Lights","Broadside","Pedestrian Violation","Other Motor Vehicle","N","N","N","N"
6842179,"N","Y","Injury (Complaint of Pain)","N",2015,17.6666666666667,"Winter","PM","N","Th","N","N","Y","N","N","N","N","N","Daylight","Broadside","Pedestrian Violation","Other Motor Vehicle","N","N","N","N"
6842354,"N","N","Fatal","Y",2015,15.5833333333333,"Spring","N","N","Su","N","N","Y","N","N","N","N","N","Daylight","Rear End","Improper Passing","Other Motor Vehicle","Y","N","N","N"
6842362,"N","N","Fatal","Y",2015,18.75,"Winter","PM","N","Th","N","N","Y","N","N","N","N","N","Dark - Street Lights","Sideswipe","Automobile Right of Way","Other Motor Vehicle","N","N","N","N"
6843056,"N","Y","Injury (Complaint of Pain)","N",2015,16.3333333333333,"Winter","PM","N","M","Y","N","Y","N","N","N","N","N","Daylight","Broadside","Lights","Other Motor Vehicle","N","N","N","N"
6843061,"N","Y","Injury (Complaint of Pain)","N",2015,10.6666666666667,"Winter","N","N","Su","Y","N","Y","N","N","N","N","N","Daylight","Broadside","Pedestrian Violation","Other Motor Vehicle","N","N","N","N"
6843384,"N","N","Injury (Complaint of Pain)","N",2015,9,"Winter","AM","N","W","Y","N","Y","N","N","N","N",NA,"Daylight","Broadside","Pedestrian Violation","Other Motor Vehicle","N","N","N","N"
6843387,"N","Y","Injury (Complaint of Pain)","N",2015,10.5,"Winter","N","N","Th","Y","N","Y","N","N","N","N","N","Daylight","Hit Object","Wrong Side of Road","Fixed Object","N","N","N","N"
6843680,"N","Y","PDO (property damage only)","N",2015,9.75,"Winter","N","N","Tu","N","Y","Y","N","N","N","N","N","Daylight","Overturned","Wrong Side of Road","Non-Collision","N","N","N","N"
6843702,"N","N","Injury (Complaint of Pain)","N",2015,14,"Winter","N","N","Tu","N","N","Y","N","N","N","N","N","Daylight","Broadside","Pedestrian Right of Way","Other Motor Vehicle","N","N","N","N"
6843706,"N","Y","Injury (Complaint of Pain)","N",2015,19,"Winter","PM","N","W","N","N","Y","N","N","N","N","N","Dark - Street Lights","Rear End","Wrong Side of Road","Other Motor Vehicle","N","N","N","N"
6843753,"N","Y","PDO (property damage only)","N",2015,13,"Winter","N","N","F","N","N","N","Y","N","N","N","N","Daylight","Rear End","Wrong Side of Road","Other Motor Vehicle","N","N","N","N"
6844575,"N","Y","Injury (Complaint of Pain)","N",2015,12.4166666666667,"Winter","N","N","W","N","N","Y","N","N","N","N","N","Daylight","Other","Pedestrian Right of Way","Non-Collision","N","N","N","N"
6844738,"N","Y","PDO (property damage only)","N",2015,9.5,"Winter","N","N","Th","N","N","Y","N","N","N","N","N","Daylight","Sideswipe","Pedestrian Right of Way","Other Motor Vehicle","N","N","N","N"
6844745,"N","Y","Injury (Complaint of Pain)","N",2015,20.6666666666667,"Winter","N","N","W","N","N","Y","N","N","N","N","N","Dark - Street Lights","Rear End","Wrong Side of Road","Other Motor Vehicle","N","N","N","N"
6844749,"N","Y","PDO (property damage only)","N",2015,19.3333333333333,"Winter","N","N","W","Y","N","Y","N","N","N","N","N","Dark - Street Lights","Broadside","Pedestrian Violation","Other Motor Vehicle","N","N","N","N"
6844769,"N","Y","Injury (Complaint of Pain)","N",2015,7.41666666666667,"Winter","AM","N","M","N","N","Y","N","N","N","N","N","Daylight","Broadside","Pedestrian Violation","Other Motor Vehicle","N","N","N","N"
6844793,"N","N","Injury (Complaint of Pain)","N",2015,17.5833333333333,"Winter","PM","N","Tu","N","N","Y","N","N","N","N","N","Daylight","Broadside","Unsafe Lane Change","Bicycle","N","N","N","Y"
6844922,"N","N","Fatal","Y",2015,21,"Winter","N","N","Sa","N","N","Y","N","N","N","N","N","Dark - Street Lights","Rear End","Unsafe Starting or Backing","Parked Motor Vehicle","N","N","N","N"
6845218,"N","Y","PDO (property damage only)","N",2015,17.1666666666667,"Winter","PM","N","W","N","Y","Y","N","N","N","N","N","Daylight","Sideswipe","Automobile Right of Way","Other Motor Vehicle","N","N","N","N"
6845233,"N","Y","Injury (Complaint of Pain)","N",2015,18.4166666666667,"Winter","PM","N","W","N","Y","Y","N","N","N","N","N","Dark - Street Lights","Rear End","Automobile Right of Way","Other Motor Vehicle","N","N","N","N"
6845368,"N","N","Fatal","Y",2015,8.5,"Winter","AM","N","Th","N","Y","Y","N","N","N","N","N","Daylight","Other","Automobile Right of Way","Non-Collision","N","N","N","N"
6845429,"N","N","Fatal","Y",2015,19.8333333333333,"Winter","N","N","F","N","Y","Y","N","N","N","N","N","Dark - Street Lights","Sideswipe","Pedestrian Right of Way","Other Motor Vehicle","N","N","N","N"
6845724,"N","Y","PDO (property damage only)","N",2015,9.83333333333333,"Winter","N","N","M","N","N","Y","N","N","N","N","Y","Daylight","Sideswipe","Improper Turning","Other Motor Vehicle","N","N","N","N"
6845735,"N","Y","PDO (property damage only)","N",2015,2.5,"Winter","N","Y","Su","N","N","N","Y","N","N","N","Y","Dark - Street Lights","Other","Automobile Right of Way","Other Motor Vehicle","N","N","N","N"
6845796,"N","Y","Injury (Other Visible)","N",2015,6.5,"Winter","N","N","F","Y","N","N","Y","N","N","N","N","Daylight","Broadside","Pedestrian Violation","Other Motor Vehicle","N","N","N","N"
6846296,"N","Y","PDO (property damage only)","N",2015,6.91666666666667,"Winter","N","N","M","Y","Y","Y","N","N","N","N","N","Daylight","Broadside","Impeding Traffic","Other Motor Vehicle","N","N","N","N"
6846473,"N","N","Fatal","Y",2015,13.1666666666667,"Winter","N","N","W","N","N","Y","N","N","N","N","N","Daylight","Hit Object","Wrong Side of Road","Fixed Object","N","N","N","N"
6847638,"N","N","Fatal","Y",2015,7.33333333333333,"Winter","AM","N","Th","N","Y","Y","N","N","N","N","N","Daylight","Sideswipe","Automobile Right of Way","Other Motor Vehicle","N","N","N","N"
6847842,"N","N","Fatal","Y",2015,13.1666666666667,"Winter","N","N","Sa","Y","N","Y","N","N","N","N","N","Daylight","Hit Object","Lights","Other Motor Vehicle","N","N","N","N"
6848020,"N","N","Fatal","Y",2015,1.75,"Winter","N","Y","Su","N","N","N","Y","Y","N","Y","N","Dark - Street Lights","Sideswipe","Wrong Side of Road","Parked Motor Vehicle","N","N","N","N"
6848338,"N","Y","PDO (property damage only)","N",2015,8.66666666666667,"Winter","AM","N","Th","N","Y","Y","N","N","N","N","N","Daylight","Sideswipe","Wrong Side of Road","Other Motor Vehicle","N","N","N","N"
6848445,"N","Y","Injury (Other Visible)","N",2015,8.11666666666667,"Winter","AM","N","Th","N","Y","N","Y","N","N","N","N","Daylight","Rear End","Automobile Right of Way","Other Motor Vehicle","N","N","N","N"
6848457,"N","Y","Injury (Other Visible)","N",2015,15.2666666666667,"Winter","N","N","Su","N","Y","Y","N","N","N","N","N","Daylight","Sideswipe","Automobile Right of Way","Other Motor Vehicle","N","N","N","N"
6848503,"N","Y","Injury (Complaint of Pain)","N",2015,6.58333333333333,"Winter","N","N","M","N","Y","Y","N","N","N","N","N","Daylight","Overturned","Wrong Side of Road","Non-Collision","N","N","N","N"
6848597,"N","Y","PDO (property damage only)","N",2015,15.5,"Winter","N","N","Sa","N","N","N","Y","N","N","N","N","Daylight","Other","Pedestrian Violation","Other Motor Vehicle","N","N","N","N"
6848971,"N","Y","Injury (Complaint of Pain)","N",2015,19.5833333333333,"Winter","N","N","M","N","N","N","Y","N","N","N","N","Dark - Street Lights","Broadside","Pedestrian Violation","Other Motor Vehicle","N","N","N","N"
6849021,"N","Y","Injury (Complaint of Pain)","N",2015,17.75,"Winter","PM","N","F","Y","N","Y","N","N","N","N","N","Daylight","Broadside","Pedestrian Violation","Other Motor Vehicle","N","N","N","N"
6849033,"N","Y","Injury (Other Visible)","N",2015,19.0833333333333,"Winter","N","N","Su","Y","N","Y","N","N","N","N","N","Dark - Street Lights","Broadside","Lights","Other Motor Vehicle","N","N","N","N"
6849069,"N","N","Fatal","Y",2015,0.416666666666667,"Winter","N","Y","Su","N","N","N","N","Y","N","Y","N","Dark - Street Lights","Hit Object","Unsafe Speed","Fixed Object","Y","N","N","N"
6849673,"N","Y","Injury (Complaint of Pain)","N",2015,17.8333333333333,"Winter","PM","N","F","N","Y","Y","N","N","N","N","N","Dark - Street Lights","Sideswipe","Wrong Side of Road","Other Motor Vehicle","N","N","N","N"
6849738,"N","Y","PDO (property damage only)","N",2015,15.3333333333333,"Winter","PM","N","F","Y","N","Y","N","N","N","N","N","Daylight","Broadside","Pedestrian Violation","Other Motor Vehicle","N","N","N","N"
6849819,"N","Y","PDO (property damage only)","N",2015,20.9166666666667,"Winter","N","N","Sa","Y","N","N","Y","N","N","N","Y","Dark - Street Lights","Broadside","Impeding Traffic","Other Motor Vehicle","N","N","N","N"
6850823,"N","Y","Injury (Complaint of Pain)","N",2015,18,"Winter","N","N","Sa","N","Y","Y","N","N","N","N","N","Dark - Street Lights","Hit Object","Pedestrian Right of Way","Fixed Object","N","N","N","N"
6850832,"N","Y","PDO (property damage only)","N",2015,11,"Winter","N","N","Th","N","Y","Y","N","N","N","N","N","Daylight","Sideswipe","Pedestrian Right of Way","Other Motor Vehicle","N","N","N","N"
6850845,"N","Y","Injury (Complaint of Pain)","N",2015,13.0833333333333,"Winter","N","N","Th","N","Y","Y","N","N","N","N","N","Daylight","Sideswipe","Pedestrian Right of Way","Other Motor Vehicle","N","N","N","N"
6850954,"N","Y","PDO (property damage only)","N",2015,6.58333333333333,"Winter","N","N","Tu","N","Y","Y","N","N","N","N","N","Dusk or Dawn",NA,"Automobile Right of Way","Fixed Object","N","N","N","N"
6851216,"N","Y","Injury (Complaint of Pain)","N",2015,14.25,"Winter","N","N","W","N","N","Y","N","N","N","N","N","Daylight","Overturned","Pedestrian Right of Way",NA,"N","N","N","N"
6851702,"N","N","Fatal","Y",2015,17.0833333333333,"Winter","PM","N","Th","N","Y","Y","N","N","N","N","N","Dusk or Dawn","Sideswipe","Automobile Right of Way","Other Motor Vehicle","N","N","N","N"
6851767,"N","Y","PDO (property damage only)","N",2015,18.5833333333333,"Winter","PM","N","Th","N","Y","Y","N","N","N","N","N","Dark - Street Lights","Rear End","Wrong Side of Road","Other Motor Vehicle","N","N","N","N"
6851771,"N","Y","Injury (Other Visible)","N",2015,20.4166666666667,"Winter","N","N","W","N","Y","Y","N","N","N","N","N","Dark - No Street Lights","Rear End","Wrong Side of Road","Other Motor Vehicle","N","N","N","N"
6851811,"N","Y","Injury (Complaint of Pain)","N",2015,7.5,"Winter","AM","N","W","Y","N","Y","N","N","N","N","N","Daylight","Broadside","Pedestrian Violation","Other Motor Vehicle","N","N","N","N"
6851831,"N","Y","PDO (property damage only)","N",2015,7.66666666666667,"Winter","AM","N","Th","Y","N","Y","N","N","N","N","N","Daylight","Other","Lights","Non-Collision","N","N","N","N"
6851888,"N","Y","Injury (Complaint of Pain)","N",2015,18.3333333333333,"Winter","PM","N","M","N","N","Y","N","N","N","N","N","Dark - Street Lights","Broadside","Pedestrian Right of Way","Other Motor Vehicle","N","N","N","N"
6852001,"N","Y","Injury (Complaint of Pain)","N",2015,12.4166666666667,"Winter","N","N","Tu","N","Y","Y","N","N","N","N","N","Daylight","Hit Object","Wrong Side of Road","Fixed Object","N","N","N","N"
6852006,"N","Y","PDO (property damage only)","N",2015,17.25,"Winter","PM","N","M","N","Y","Y","N","N","N","N","Y","Daylight","Rear End","Automobile Right of Way","Non-Collision","N","N","N","N"
6852051,"N","Y","PDO (property damage only)","N",2015,15.9166666666667,"Winter","PM","N","Th","Y","N","Y","N","N","N","N","N","Daylight","Other","Pedestrian Violation","Non-Collision","N","N","N","N"
6852062,"N","Y","Injury (Complaint of Pain)","N",2015,18.1666666666667,"Winter","PM","N","W","Y","N","Y","N","N","N","N","N","Dark - Street Lights","Rear End","Impeding Traffic","Other Motor Vehicle","N","N","N","N"
6852082,"N","Y","Injury (Complaint of Pain)","N",2015,9.58333333333333,"Winter","N","N","M","N","N","N","Y","N","N","N","N","Daylight","Broadside","Pedestrian Violation","Other Motor Vehicle","N","N","N","N"
6852711,"N","Y","Injury (Other Visible)","N",2015,18,"Winter","PM","N","Tu","N","Y","Y","N","N","N","N","N","Dark - Street Lights","Sideswipe","Automobile Right of Way","Other Motor Vehicle","N","N","N","N"
6854041,"Y","N","Injury (Severe)","Y",2015,12.5,"Winter","N","N","Th","Y","N","Y","N","N","N","N","N","Daylight","Broadside","Pedestrian Violation","Other Motor Vehicle","N","N","N","N"
6854085,"Y","N","Injury (Severe)","Y",2015,6,"Winter","N","N","Tu","Y","N","Y","N","N","N","N","N","Dusk or Dawn","Head-On","Pedestrian Violation","Other Motor Vehicle","N","N","N","N"
6854145,"Y","N","Injury (Severe)","Y",2015,20.8333333333333,"Winter","N","N","Tu","N","Y","Y","N","N","N","N","N","Dark - Street Lights","Sideswipe","Automobile Right of Way","Other Motor Vehicle","Y","N","N","N"
6854762,"Y","N","Injury (Severe)","Y",2015,20.9166666666667,"Summer","N","N","F","Y","N","Y","N","N","N","N","N","Dark - Street Lights","Broadside","Pedestrian Violation","Other Motor Vehicle","N","N","N","N"
6854769,"N","N","Injury (Severe)","Y",2015,21.3333333333333,"Summer","N","N","W","Y","N","Y","N","N","N","N","N","Dark - Street Lights","Head-On","Pedestrian Violation","Other Motor Vehicle","N","Y","N","N"
6854787,"Y","N","Injury (Severe)","Y",2015,23.5,"Summer","N","Y","Th","N","N","Y","N","N","N","N","N","Dark - Street Lights","Head-On","Pedestrian Violation","Other Motor Vehicle","N","N","N","N"
6854836,"N","N","Fatal","Y",2015,14.8333333333333,"Winter","N","N","Sa","Y","N","Y","N","N","N","N","N","Daylight","Broadside","Lights","Other Motor Vehicle","N","N","N","N"
6854896,"N","Y","PDO (property damage only)","N",2015,17.3333333333333,"Winter","PM","N","Th","Y","N","Y","N","N","N","N","N","Daylight","Broadside","Pedestrian Violation","Other Motor Vehicle","N","N","N","N"
6854948,"N","Y","Injury (Complaint of Pain)","N",2015,20.8333333333333,"Winter","N","N","M","Y","N","Y","N","N","N","N","N","Dark - Street Lights","Broadside","Pedestrian Violation","Other Motor Vehicle","N","N","N","N"
6854966,"N","Y","Injury (Complaint of Pain)","N",2015,9.41666666666667,"Winter","N","N","Tu","N","N","Y","N","N","N","N","N","Daylight","Sideswipe","Improper Turning","Other Motor Vehicle","N","N","N","N"
6854982,"N","Y","Injury (Complaint of Pain)","N",2015,10.25,"Winter","N","N","W","N","N","Y","N","N","N","N","N","Daylight","Broadside","Pedestrian Right of Way","Other Motor Vehicle","N","N","N","N"
6855014,"N","Y","PDO (property damage only)","N",2015,21.1666666666667,"Winter","N","N","Th","N","N","Y","N","N","N","N","N","Dark - Street Lights","Other","Impeding Traffic","Non-Collision","N","N","N","N"
6855383,"N","Y","PDO (property damage only)","N",2015,8.75,"Winter","AM","N","W","N","Y","Y","N","N","N","N","N","Daylight","Hit Object","Wrong Side of Road","Fixed Object","N","N","N","N"
6855548,"N","N","Fatal","Y",2015,17.4333333333333,"Winter","PM","N","Tu","N","Y","Y","N","N","N","N","N","Daylight","Sideswipe","Automobile Right of Way","Other Motor Vehicle","N","N","N","N"
6856490,"N","N","Fatal","Y",2015,14.75,"Winter","N","N","W","N","N","Y","N","N","N","N","N","Daylight","Rear End","Wrong Side of Road","Other Motor Vehicle","N","N","N","N"
6857080,"N","Y","PDO (property damage only)","N",2015,23.4166666666667,"Spring","N","Y","M","N","N","Y","N","N","N","N","N","Dark - Street Lights","Broadside","Pedestrian Right of Way","Other Motor Vehicle","N","N","N","N"
6857115,"N","Y","PDO (property damage only)","N",2015,18.9166666666667,"Winter","PM","N","W","Y","N","Y","N","N","N","N","N","Dark - Street Lights","Other","Pedestrian Right of Way","Other Object","N","N","N","N"
6857818,"N","Y","PDO (property damage only)","N",2015,8.5,"Winter","AM","N","Th","N","Y","Y","N","N","N","N","N","Daylight","Sideswipe","Pedestrian Right of Way","Other Motor Vehicle","N","Y","N","N"
6858044,"N","N","Fatal","Y",2015,0.666666666666667,"Spring","N","Y","Sa","N","N","Y","N","N","N","N","N","Dark - Street Lights","Rear End","Unsafe Starting or Backing","Parked Motor Vehicle","N","N","N","N"