"CASE_ID","mc_killed","mc_injured","collision_severity","severe","accident_year","hours_since_midnight","season","rush_hour","late_night","day_of_week","intersection","state_hwy_ind","w_clear","w_cloudy","w_rainy","w_other","road_not_dry","road_condition_issue","lighting","type_of_collision","pcf_viol_category","mviw","alcohol_involved","truck_accident","pedestrian_accident","bicycle_accident"
6886989,"N","Y","Injury (Complaint of Pain)","N",2015,12,"Spring","N","N","Sa","N","Y","Y","N","N","N","N","N","Daylight","Sideswipe","Automobile Right of Way","Other Motor Vehicle","N","N","N","N"
6887001,"N","Y","Injury (Complaint of Pain)","N",2015,14.5,"Spring","N","N","F","N","Y","Y","N","N","N","N","N","Daylight","Rear End","Wrong Side of Road","Other Motor Vehicle","N","N","N","N"
6887003,"N","Y","Injury (Complaint of Pain)","N",2015,11.5833333333333,"Spring","N","N","Sa","N","Y","Y","N","N","N","N","N","Daylight","Overturned","Pedestrian Right of Way","Non-Collision","N","N","N","N"
6887017,"N","N","Injury (Complaint of Pain)","N",2015,22.4666666666667,"Spring","N","N","Sa","N","Y","Y","N","N","N","N","N","Dark - Street Lights","Overturned","Pedestrian Right of Way","Non-Collision","N","N","N","N"
6887108,"N","Y","Injury (Complaint of Pain)","N",2015,18.6666666666667,"Spring","PM","N","W","N","N","Y","N","N","N","N","N","Daylight","Head-On","Pedestrian Violation",NA,"N","N","N","N"
6887112,"N","Y","Injury (Complaint of Pain)","N",2015,7.83333333333333,"Spring","AM","N","Th","N","N","Y","N","N","N","N","N","Daylight","Hit Object","Wrong Side of Road","Other Object","N","N","N","N"
6887464,"N","Y","Injury (Complaint of Pain)","N",2015,12.25,"Spring","N","N","Sa","N","Y","Y","N","N","N","N","N","Daylight","Rear End","Wrong Side of Road","Other Motor Vehicle","N","N","N","N"
6887480,"N","Y","PDO (property damage only)","N",2015,13.6166666666667,"Spring","N","N","Sa","N","Y","Y","N","N","N","N","N","Daylight","Rear End","Wrong Side of Road","Other Motor Vehicle","N","N","N","N"
6887801,"N","Y","Injury (Complaint of Pain)","N",2015,16.75,"Spring","PM","N","W","N","Y","Y","N","N","N","N","N","Daylight","Sideswipe","Automobile Right of Way","Other Motor Vehicle","N","N","N","N"
6887802,"N","Y","PDO (property damage only)","N",2015,13,"Spring","N","N","W","N","Y","Y","N","N","N","N","N","Daylight","Overturned","Automobile Right of Way","Non-Collision","N","N","N","N"
6887816,"N","Y","Injury (Complaint of Pain)","N",2015,16.6666666666667,"Spring","PM","N","M","N","N","Y","N","N","N","N","N","Daylight","Rear End","Pedestrian Violation","Other Motor Vehicle","N","N","N","N"
6887821,"N","N","PDO (property damage only)","N",2015,15.3333333333333,"Spring","PM","N","W","Y","N","Y","N","N","N","N","N","Daylight","Vehicle/Pedestrian","Hazardous Parking","Pedestrian","N","N","Y","N"
6888175,"N","N","Fatal","Y",2015,18.25,"Spring","PM","N","M","N","N","Y","N","N","N","N","N","Daylight","Broadside","Wrong Side of Road","Parked Motor Vehicle","N","N","N","N"
6888304,"N","N","Fatal","Y",2015,9.75,"Spring","N","N","F","N","Y","Y","N","N","N","N","N","Daylight","Sideswipe","Automobile Right of Way","Other Motor Vehicle","N","N","N","N"
6888544,"N","Y","Injury (Other Visible)","N",2015,19.6666666666667,"Spring","N","N","Th","Y","N","Y","N","N","N","N","N","Dark - Street Lights","Broadside","Pedestrian Violation","Other Motor Vehicle","N","N","N","N"
6888690,"N","Y","Injury (Complaint of Pain)","N",2015,19.25,"Winter","N","N","M","N","N","N","N","Y","N","Y","Y","Dark - No Street Lights","Hit Object","Automobile Right of Way","Other Object","N","N","N","N"
6889052,"N","Y","PDO (property damage only)","N",2015,22,"Spring","N","N","Th","Y","N","Y","N","N","N","N","N","Dark - Street Lights","Head-On","Pedestrian Violation","Bicycle","N","N","N","N"
6889925,"N","Y","Injury (Other Visible)","N",2015,15.25,"Spring","PM","N","W","Y","N","Y","N","N","N","N","N","Daylight","Broadside","Pedestrian Right of Way","Other Motor Vehicle","N","N","N","N"
6890227,"N","Y","Injury (Complaint of Pain)","N",2015,20.1666666666667,"Winter","N","N","M","Y","N","Y","N","N","N","N","N","Dark - Street Lights","Broadside","Pedestrian Violation","Other Motor Vehicle","N","N","N","N"
6890232,"N","Y","PDO (property damage only)","N",2015,7.7,"Spring","AM","N","Th","N","Y","Y","N","N","N","N","N","Daylight","Overturned","Automobile Right of Way","Non-Collision","N","N","N","N"
6890235,"N","Y","Injury (Complaint of Pain)","N",2015,6.33333333333333,"Winter","N","N","Tu","Y","N","Y","N","N","N","N","N","Dark - Street Lights","Broadside","Pedestrian Violation","Other Motor Vehicle","N","N","N","N"
6890240,"N","Y","Injury (Complaint of Pain)","N",2015,17.3333333333333,"Spring","PM","N","F","N","Y","Y","N","N","N","N","N","Daylight","Overturned","Pedestrian Right of Way","Non-Collision","N","N","N","N"
6890580,"N","Y","PDO (property damage only)","N",2015,8.66666666666667,"Winter","AM","N","Tu","N","Y","Y","N","N","N","N","N","Daylight","Rear End","Pedestrian Right of Way","Other Motor Vehicle","N","N","N","N"
6891445,"N","Y","Injury (Complaint of Pain)","N",2015,14.3333333333333,"Spring","N","N","W","Y","N","Y","N","N","N","N","N","Daylight","Broadside","Pedestrian Violation","Other Motor Vehicle","N","N","N","N"
6891469,"N","Y","PDO (property damage only)","N",2015,15.9166666666667,"Spring","PM","N","Tu","N","N","Y","N","N","N","N","N","Daylight","Sideswipe","Improper Turning","Other Motor Vehicle","N","N","N","N"
6891485,"N","Y","Injury (Complaint of Pain)","N",2015,13,"Spring","N","N","Su","Y","N","Y","N","N","N","N","N","Daylight","Broadside","Pedestrian Violation","Other Motor Vehicle","N","N","N","N"
6891509,"N","Y","Injury (Complaint of Pain)","N",2015,14.0833333333333,"Spring","N","N","W","Y","N","Y","N","N","N","N","N","Daylight","Sideswipe","Pedestrian Violation","Other Motor Vehicle","N","N","N","N"
6891518,"N","Y","Injury (Complaint of Pain)","N",2015,15.5333333333333,"Spring","PM","N","W","Y","N","Y","N","N","N","N","N","Daylight","Broadside","Pedestrian Violation","Other Motor Vehicle","N","N","N","N"
6891594,"N","Y","Injury (Other Visible)","N",2015,23.9166666666667,"Spring","N","Y","W","Y","N","Y","N","N","N","N","N","Dark - Street Lights","Broadside","Pedestrian Violation","Other Motor Vehicle","Y","N","N","N"
6891654,"N","N","PDO (property damage only)","N",2015,19.3333333333333,"Spring","N","N","W","N","N","Y","N","N","N","N","N","Dark - Street Lights","Broadside","Pedestrian Violation","Other Motor Vehicle","N","N","N","N"
6891675,"N","Y","Injury (Complaint of Pain)","N",2015,14.75,"Winter","N","N","Th","Y","N","Y","N","N","N","N","N","Daylight","Head-On","Pedestrian Violation","Other Motor Vehicle","N","N","N","N"
6892470,"N","Y","PDO (property damage only)","N",2015,19.25,"Winter","N","N","F","N","N","Y","N","N","N","N","N","Dark - Street Lights","Sideswipe","Unsafe Speed","Parked Motor Vehicle","Y","N","N","N"
6892476,"N","Y","Injury (Complaint of Pain)","N",2015,20.6666666666667,"Spring","N","N","F","Y","N","Y","N","N","N","N","N","Dark - Street Lights","Broadside","Pedestrian Violation","Other Motor Vehicle","N","N","N","N"
6892686,"N","N","Fatal","Y",2015,9.55,"Spring","N","N","M","N","Y","Y","N","N","N","N","N","Daylight","Overturned","Wrong Side of Road","Non-Collision","N","N","N","N"
6892717,"N","Y","PDO (property damage only)","N",2015,12.75,"Spring","N","N","F","N","Y","Y","N","N","N","N","N","Daylight","Overturned","Wrong Side of Road","Non-Collision","N","N","N","N"
6892718,"N","N","Fatal","Y",2015,8.41666666666667,"Spring","AM","N","Th","N","Y","N","Y","N","N","N","Y","Daylight","Sideswipe","Automobile Right of Way","Other Motor Vehicle","N","N","N","N"
6892762,"N","N","Fatal","Y",2015,9.33333333333333,"Spring","N","N","Su","N","Y","Y","N","N","N","N","N","Daylight","Overturned","Code 20","Non-Collision","N","N","N","N"
6892766,"N","N","Fatal","Y",2015,17.75,"Spring","N","N","Sa","N","Y","Y","N","N","N","N","N","Daylight","Sideswipe","Automobile Right of Way","Other Motor Vehicle","N","N","N","N"
6892932,"N","N","Fatal","Y",2015,17.5,"Spring","N","N","Sa","N","N","Y","N","N","N","N","N","Daylight","Other","Unsafe Starting or Backing","Parked Motor Vehicle","N","N","N","N"
6893273,"N","Y","Injury (Complaint of Pain)","N",2015,19.6666666666667,"Spring","N","N","Tu","N","Y","Y","N","N","N","N","N","Dark - Street Lights","Overturned","Wrong Side of Road","Non-Collision","N","N","N","N"
6893742,"N","N","Fatal","Y",2015,16.75,"Spring","PM","N","Th","N","Y","Y","N","N","N","N","N","Daylight","Sideswipe","Automobile Right of Way","Other Motor Vehicle","N","N","N","N"
6894226,"N","Y","Injury (Complaint of Pain)","N",2015,7.4,"Spring","AM","N","F","N","Y","Y","N","N","N","N","N","Daylight","Sideswipe","Automobile Right of Way","Other Motor Vehicle","N","N","N","N"
6894265,"N","N","Fatal","Y",2015,1.83333333333333,"Spring","N","Y","W","N","N","Y","N","N","N","N","N","Dark - Street Lights","Sideswipe","Unsafe Speed","Parked Motor Vehicle","Y","N","N","N"
6894584,"N","Y","Injury (Complaint of Pain)","N",2015,13.75,"Spring","N","N","F","N","N","Y","N","N","N","N","N","Daylight","Sideswipe","Unsafe Starting or Backing","Other Motor Vehicle","N","N","N","N"
6894673,"N","Y","Injury (Complaint of Pain)","N",2015,16.5833333333333,"Spring","PM","N","Th","N","N","Y","N","N","N","N","N","Daylight","Other","Impeding Traffic","Other Motor Vehicle","N","N","N","N"
6894982,"N","Y","Injury (Complaint of Pain)","N",2015,15.6333333333333,"Winter","PM","N","Tu","N","Y","Y","N","N","N","N","N","Daylight","Sideswipe","Automobile Right of Way","Other Motor Vehicle","N","N","N","N"
6895099,"N","Y","Injury (Complaint of Pain)","N",2015,19.1666666666667,"Spring","N","N","Tu","N","Y","N","Y","N","N","Y","N","Daylight","Sideswipe","Automobile Right of Way","Other Motor Vehicle","N","N","N","N"
6895108,"N","Y","Injury (Complaint of Pain)","N",2015,7.83333333333333,"Spring","AM","N","F","N","Y","Y","N","N","N","N","N","Daylight","Hit Object","Wrong Side of Road","Fixed Object","N","N","N","N"
6895761,"N","Y","Injury (Complaint of Pain)","N",2015,23.1833333333333,"Spring","N","Y","F","N","Y","Y","N","N","N","N","N","Dark - No Street Lights","Rear End","Wrong Side of Road","Other Motor Vehicle","N","N","N","N"
6895794,"N","Y","Injury (Complaint of Pain)","N",2015,16.0833333333333,"Spring","PM","N","W","N","Y","Y","N","N","N","N","N","Daylight","Rear End","Wrong Side of Road","Other Motor Vehicle","N","N","N","N"
6895802,"N","Y","Injury (Other Visible)","N",2015,19.5833333333333,"Spring","N","N","M","N","Y","Y","N","N","N","N","N","Dark - Street Lights","Sideswipe","Wrong Side of Road","Other Motor Vehicle","N","N","N","N"
6895809,"N","Y","PDO (property damage only)","N",2015,7.41666666666667,"Spring","AM","N","F","N","Y","Y","N","N","N","N","N","Daylight","Rear End","Wrong Side of Road","Other Motor Vehicle","N","N","N","N"
6895818,"N","Y","Injury (Complaint of Pain)","N",2015,18.3833333333333,"Spring","PM","N","F","N","Y","Y","N","N","N","N","N","Daylight","Sideswipe","Automobile Right of Way","Other Motor Vehicle","Y","N","N","N"
6895829,"N","Y","Injury (Complaint of Pain)","N",2015,7.75,"Spring","AM","N","M","N","Y","Y","N","N","N","N","N","Daylight","Overturned","Automobile Right of Way","Fixed Object","N","N","N","N"
6895830,"N","Y","Injury (Complaint of Pain)","N",2015,23.0833333333333,"Spring","N","Y","Sa","N","Y","Y","N","N","N","N","N","Dark - No Street Lights","Sideswipe","Automobile Right of Way","Other Motor Vehicle","N","N","N","N"
6895902,"N","Y","Injury (Complaint of Pain)","N",2015,14.1666666666667,"Spring","N","N","M","N","N","Y","N","N","N","N","N","Daylight","Hit Object","Code 20","Other Object","N","N","N","N"
6896033,"N","N","Fatal","Y",2015,15.8333333333333,"Spring","PM","N","M","N","Y","Y","N","N","N","N","N","Daylight","Sideswipe","Automobile Right of Way","Other Motor Vehicle","N","N","N","N"
6897025,"N","Y","Injury (Complaint of Pain)","N",2015,19,"Spring","PM","N","M","N","Y","Y","N","N","N","N","N","Daylight","Hit Object","Pedestrian Right of Way","Fixed Object","N","N","N","N"
6897213,"N","N","PDO (property damage only)","N",2015,14.9166666666667,"Spring","N","N","Th","N","N","Y","N","N","N","N","N","Daylight","Sideswipe","Pedestrian Right of Way","Other Motor Vehicle","N","N","N","N"
6897300,"N","Y","Injury (Complaint of Pain)","N",2015,9.91666666666667,"Spring","N","N","M","Y","N","Y","N","N","N","N","N","Daylight","Hit Object","Unsafe Lane Change","Fixed Object","N","N","N","N"
6897308,"N","N","PDO (property damage only)","N",2015,18,"Spring","PM","N","M","N","N","Y","N","N","N","N","N","Dusk or Dawn","Rear End","Wrong Side of Road","Other Motor Vehicle","N","N","N","N"
6897968,"N","N","Fatal","Y",2015,12.25,"Winter","N","N","Th","N","N","Y","N","N","N","N","N","Daylight","Broadside","Unsafe Starting or Backing","Other Motor Vehicle","N","N","N","N"
6898487,"N","Y","Injury (Other Visible)","N",2015,12.25,"Spring","N","N","M","Y","N","Y","N","N","N","N","N","Daylight","Broadside","Pedestrian Violation","Other Motor Vehicle","N","N","N","N"
6898489,"N","Y","PDO (property damage only)","N",2015,12.8333333333333,"Winter","N","N","Sa","N","N","Y","N","N","N","N","N","Daylight","Sideswipe","Automobile Right of Way","Other Motor Vehicle","N","N","N","N"
6898491,"N","Y","Injury (Other Visible)","N",2015,22.0833333333333,"Spring","N","N","F","Y","N","Y","N","N","N","N","N","Dark - Street Lights","Broadside","Pedestrian Violation","Other Motor Vehicle","N","N","N","N"
6898645,"N","Y","Injury (Complaint of Pain)","N",2015,12.75,"Spring","N","N","W","N","N","Y","N","N","N","N","N","Daylight","Hit Object","Impeding Traffic","Fixed Object","N","N","N","N"
6898657,"N","Y","PDO (property damage only)","N",2015,10.6666666666667,"Spring","N","N","W","Y","N","Y","N","N","N","N","N","Daylight","Broadside","Pedestrian Violation","Other Motor Vehicle","N","N","N","N"
6898670,"N","Y","Injury (Other Visible)","N",2015,21.3333333333333,"Spring","N","N","Th","Y","N","Y","N","N","N","N","N","Dark - Street Lights","Head-On","Pedestrian Violation","Other Motor Vehicle","N","N","N","N"
6898674,"N","Y","Injury (Other Visible)","N",2015,18.6833333333333,"Spring","PM","N","Th","N","Y","Y","N","N","N","N","N","Daylight","Hit Object","Wrong Side of Road","Fixed Object","N","N","N","N"
6898677,"N","Y","Injury (Complaint of Pain)","N",2015,9.66666666666667,"Spring","N","N","Sa","Y","N","N","Y","N","N","N","N","Daylight","Broadside","Pedestrian Violation","Other Motor Vehicle","N","N","N","N"
6898710,"N","Y","PDO (property damage only)","N",2015,17,"Spring","PM","N","Th","N","N","Y","N","N","N","N","N","Daylight","Rear End","Wrong Side of Road","Parked Motor Vehicle","N","N","N","N"
6899277,"N","Y","Injury (Other Visible)","N",2015,14,"Spring","N","N","M","N","N","Y","N","N","N","N","N","Daylight","Broadside","Code 19","Other Motor Vehicle","N","N","N","N"
6900211,"N","Y","Injury (Other Visible)","N",2015,14,"Winter","N","N","Th","N","N","Y","N","N","N","N","N","Daylight","Other","Pedestrian Right of Way","Other Motor Vehicle","N","N","N","N"
6900390,"N","Y","Injury (Other Visible)","N",2015,13.5833333333333,"Spring","N","N","F","N","N","Y","N","N","N","N","N","Daylight","Other","Wrong Side of Road","Fixed Object","N","N","N","N"
6900748,"N","Y","PDO (property damage only)","N",2015,17.8333333333333,"Spring","N","N","Sa","N","Y","Y","N","N","N","N","N","Daylight","Sideswipe","Automobile Right of Way","Other Motor Vehicle","N","N","N","N"
6901810,"N","Y","Injury (Other Visible)","N",2015,1.91666666666667,"Winter","N","Y","Su","N","N","Y","N","N","N","N","N","Dark - Street Lights","Sideswipe","Automobile Right of Way","Other Motor Vehicle","N","N","N","N"
6902061,"N","Y","Injury (Other Visible)","N",2015,10.25,"Spring","N","N","F","Y","N","Y","N","N","N","N","N","Daylight","Head-On","Pedestrian Violation","Other Motor Vehicle","N","N","N","N"
6902978,"N","Y","Injury (Complaint of Pain)","N",2015,10.75,"Spring","N","N","Th","Y","N","Y","N","N","N","N","N","Daylight","Other","Lights",NA,"N","N","N","N"
6903201,"N","Y","Injury (Complaint of Pain)","N",2015,13.5833333333333,"Spring","N","N","W","Y","N","Y","N","N","N","N","N","Daylight","Broadside","Wrong Side of Road","Other Motor Vehicle","N","Y","N","N"
6903483,"N","N","PDO (property damage only)","N",2015,3.66666666666667,"Winter","N","Y","F","Y","N","Y","N","N","N","N","N","Dark - Street Lights","Broadside","Pedestrian Right of Way","Other Motor Vehicle","N","N","N","N"
6904168,"N","N","Fatal","Y",2015,15.8333333333333,"Spring","PM","N","M","Y","N","Y","N","N","N","N","N","Daylight","Broadside","Pedestrian Violation","Other Motor Vehicle","N","N","N","N"
6904924,"Y","N","Injury (Severe)","Y",2015,20.75,"Winter","N","N","F","Y","N","Y","N","N","N","N","N","Dark - Street Lights","Broadside","Pedestrian Violation","Other Motor Vehicle","N","N","N","N"
6904944,"Y","N","Injury (Severe)","Y",2015,7.58333333333333,"Spring","AM","N","W","N","N","N","Y","N","N","N","N","Daylight","Sideswipe","Automobile Right of Way","Other Motor Vehicle","N","N","N","N"
6905514,"N","Y","Injury (Complaint of Pain)","N",2015,17.9166666666667,"Spring","N","N","Sa","N","N","N","Y","N","N","N","Y","Daylight","Sideswipe","Pedestrian Right of Way","Other Motor Vehicle","N","N","N","N"
6905721,"Y","N","Injury (Severe)","Y",2015,16.8333333333333,"Spring","PM","N","W","Y","N","Y","N","N","N","N","N","Daylight","Broadside","Lights","Other Motor Vehicle","N","N","N","N"
6905741,"Y","N","Injury (Severe)","Y",2015,22.8333333333333,"Spring","N","N","W","Y","N","Y","N","N","N","N","N","Dark - Street Lights","Broadside","Wrong Side of Road","Other Motor Vehicle","N","N","N","N"
6905742,"Y","N","Injury (Severe)","Y",2015,14.5,"Spring","N","N","Th","N","N","Y","N","N","N","N","N","Daylight","Hit Object","Wrong Side of Road","Fixed Object","N","N","N","N"
6905746,"Y","N","Injury (Severe)","Y",2015,23.9166666666667,"Spring","N","Y","W","N","N","Y","N","N","N","N","N","Dark - Street Lights","Rear End","Wrong Side of Road","Other Motor Vehicle","N","N","N","N"
6906139,"N","Y","Injury (Other Visible)","N",2015,18.6666666666667,"Spring","N","N","Su","N","N","Y","N","N","N","N","N","Daylight","Broadside","Pedestrian Right of Way","Other Motor Vehicle","N","N","N","N"
6906141,"N","Y","Injury (Complaint of Pain)","N",2015,11.6666666666667,"Spring","N","N","F","Y","N","Y","N","N","N","N","N","Daylight","Broadside","Pedestrian Violation","Motor Vehicle on Other Roadway","N","N","N","N"
6906143,"N","Y","PDO (property damage only)","N",2015,13.5833333333333,"Spring","N","N","Tu","N","N","N","Y","N","N","N","N","Daylight","Broadside","Pedestrian Violation","Other Motor Vehicle","N","N","N","N"
6906705,"N","N","Fatal","Y",2015,21.25,"Spring","N","N","Sa","Y","N","Y","N","N","N","N","N","Dark - Street Lights","Broadside","Lights","Other Motor Vehicle","N","N","N","N"
6906932,"N","Y","Injury (Complaint of Pain)","N",2015,22.75,"Spring","N","N","F","N","N","Y","N","N","N","N","N","Dark - Street Lights","Sideswipe","Automobile Right of Way","Other Motor Vehicle","N","N","N","N"
6906975,"N","Y","Injury (Other Visible)","N",2015,20.3333333333333,"Spring","N","N","Su","N","N","Y","N","N","N","N","N","Dark - Street Lights","Sideswipe","Automobile Right of Way","Other Motor Vehicle","N","N","N","N"
6907090,"N","Y","Injury (Complaint of Pain)","N",2015,9.83333333333333,"Spring","N","N","F","Y","N","Y","N","N","N","N","N","Daylight","Broadside","Pedestrian Violation","Other Motor Vehicle","N","N","N","N"
6907106,"N","N","Fatal","Y",2015,18.3333333333333,"Spring","PM","N","Tu","Y","N","Y","N","N","N","N","N","Daylight","Broadside","Pedestrian Violation","Other Motor Vehicle","N","N","N","N"
6907125,"N","Y","Injury (Complaint of Pain)","N",2015,13,"Spring","N","N","F","Y","N","Y","N","N","N","N","N","Daylight","Head-On","Pedestrian Violation","Other Motor Vehicle","N","N","N","N"
6907565,"N","N","Fatal","Y",2015,5.83333333333333,"Spring","N","N","Th","N","Y","Y","N","N","N","N","N","Daylight","Sideswipe","Pedestrian Right of Way","Other Motor Vehicle","N","N","N","N"
6908683,"N","Y","PDO (property damage only)","N",2015,17,"Spring","PM","N","W","N","N","Y","N","N","N","N","N","Daylight","Sideswipe","Pedestrian Violation","Other Motor Vehicle","N","N","N","N"
6909213,"N","Y","Injury (Complaint of Pain)","N",2015,16,"Spring","PM","N","Th","N","N","Y","N","N","N","N","N","Daylight","Broadside","Pedestrian Violation","Other Motor Vehicle","N","N","N","N"
6910179,"N","Y","Injury (Other Visible)","N",2015,10.1666666666667,"Spring","N","N","F","Y","N","Y","N","N","N","N","Y","Daylight","Broadside","Pedestrian Violation","Other Motor Vehicle","N","N","N","N"
6910191,"N","Y","Injury (Other Visible)","N",2015,22.1666666666667,"Spring","N","N","Su","Y","N","Y","N","N","N","N","N","Dark - Street Lights","Head-On","Pedestrian Violation","Other Motor Vehicle","N","N","N","N"
6910628,"N","Y","Injury (Complaint of Pain)","N",2015,16,"Spring","PM","N","W","N","N","Y","N","N","N","N","N","Daylight","Sideswipe","Automobile Right of Way","Other Motor Vehicle","N","N","N","N"
6910739,"N","N","Fatal","Y",2015,3.41666666666667,"Spring","N","Y","Su","N","N","Y","N","N","N","N","N","Dark - Street Lights","Rear End","Wrong Side of Road","Parked Motor Vehicle","N","N","N","N"
6910751,"N","N","Fatal","Y",2015,22.9166666666667,"Spring","N","N","Th","N","N","Y","N","N","N","N","N","Dark - Street Lights","Sideswipe","Wrong Side of Road","Fixed Object","N","N","N","N"
6911643,"N","Y","Injury (Other Visible)","N",2015,19.5,"Spring","N","N","F","N","Y","Y","N","N","N","N","N","Dark - Street Lights","Rear End","Unsafe Speed","Other Motor Vehicle","Y","Y","N","N"
6911647,"N","N","Fatal","Y",2015,19.5166666666667,"Spring","N","N","F","N","Y","Y","N","N","N","N","N","Dark - Street Lights","Sideswipe","Pedestrian Right of Way","Other Motor Vehicle","N","Y","N","N"
6911734,"N","Y","Injury (Complaint of Pain)","N",2015,7.01666666666667,"Winter","AM","N","W","N","Y","Y","N","N","N","N","N","Daylight","Overturned","Wrong Side of Road","Non-Collision","N","N","N","N"
6911738,"N","Y","Injury (Complaint of Pain)","N",2015,20.8666666666667,"Winter","N","N","Tu","N","Y","Y","N","N","N","N","N","Dark - No Street Lights","Hit Object","Code 20","Other Object","N","N","N","N"
6911909,"N","Y","Injury (Complaint of Pain)","N",2015,10.25,"Winter","N","N","F","Y","N","Y","N","N","N","N","N","Daylight","Broadside","Pedestrian Violation","Other Motor Vehicle","N","N","N","N"
6911935,"N","Y","Injury (Other Visible)","N",2015,20.5833333333333,"Spring","N","N","F","N","Y","Y","N","N","N","N","N","Dark - Street Lights","Sideswipe","Pedestrian Right of Way","Other Motor Vehicle","N","N","N","N"
6911939,"N","Y","PDO (property damage only)","N",2015,16.3333333333333,"Spring","N","N","Sa","N","Y",NA,NA,NA,NA,"N","N","Daylight","Overturned","Wrong Side of Road","Non-Collision","N","N","N","N"
6911994,"N","Y","PDO (property damage only)","N",2015,17.0833333333333,"Spring","PM","N","M","N","Y","Y","N","N","N","N","N","Daylight","Rear End","Automobile Right of Way","Other Motor Vehicle","N","N","N","N"
6912121,"N","Y","Injury (Complaint of Pain)","N",2015,8.75,"Spring","AM","N","W","N","Y","Y","N","N","N","N","N","Daylight","Sideswipe","Automobile Right of Way","Other Motor Vehicle","N","N","N","N"
6912281,"N","Y","Injury (Complaint of Pain)","N",2015,19.3333333333333,"Spring","N","N","W","N","N","Y","N","N","N","N","N","Dark - Street Lights","Sideswipe","Pedestrian Right of Way","Other Motor Vehicle","N","N","N","N"
6912313,"N","N","Fatal","Y",2015,2.08333333333333,"Winter","N","Y","Tu","N","N","Y","N","N","N","N","N","Dark - Street Lights","Broadside","Unsafe Speed","Parked Motor Vehicle","Y","N","N","N"
6912414,"N","Y","Injury (Other Visible)","N",2015,6.66666666666667,"Spring","N","N","M","N","N","N","Y","N","N","N","N","Dusk or Dawn","Broadside","Pedestrian Right of Way","Other Motor Vehicle","N","N","N","N"
6912444,"N","Y","PDO (property damage only)","N",2015,21.9166666666667,"Spring","N","N","Su","Y","N","Y","N","N","N","N","N","Dark - Street Lights","Broadside","Pedestrian Violation","Other Motor Vehicle","N","N","N","N"
6912454,"N","Y","Injury (Other Visible)","N",2015,14.3333333333333,"Spring","N","N","M","Y","N","Y","N","N","N","N","N","Daylight","Broadside","Pedestrian Violation","Other Motor Vehicle","N","N","N","N"
6912461,"N","Y","PDO (property damage only)","N",2015,16.6666666666667,"Spring","PM","N","F","N","N","Y","N","N","N","N","N","Daylight","Other","Improper Turning","Other Object","N","N","N","N"
6912472,"N","Y","Injury (Complaint of Pain)","N",2015,17.9166666666667,"Spring","N","N","Su","N","N","Y","N","N","N","N",NA,"Daylight","Rear End","Improper Passing","Other Motor Vehicle","N","N","N","N"
6912476,"N","Y","PDO (property damage only)","N",2015,17.0833333333333,"Spring","PM","N","Th","N","N","Y","N","N","N","N","N","Daylight","Sideswipe","Impeding Traffic","Other Motor Vehicle","N","N","N","N"
6912517,"N","N","PDO (property damage only)","N",2015,15,"Spring","PM","N","F","N","N","Y","N","N","N","N","N","Daylight","Broadside","Pedestrian Violation","Bicycle","N","N","N","Y"
6912715,"N","N","Injury (Complaint of Pain)","N",2015,2,"Spring","N","Y","M","Y","N","Y","N","N","N","N","N","Dark - Street Lights","Hit Object","Wrong Side of Road","Parked Motor Vehicle","Y","N","N","N"
6912719,"N","N","Fatal","Y",2015,9.58333333333333,"Spring","N","N","Tu","N","N","Y","N","N","N","N",NA,"Daylight","Rear End","Other Improper Driving","Other Motor Vehicle","N","N","N","N"
6913455,"N","Y","PDO (property damage only)","N",2015,16.25,"Spring","PM","N","Tu","N","N","N","Y","Y","N","Y","N","Daylight","Other","Pedestrian Violation","Other Motor Vehicle","N","N","N","N"
6913576,"N","Y","PDO (property damage only)","N",2015,17.6666666666667,"Spring","PM","N","W","N","N","Y","N","N","N","N","N","Daylight","Broadside","Pedestrian Violation","Other Motor Vehicle","N","N","N","N"
6913611,"N","Y","Injury (Complaint of Pain)","N",2015,17.4166666666667,"Spring","PM","N","F","Y","N","N","Y","N","N","N","N","Daylight","Other","Pedestrian Violation","Other Motor Vehicle","N","N","N","N"
6913720,"N","Y","PDO (property damage only)","N",2015,11,"Spring","N","N","Th","N","N","Y","N","N","N","N","N","Daylight","Other","Pedestrian Right of Way","Bicycle","N","N","N","N"
6914177,"N","Y","Injury (Complaint of Pain)","N",2015,11.75,"Spring","N","N","Th","Y","N","Y","N","N","N","N","N","Daylight","Broadside","Pedestrian Violation","Other Motor Vehicle","N","N","N","N"
6914325,"N","Y","Injury (Complaint of Pain)","N",2015,15.6666666666667,"Spring","PM","N","W","N","N","Y","N","N","N","N","N","Daylight","Other","Code 19","Other Motor Vehicle","N","N","N","N"
6914456,"N","Y","PDO (property damage only)","N",2015,22.75,"Spring","N","N","F","N","N","Y","N","N","N","N","N","Dark - Street Lights","Head-On","Pedestrian Violation","Bicycle","N","N","N","N"
6914503,"N","N","Fatal","Y",2015,21.5,"Spring","N","N","Su","N","N","Y","N","N","N","N","N","Dark - Street Lights","Rear End","Unsafe Starting or Backing","Parked Motor Vehicle","N","N","N","N"
6915253,"N","Y","Injury (Other Visible)","N",2015,20.1666666666667,"Spring","N","N","Th","N","N","Y","N","N","N","N","N","Dark - Street Lights","Other","Code 20","Parked Motor Vehicle","N","N","N","N"