"CASE_ID","mc_killed","mc_injured","collision_severity","severe","accident_year","hours_since_midnight","season","rush_hour","late_night","day_of_week","intersection","state_hwy_ind","w_clear","w_cloudy","w_rainy","w_other","road_not_dry","road_condition_issue","lighting","type_of_collision","pcf_viol_category","mviw","alcohol_involved","truck_accident","pedestrian_accident","bicycle_accident"
7019911,"N","Y","PDO (property damage only)","N",2015,3.75,"Summer","N","Y","M","Y","N","Y","N","N","N","N","N","Dark - Street Lights","Broadside","Lights","Other Motor Vehicle","N","N","N","N"
7020177,"N","Y","PDO (property damage only)","N",2015,17.25,"Summer","PM","N","F","N","N","Y","N","N","N","N","N","Daylight","Rear End","Wrong Side of Road","Other Motor Vehicle","N","N","N","N"
7020181,"N","N","Injury (Complaint of Pain)","N",2015,6.75,"Summer","N","N","F","Y","N","Y","N","N","N","N","N","Daylight","Broadside","Pedestrian Violation","Other Motor Vehicle","N","N","N","N"
7020426,"N","Y","PDO (property damage only)","N",2015,18.3333333333333,"Summer","PM","N","Th","N","Y","Y","N","N","N","N","N","Daylight","Sideswipe","Impeding Traffic","Other Motor Vehicle","N","N","N","N"
7020979,"N","N","Fatal","Y",2015,22.1666666666667,"Summer","N","N","Th","N","N","Y","N","N","N","N","N","Dark - Street Lights","Sideswipe","Unsafe Speed","Parked Motor Vehicle","Y","N","N","N"
7021387,"N","N","Fatal","Y",2015,0.833333333333333,"Summer","N","Y","F","N","N","Y","N","N","N","N","N","Dark - No Street Lights","Rear End","Wrong Side of Road","Parked Motor Vehicle","N","N","N","N"
7021504,"N","Y","Injury (Complaint of Pain)","N",2015,10.1666666666667,"Summer","N","N","Th","N","N","Y","N","N","N","N","N","Daylight","Sideswipe","Unsafe Lane Change","Other Motor Vehicle","N","Y","N","N"
7021555,"N","Y","Injury (Complaint of Pain)","N",2015,6.83333333333333,"Summer","N","N","F","Y","N","N","Y","N","N","N","N","Daylight","Broadside","Lights","Other Motor Vehicle","N","N","N","N"
7021617,"N","Y","Injury (Complaint of Pain)","N",2015,14.0833333333333,"Summer","N","N","Sa","N","N","Y","N","N","N","N","N","Daylight","Broadside","Pedestrian Violation","Other Motor Vehicle","N","N","N","N"
7021637,"N","Y","Injury (Other Visible)","N",2015,20.1666666666667,"Summer","N","N","M","Y","N","Y","N","N","N","N","N","Dark - Street Lights","Head-On","Pedestrian Violation","Other Motor Vehicle","N","N","N","N"
7021651,"N","N","Fatal","Y",2015,14.1666666666667,"Summer","N","N","Sa","N","N","Y","N","N","N","N","N","Daylight",NA,"Wrong Side of Road","Other Motor Vehicle","N","N","N","N"
7021661,"N","Y","PDO (property damage only)","N",2015,19.25,"Summer","N","N","W","N","N","Y","N","N","N","N","N","Daylight","Rear End","Wrong Side of Road","Other Motor Vehicle","N","N","N","N"
7021836,"N","Y","Injury (Complaint of Pain)","N",2015,18.5,"Summer","N","N","Su","N","N","N","N","N","Y","N","N","Dusk or Dawn","Rear End","Wrong Side of Road","Other Motor Vehicle","N","N","N","N"
7021896,"N","Y","PDO (property damage only)","N",2015,11.5833333333333,"Summer","N","N","Sa","Y","N","Y","N","N","N","N","N","Daylight","Rear End","Pedestrian Violation","Other Motor Vehicle","N","N","N","N"
7022609,"N","N","Fatal","Y",2015,21,"Summer","N","N","M","N","N","Y","N","N","N","N","N","Dark - No Street Lights","Sideswipe","Code 19","Parked Motor Vehicle","N","N","N","N"
7023623,"N","Y","Injury (Complaint of Pain)","N",2015,13.6666666666667,"Winter","N","N","F","N","Y","Y","N","N","N","N","N","Daylight","Sideswipe","Wrong Side of Road","Other Motor Vehicle","N","N","N","N"
7023626,"N","Y","Injury (Other Visible)","N",2015,23.75,"Winter","N","Y","W","N","Y","Y","N","N","N","N","N","Dark - No Street Lights","Hit Object","Pedestrian Right of Way","Fixed Object","N","N","N","N"
7023640,"N","Y","Injury (Complaint of Pain)","N",2015,17.1666666666667,"Spring","PM","N","M","Y","N","Y","N","N","N","N","N","Daylight",NA,"Lights","Other Motor Vehicle","N","N","N","N"
7023648,"N","Y","PDO (property damage only)","N",2015,19.25,"Spring","N","N","Sa","N","N","Y","N","N","N","N","N","Dusk or Dawn","Hit Object","Wrong Side of Road","Fixed Object","N","N","N","N"
7023650,"N","Y","PDO (property damage only)","N",2015,9.41666666666667,"Winter","N","N","W","N","Y","Y","N","N","N","N","N","Daylight","Other","Automobile Right of Way","Non-Collision","N","N","N","N"
7023702,"N","N","Fatal","Y",2015,15.2833333333333,"Spring","PM","N","F","N","N","Y","N","N","N","N","N","Daylight","Broadside","Lights","Other Motor Vehicle","N","N","N","N"
7024254,"N","Y","PDO (property damage only)","N",2015,9.66666666666667,"Spring","N","N","M","N","Y","Y","N","N","N","N","N","Daylight","Hit Object","Automobile Right of Way","Fixed Object","N","N","N","N"
7024270,"N","Y","Injury (Complaint of Pain)","N",2015,11.3333333333333,"Spring","N","N","Tu","N","Y","N","Y","N","N","N","N","Daylight","Sideswipe","Automobile Right of Way","Other Motor Vehicle","N","N","N","N"
7025058,"N","N","Fatal","Y",2015,9.86666666666667,"Summer","N","N","W","N","Y","Y","N","N","N","N","N","Daylight","Rear End","Wrong Side of Road","Other Motor Vehicle","N","N","N","N"
7025085,"N","N","Fatal","Y",2015,18,"Summer","PM","N","Tu","N","Y","Y","N","N","N","N","N","Daylight","Overturned","Wrong Side of Road","Non-Collision","N","N","N","N"
7025621,"N","Y","Injury (Complaint of Pain)","N",2015,22.5,"Summer","N","N","Tu","N","N","Y","N","N","N","N","N","Dark - Street Lights","Rear End","Improper Passing","Motor Vehicle on Other Roadway","N","N","N","N"
7025811,"N","Y","Injury (Complaint of Pain)","N",2015,14.75,"Summer","N","N","Sa","Y","N","Y","N","N","N","N","N","Daylight","Hit Object","Pedestrian Violation","Fixed Object","N","N","N","N"
7025812,"N","Y","Injury (Complaint of Pain)","N",2015,18.1666666666667,"Summer","PM","N","Tu","N","N","Y","N","N","N","N","N","Daylight","Broadside","Pedestrian Violation","Other Motor Vehicle","N","N","N","N"
7025815,"N","Y","PDO (property damage only)","N",2015,8.25,"Summer","AM","N","M","N","N","Y","N","N","N","N","N","Daylight","Broadside","Pedestrian Violation","Other Motor Vehicle","N","N","N","N"
7025839,"N","Y","Injury (Other Visible)","N",2015,8.41666666666667,"Summer","AM","N","Tu","N","N","Y","N","N","N","N","N","Daylight","Broadside","Pedestrian Violation","Other Motor Vehicle","N","N","N","N"
7025995,"N","Y","Injury (Complaint of Pain)","N",2015,18,"Summer","PM","N","M","Y","N","Y","N","N","N","N","N","Dusk or Dawn","Head-On","Pedestrian Right of Way","Other Motor Vehicle","N","N","N","N"
7026049,"N","Y","Injury (Complaint of Pain)","N",2015,9.41666666666667,"Spring","N","N","F","N","Y","Y","N","N","N","N","N","Daylight","Sideswipe","Pedestrian Right of Way","Other Motor Vehicle","N","N","N","N"
7026575,"N","Y","Injury (Complaint of Pain)","N",2015,23.3333333333333,"Summer","N","Y","W","Y","Y","Y","N","N","N","N","N","Dark - Street Lights","Sideswipe","Code 20","Other Motor Vehicle","N","N","N","N"
7026600,"N","Y","Injury (Complaint of Pain)","N",2015,16.3333333333333,"Summer","PM","N","Tu","Y","N","Y","N","N","N","N","N","Daylight","Other","Pedestrian Violation","Other Motor Vehicle","N","N","N","N"
7026604,"N","Y","Injury (Complaint of Pain)","N",2015,20.25,"Summer","N","N","Tu","Y","N","Y","N","N","N","N","N","Dark - Street Lights","Head-On","Pedestrian Right of Way","Other Motor Vehicle","N","N","N","N"
7026612,"N","Y","Injury (Complaint of Pain)","N",2015,8.83333333333333,"Summer","AM","N","Tu","Y","N","Y","N","N","N","N","N","Daylight","Sideswipe","Impeding Traffic","Other Object","N","N","N","N"
7026645,"N","Y","Injury (Complaint of Pain)","N",2015,17.1666666666667,"Summer","PM","N","M","N","N","Y","N","N","N","N","N","Daylight","Broadside","Unsafe Lane Change","Motor Vehicle on Other Roadway","N","N","N","N"
7027361,"N","Y","Injury (Complaint of Pain)","N",2015,18.0333333333333,"Summer","PM","N","Tu","N","Y","Y","N","N","N","N","N","Daylight","Sideswipe","Pedestrian Right of Way","Other Motor Vehicle","N","N","N","N"
7027363,"N","Y","Injury (Complaint of Pain)","N",2015,15.9166666666667,"Summer","N","N","Sa","N","Y","N","N","Y","N","Y","N","Daylight","Sideswipe","Automobile Right of Way","Other Motor Vehicle","N","N","N","N"
7027364,"N","Y","PDO (property damage only)","N",2015,18.8333333333333,"Summer","PM","N","Th","N","Y","Y","N","N","N","N","N","Daylight","Sideswipe","Pedestrian Right of Way","Other Motor Vehicle","N","N","N","N"
7027393,"N","Y","Injury (Complaint of Pain)","N",2015,16.6666666666667,"Summer","N","N","Su","Y","N","Y","N","N","N","N","N","Daylight","Broadside","Pedestrian Violation","Other Motor Vehicle","N","N","N","N"
7027789,"N","Y","Injury (Other Visible)","N",2015,17,"Spring","PM","N","W","N","Y","Y","N","N","N","N","N","Daylight","Sideswipe","Automobile Right of Way","Other Motor Vehicle","N","N","N","N"
7028136,"N","Y","Injury (Other Visible)","N",2015,12.3333333333333,"Fall","N","N","Su","N","N","Y","N","N","N","N","N","Daylight","Broadside","Lights","Other Motor Vehicle","N","N","N","N"
7028251,"N","Y","Injury (Other Visible)","N",2015,22.25,"Summer","N","N","Th","N","N","Y","N","N","N","N","N","Dark - Street Lights","Broadside","Pedestrian Violation","Other Motor Vehicle","N","N","N","N"
7028819,"N","Y","Injury (Complaint of Pain)","N",2015,12.25,"Summer","N","N","M","N","N","Y","N","N","N","N","N","Daylight","Broadside","Pedestrian Right of Way","Other Motor Vehicle","N","N","N","N"
7028881,"N","Y","PDO (property damage only)","N",2015,18.5833333333333,"Summer","PM","N","Tu","N","Y","Y","N","N","N","N","N","Daylight","Broadside","Pedestrian Violation","Other Motor Vehicle","N","N","N","N"
7028901,"N","Y","Injury (Complaint of Pain)","N",2015,19.75,"Summer","N","N","Tu","N","N","Y","N","N","N","N","N","Dark - Street Lights","Other","Lights","Non-Collision","N","N","N","N"
7028905,"N","Y","Injury (Complaint of Pain)","N",2015,14.75,"Summer","N","N","M","N","N","Y","N","N","N","N","N","Daylight","Sideswipe","Impeding Traffic","Other Motor Vehicle","N","N","N","N"
7028917,"N","Y","Injury (Complaint of Pain)","N",2015,17.25,"Summer","PM","N","Tu","Y","N","Y","N","N","N","N","N","Daylight","Broadside","Pedestrian Violation","Other Motor Vehicle","N","N","N","N"
7028933,"N","Y","Injury (Complaint of Pain)","N",2015,13.1666666666667,"Summer","N","N","Th","N","N","Y","N","N","N","N","N","Daylight","Broadside","Pedestrian Violation","Other Motor Vehicle","N","N","N","N"
7029042,"N","N","Fatal","Y",2015,13.75,"Summer","N","N","Tu","N","N","Y","N","N","N","N","N","Daylight","Broadside","Wrong Side of Road","Parked Motor Vehicle","N","N","N","N"
7029374,"N","Y","Injury (Other Visible)","N",2015,9.75,"Summer","N","N","F","Y","N","Y","N","N","N","N","N","Daylight","Broadside","Pedestrian Violation","Other Motor Vehicle","N","N","N","N"
7029413,"N","N","PDO (property damage only)","N",2015,6.66666666666667,"Summer","N","N","Sa","Y","N","Y","N","N","N","N","N","Daylight","Broadside","Lights","Other Motor Vehicle","N","N","N","N"
7029482,"N","Y","Injury (Complaint of Pain)","N",2015,20.75,"Summer","N","N","F","Y","Y","Y","N","N","N","N","N","Dark - Street Lights","Sideswipe","Lights","Other Motor Vehicle","N","N","N","N"
7029735,"N","Y","PDO (property damage only)","N",2015,17.75,"Summer","PM","N","Th","Y","N","N","Y","N","N","N","N","Daylight","Broadside","Lights","Motor Vehicle on Other Roadway","N","N","N","N"
7029739,"N","Y","Injury (Other Visible)","N",2015,17.9166666666667,"Summer","PM","N","F","N","Y","Y","N","N","N","N","N","Dark - Street Lights","Rear End","Impeding Traffic","Other Motor Vehicle","N","N","N","N"
7030195,"N","N","PDO (property damage only)","N",2015,10.8333333333333,"Spring","N","N","Th","N","Y","Y","N","N","N","N","N","Daylight","Overturned","Pedestrian Right of Way","Non-Collision","N","N","N","N"
7030327,"N","N","Fatal","Y",2015,9.25,"Spring","N","N","M","N","Y","Y","N","N","N","N","N","Daylight","Sideswipe","Automobile Right of Way","Other Motor Vehicle","N","N","N","N"
7030328,"N","N","Fatal","Y",2015,4.41666666666667,"Spring","N","Y","M","N","Y","Y","N","N","N","N","N","Dark - No Street Lights","Hit Object","Wrong Side of Road","Other Motor Vehicle","N","N","N","N"
7030570,"N","Y","Injury (Complaint of Pain)","N",2015,19.75,"Summer","N","N","Sa","Y","N","Y","N","N","N","N","N","Dusk or Dawn","Broadside","Pedestrian Violation","Other Motor Vehicle","N","N","N","N"
7030617,"N","Y","PDO (property damage only)","N",2015,6.75,"Spring","N","N","Tu","N","Y","Y","N","N","N","N","N","Daylight","Sideswipe","Impeding Traffic","Other Motor Vehicle","N","N","N","N"
7030621,"N","Y","Injury (Other Visible)","N",2015,4.35,"Spring","N","Y","M","N","Y","Y","N","N","N","N","N","Dark - Street Lights","Overturned","Unsafe Speed","Fixed Object","Y","N","N","N"
7030888,"N","Y","Injury (Complaint of Pain)","N",2015,17.3333333333333,"Spring","PM","N","W","N","Y","Y","N","N","N","N","N","Daylight","Sideswipe","Wrong Side of Road","Other Motor Vehicle","N","N","N","N"
7030892,"N","Y","Injury (Complaint of Pain)","N",2015,0.75,"Spring","N","Y","F","N","Y","Y","N","N","N","N","N","Dark - No Street Lights","Overturned","Wrong Side of Road","Non-Collision","N","N","N","N"
7030909,"N","Y","PDO (property damage only)","N",2015,19,"Spring","PM","N","Tu","N","N","Y","N","N","N","N","N","Daylight","Rear End","Improper Passing","Other Motor Vehicle","N","N","N","N"
7030928,"N","N","Injury (Complaint of Pain)","N",2015,2.91666666666667,"Spring","N","Y","Sa","N","Y","Y","N","N","N","N","N","Dark - Street Lights","Rear End","Wrong Side of Road","Other Motor Vehicle","N","N","N","N"
7031150,"N","Y","Injury (Complaint of Pain)","N",2015,10.0833333333333,"Summer","N","N","F","N","N","N","Y","N","N","N","N","Daylight","Broadside","Pedestrian Right of Way","Other Motor Vehicle","N","N","N","N"
7031190,"N","Y","Injury (Other Visible)","N",2015,19.8333333333333,"Summer","N","N","W","N","N","Y","N","N","N","N","N","Dusk or Dawn","Head-On","Unsafe Lane Change","Bicycle","N","N","N","Y"
7031283,"N","Y","Injury (Complaint of Pain)","N",2015,13.5833333333333,"Summer","N","N","F","Y","Y","Y","N","N","N","N","N","Daylight","Broadside","Pedestrian Violation","Other Motor Vehicle","N","N","N","N"
7031352,"N","N","Injury (Complaint of Pain)","N",2015,1,"Summer","N","Y","F","N","N","Y","N","N","N","N","N","Dark - Street Lights","Head-On","Unsafe Lane Change","Parked Motor Vehicle","N","N","N","N"
7031355,"N","Y","PDO (property damage only)","N",2015,9.5,"Summer","N","N","W","Y","N","Y","N","N","N","N","N","Daylight","Broadside","Pedestrian Violation","Other Motor Vehicle","N","N","N","N"
7032518,"N","N","Fatal","Y",2015,17,"Summer","PM","N","Th","N","N","Y","N","N","N","N","N","Daylight","Other","Unsafe Starting or Backing","Other Motor Vehicle","N","N","N","N"
7032605,"N","Y","Injury (Complaint of Pain)","N",2015,23.75,"Summer","N","Y","Tu","N","N","Y","N","N","N","N","N","Dark - Street Lights","Broadside","Lights","Other Motor Vehicle","N","N","N","N"
7033263,"N","Y","Injury (Complaint of Pain)","N",2015,1.66666666666667,"Summer","N","Y","Sa","N","N","Y","N","N","N","N","N","Dark - Street Lights","Sideswipe","Pedestrian Right of Way","Other Motor Vehicle","N","N","N","N"
7033543,"N","Y","Injury (Other Visible)","N",2015,21.6666666666667,"Summer","N","N","Sa","Y","N","Y","N","N","N","N","N","Dark - Street Lights","Broadside","Pedestrian Right of Way","Other Motor Vehicle","N","N","N","N"
7033576,"N","N","Fatal","Y",2015,15.1666666666667,"Summer","PM","N","Th","N","Y","Y","N","N","N","N","N","Daylight","Sideswipe","Pedestrian Right of Way","Other Motor Vehicle","N","N","N","N"
7036116,"N","Y","PDO (property damage only)","N",2015,13.1666666666667,"Summer","N","N","Th","Y","N","Y","N","N","N","N","N","Daylight","Broadside","Lights","Other Motor Vehicle","N","N","N","N"
7037161,"N","Y","Injury (Complaint of Pain)","N",2015,22.1666666666667,"Summer","N","N","W","N","N","Y","N","N","N","N","N","Dark - Street Lights","Broadside","Pedestrian Violation","Other Motor Vehicle","N","N","N","N"
7037969,"N","Y","PDO (property damage only)","N",2015,22.5833333333333,"Summer","N","N","Th","Y","N","Y","N","N","N","N","N","Dark - Street Lights","Broadside","Pedestrian Violation","Other Motor Vehicle","N","N","N","N"
7037976,"N","Y","PDO (property damage only)","N",2015,18.0833333333333,"Summer","PM","N","M","Y","N","Y","N","N","N","N","N","Daylight","Broadside","Pedestrian Violation","Other Motor Vehicle","N","N","N","N"
7037998,"N","Y","Injury (Complaint of Pain)","N",2015,11.75,"Summer","N","N","Su","N","N","Y","N","N","N","N","N","Daylight","Rear End","Improper Passing","Other Motor Vehicle","N","N","N","N"
7038096,"N","N","PDO (property damage only)","N",2015,15,"Summer","PM","N","Th","N","N","Y","N","N","N","N","N","Daylight","Rear End","Wrong Side of Road","Other Motor Vehicle","N","N","N","N"
7038257,"N","Y","Injury (Complaint of Pain)","N",2015,18.6666666666667,"Summer","PM","N","W","N","N","Y","N","N","N","N","N","Daylight","Other","Pedestrian Violation","Non-Collision","N","N","N","N"
7038261,"N","Y","Injury (Complaint of Pain)","N",2015,20.4166666666667,"Summer","N","N","Sa","Y","N","Y","N","N","N","N","N","Dark - Street Lights","Sideswipe","Automobile Right of Way","Other Motor Vehicle","N","N","N","N"
7038337,"N","Y","Injury (Other Visible)","N",2015,8.83333333333333,"Summer","AM","N","W","Y","Y","Y","N","N","N","N","N","Daylight","Broadside","Pedestrian Violation","Other Motor Vehicle","N","N","N","N"
7038825,"N","N","Injury (Complaint of Pain)","N",2015,23.8333333333333,"Summer","N","Y","F","N","N","Y","N","N","N","N","N","Dark - Street Lights","Broadside","Lights","Other Motor Vehicle","N","N","N","N"
7039386,"N","Y","Injury (Complaint of Pain)","N",2015,23.3333333333333,"Summer","N","Y","W","Y","N","Y","N","N","N","N","N","Dark - Street Lights","Sideswipe","Wrong Side of Road","Other Motor Vehicle","N","N","N","N"
7040250,"N","N","Fatal","Y",2015,13.1666666666667,"Summer","N","N","Su","N","N","Y","N","N","N","N","N","Daylight","Other","Unsafe Starting or Backing","Parked Motor Vehicle","N","N","N","N"
7040813,"N","N","Fatal","Y",2015,14.5,"Summer","N","N","W","N","N","Y","N","N","N","N","N","Daylight","Sideswipe","Wrong Side of Road","Parked Motor Vehicle","N","N","N","N"
7041162,"N","Y","Injury (Complaint of Pain)","N",2015,22,"Winter","N","N","Sa","N","N","Y","N","N","N","N","N","Dark - Street Lights","Sideswipe","Wrong Side of Road","Other Motor Vehicle","N","N","N","N"
7041921,"N","Y","PDO (property damage only)","N",2015,19.3333333333333,"Summer","N","N","M","N","N","Y","N","N","N","N","N","Daylight","Broadside","Pedestrian Violation","Other Motor Vehicle","N","N","N","N"
7041923,"N","Y","Injury (Complaint of Pain)","N",2015,0.583333333333333,"Summer","N","Y","F","Y","N","Y","N","N","N","N","N","Dark - Street Lights","Broadside","Pedestrian Violation","Other Motor Vehicle","N","N","N","N"
7041925,"N","Y","Injury (Complaint of Pain)","N",2015,14.8333333333333,"Summer","N","N","W","Y","N","Y","N","N","N","N","N","Daylight","Broadside","Lights","Other Motor Vehicle","N","N","N","N"
7041938,"N","Y","Injury (Other Visible)","N",2015,6,"Summer","N","N","F","Y","Y","Y","N","N","N","N","N","Dark - Street Lights","Broadside","Pedestrian Violation","Other Motor Vehicle","N","N","N","N"
7041948,"N","Y","Injury (Complaint of Pain)","N",2015,21.1666666666667,"Summer","N","N","F","N","N","Y","N","N","N","N","N","Dark - Street Lights","Overturned","Wrong Side of Road","Non-Collision","Y","N","N","N"
7042055,"N","Y","Injury (Other Visible)","N",2015,14.8333333333333,"Summer","N","N","Sa","N","N","Y","N","N","N","N","N","Daylight","Vehicle/Pedestrian","Wrong Side of Road","Pedestrian","N","N","Y","N"
7042059,"N","Y","PDO (property damage only)","N",2015,15.8333333333333,"Summer","PM","N","Tu","N","Y","Y","N","N","N","N","N","Daylight","Sideswipe","Improper Turning","Other Motor Vehicle","N","N","N","N"
7042144,"N","Y","Injury (Complaint of Pain)","N",2015,7.58333333333333,"Spring","AM","N","W","N","Y","N","Y","N","N","N","N","Daylight","Sideswipe","Automobile Right of Way","Other Motor Vehicle","N","N","N","N"
7042150,"N","Y","Injury (Complaint of Pain)","N",2015,9.28333333333333,"Summer","N","N","F","N","Y","Y","N","N","N","N","N","Daylight","Rear End","Wrong Side of Road","Other Motor Vehicle","N","N","N","N"
7042241,"N","N","Fatal","Y",2015,16.3333333333333,"Summer","PM","N","W","N","Y","Y","N","N","N","N","N","Daylight","Rear End","Wrong Side of Road","Other Motor Vehicle","N","N","N","N"
7042249,"N","Y","Injury (Complaint of Pain)","N",2015,14.5,"Summer","N","N","Th","N","Y","Y","N","N","N","N","N","Daylight","Overturned","Pedestrian Right of Way","Non-Collision","N","N","N","N"
7042271,"N","Y","PDO (property damage only)","N",2015,14,"Summer","N","N","F","Y","N","Y","N","N","N","N","N","Daylight","Head-On","Pedestrian Violation","Other Motor Vehicle","N","N","N","N"
7042334,"N","N","Fatal","Y",2015,19,"Summer","PM","N","Tu","N","Y","Y","N","N","N","N","N","Daylight","Sideswipe","Automobile Right of Way","Other Motor Vehicle","N","N","N","N"
7042345,"N","N","Fatal","Y",2015,15,"Summer","PM","N","W","N","Y","Y","N","N","N","N","N","Daylight","Sideswipe","Automobile Right of Way","Other Motor Vehicle","N","N","N","N"
7042981,"N","Y","PDO (property damage only)","N",2015,21.1666666666667,"Summer","N","N","M","Y","N","Y","N","N","N","N","N","Daylight","Sideswipe","Pedestrian Right of Way","Other Motor Vehicle","N","N","N","N"
7043104,"N","N","Fatal","Y",2015,0.5,"Summer","N","Y","Th","N","N","Y","N","N","N","N","N","Dark - Street Lights","Head-On","Other Improper Driving","Fixed Object","N","N","N","N"
7043113,"N","Y","Injury (Complaint of Pain)","N",2015,15.5,"Summer","PM","N","F","N","N","Y","N","N","N","N","N","Daylight","Sideswipe","Pedestrian Right of Way","Other Motor Vehicle","N","N","N","N"
7043711,"N","Y","PDO (property damage only)","N",2015,20.9166666666667,"Summer","N","N","Th","Y","N","Y","N","N","N","N","N","Dark - Street Lights","Broadside","Pedestrian Violation","Other Motor Vehicle","N","N","N","N"
7043846,"N","Y","Injury (Complaint of Pain)","N",2015,18.3333333333333,"Summer","N","N","Su","N","N","Y","N","N","N","N","N","Daylight","Sideswipe","Wrong Side of Road","Parked Motor Vehicle","N","N","N","N"
7044318,"N","Y","Injury (Complaint of Pain)","N",2015,8,"Summer","AM","N","W","N","N","Y","N","N","N","N","N","Daylight","Head-On","Wrong Side of Road","Parked Motor Vehicle","N","N","N","N"
7044577,"N","Y","Injury (Other Visible)","N",2015,18.25,"Summer","N","N","Su","N","N","Y","N","N","N","N","N","Daylight","Sideswipe","Unsafe Starting or Backing","Other Motor Vehicle","N","N","N","N"
7045378,"N","Y","Injury (Complaint of Pain)","N",2015,16.3333333333333,"Summer","N","N","Sa","Y","N","Y","N","N","N","N","N","Daylight","Broadside","Pedestrian Violation","Other Motor Vehicle","N","N","N","N"
7045381,"N","Y","PDO (property damage only)","N",2015,7.66666666666667,"Summer","AM","N","Tu","Y","N","Y","N","N","N","N","N","Daylight","Rear End","Impeding Traffic","Other Motor Vehicle","N","N","N","N"
7045445,"N","Y","Injury (Complaint of Pain)","N",2015,13.8333333333333,"Summer","N","N","Sa","N","Y","Y","N","N","N","N","N","Daylight","Broadside","Pedestrian Right of Way","Other Motor Vehicle","N","N","N","N"
7045448,"N","Y","Injury (Complaint of Pain)","N",2015,6.66666666666667,"Summer","N","N","W","N","N","N","Y","N","N","N","N","Daylight","Sideswipe","Pedestrian Violation","Other Motor Vehicle","N","N","N","N"
7045471,"N","Y","Injury (Complaint of Pain)","N",2015,17,"Summer","PM","N","M","Y","N","Y","N","N","N","N","N","Daylight","Broadside","Pedestrian Violation","Other Motor Vehicle","N","N","N","N"
7045497,"N","Y","Injury (Complaint of Pain)","N",2015,9.91666666666667,"Summer","N","N","Tu","Y","N","Y","N","N","N","N","N","Daylight","Broadside","Pedestrian Violation","Other Motor Vehicle","N","N","N","N"
7045509,"N","N","Fatal","Y",2015,7.66666666666667,"Summer","AM","N","Tu","N","N","Y","N","N","N","N","N","Daylight","Sideswipe","Automobile Right of Way","Other Motor Vehicle","N","N","N","N"
7045613,"N","Y","Injury (Other Visible)","N",2015,2,"Spring","N","Y","Su","N","Y","Y","N","N","N","N","N","Dark - Street Lights","Hit Object","Pedestrian Right of Way","Fixed Object","N","N","N","N"
7045831,"N","Y","PDO (property damage only)","N",2015,9.33333333333333,"Spring","N","N","Tu","N","N","Y","N","N","N","N","N","Daylight","Broadside","Pedestrian Violation","Other Motor Vehicle","N","N","N","N"
7047142,"N","N","Fatal","Y",2015,9.5,"Summer","N","N","Sa","N","N","Y","N","N","N","N","N","Daylight","Sideswipe","Automobile Right of Way","Other Motor Vehicle","N","N","N","N"
7047799,"N","N","Fatal","Y",2015,15,"Summer","PM","N","W","N","N","Y","N","N","N","N","N","Daylight","Broadside","Unsafe Starting or Backing","Parked Motor Vehicle","N","N","N","N"
7048097,"N","Y","Injury (Complaint of Pain)","N",2015,13.5,"Summer","N","N","F","Y","N","Y","N","N","N","N","N","Daylight","Sideswipe","Automobile Right of Way","Other Motor Vehicle","N","N","N","N"
7048126,"N","Y","PDO (property damage only)","N",2015,17,"Summer","N","N","Sa","N","N","Y","N","N","N","N","N","Daylight","Rear End","Unsafe Speed","Other Motor Vehicle","Y","N","N","N"
7048339,"N","Y","Injury (Complaint of Pain)","N",2015,19,"Summer","PM","N","W","Y","N","Y","N","N","N","N","N","Daylight","Other","Pedestrian Violation","Fixed Object","N","N","N","N"
7048356,"N","Y","Injury (Other Visible)","N",2015,19.3333333333333,"Summer","N","N","Su","Y","N","Y","N","N","N","N","N","Daylight","Broadside","Pedestrian Right of Way","Other Motor Vehicle","N","N","N","N"
7048365,"N","Y","Injury (Other Visible)","N",2015,12,"Summer","N","N","M","Y","N","Y","N","N","N","N","N","Daylight","Broadside","Pedestrian Right of Way","Other Motor Vehicle","N","N","N","N"
7048369,"N","Y","Injury (Other Visible)","N",2015,10.8333333333333,"Summer","N","N","Tu","Y","N","Y","N","N","N","N","N","Daylight","Broadside","Pedestrian Violation","Other Motor Vehicle","N","N","N","N"
7048377,"N","Y","PDO (property damage only)","N",2015,20.8333333333333,"Summer","N","N","W","N","N","Y","N","N","N","N","N","Dark - Street Lights","Broadside","Pedestrian Violation","Other Motor Vehicle","N","N","N","N"
7048415,"N","Y","PDO (property damage only)","N",2015,10.5833333333333,"Summer","N","N","W","N","N","Y","N","N","N","N","N","Daylight","Broadside","Pedestrian Violation","Non-Collision","N","N","N","N"
7048462,"N","Y","Injury (Complaint of Pain)","N",2015,22.6666666666667,"Summer","N","N","W","N","N","Y","N","N","N","N","N","Dark - Street Lights","Broadside","Pedestrian Violation","Other Motor Vehicle","Y","N","N","N"
7049135,"N","Y","Injury (Complaint of Pain)","N",2015,12.6666666666667,"Summer","N","N","F","Y","N","Y","N","N","N","N","N","Daylight","Broadside","Pedestrian Violation","Other Motor Vehicle","N","N","N","N"
7049308,"N","Y","PDO (property damage only)","N",2015,15.3333333333333,"Summer","PM","N","F","N","N","Y","N","N","N","N","N","Daylight","Hit Object","Wrong Side of Road","Fixed Object","N","N","N","N"
7049323,"N","Y","Injury (Complaint of Pain)","N",2015,13,"Summer","N","N","Sa","Y","N","Y","N","N","N","N","N","Daylight","Hit Object","Pedestrian Right of Way","Fixed Object","N","N","N","N"