"CASE_ID","mc_killed","mc_injured","collision_severity","severe","accident_year","hours_since_midnight","season","rush_hour","late_night","day_of_week","intersection","state_hwy_ind","w_clear","w_cloudy","w_rainy","w_other","road_not_dry","road_condition_issue","lighting","type_of_collision","pcf_viol_category","mviw","alcohol_involved","truck_accident","pedestrian_accident","bicycle_accident"
7049563,"N","Y","PDO (property damage only)","N",2015,14.3333333333333,"Summer","N","N","M","N","Y","Y","N","N","N","N","N","Daylight","Rear End","Automobile Right of Way","Other Motor Vehicle","N","Y","N","N"
7049565,"N","Y","Injury (Complaint of Pain)","N",2015,7.33333333333333,"Summer","AM","N","Tu","N","N","Y","N","N","N","N","N","Daylight","Rear End","Improper Passing","Other Motor Vehicle","N","N","N","N"
7049605,"N","Y","Injury (Other Visible)","N",2015,18.3333333333333,"Summer","PM","N","Th","N","N","Y","N","N","N","N","N","Daylight","Head-On","Pedestrian Violation","Other Motor Vehicle","N","N","N","N"
7049616,"N","Y","Injury (Other Visible)","N",2015,8.91666666666667,"Summer","AM","N","M","Y","N","Y","N","N","N","N","N","Daylight","Head-On","Pedestrian Violation","Other Motor Vehicle","N","N","N","N"
7050479,"N","Y","PDO (property damage only)","N",2015,7.83333333333333,"Summer","AM","N","Th","N","Y","Y","N","N","N","N","N","Daylight","Rear End","Wrong Side of Road","Other Motor Vehicle","N","Y","N","N"
7053057,"N","Y","Injury (Other Visible)","N",2015,10.5,"Summer","N","N","Su","N","N","Y","N","N","N","N","N","Daylight","Broadside","Pedestrian Violation","Other Motor Vehicle","N","N","N","N"
7053161,"N","Y","PDO (property damage only)","N",2015,6.5,"Summer","N","N","Th","N","N","Y","N","N","N","N","N","Daylight","Broadside","Automobile Right of Way","Other Motor Vehicle","N","N","N","N"
7053173,"N","Y","Injury (Complaint of Pain)","N",2015,17.5,"Summer","PM","N","Th",NA,"N","Y","N","N","N","N",NA,"Daylight","Head-On","Wrong Side of Road","Parked Motor Vehicle","N","N","N","N"
7053210,"N","Y","PDO (property damage only)","N",2015,13.1666666666667,"Summer","N","N","M","Y",NA,"Y","N","N","N","N","N","Daylight","Broadside","Pedestrian Violation","Other Motor Vehicle","N","N","N","N"
7053213,"N","Y","Injury (Complaint of Pain)","N",2015,17.1666666666667,"Summer","PM","N","W","Y","N","Y","N","N","N","N","N","Daylight","Broadside","Pedestrian Violation","Other Motor Vehicle","N","N","N","N"
7053233,"N","Y","PDO (property damage only)","N",2015,10.8333333333333,"Summer","N","N","F","Y","N","N","Y","N","N","N","N","Daylight","Broadside","Improper Turning","Other Motor Vehicle","N","N","N","N"
7053257,"N","N","PDO (property damage only)","N",2015,15.8333333333333,"Summer","PM","N","Th","N","N","Y","N","N","N","N","N","Daylight","Rear End","Improper Passing","Other Motor Vehicle","N","N","N","N"
7053269,"N","Y","PDO (property damage only)","N",2015,16.8333333333333,"Summer","N","N","Su","Y","N","Y","N","N","N","N","N","Daylight","Head-On","Lights","Other Motor Vehicle","N","N","N","N"
7053294,"N","N","Fatal","Y",2015,0.333333333333333,"Summer","N","Y","Tu","N","N","Y","N","N","N","N","N","Dark - Street Lights","Sideswipe","Unsafe Speed","Other Motor Vehicle","Y","N","N","N"
7053458,"N","Y","PDO (property damage only)","N",2015,16.75,"Summer","PM","N","Th","Y","N","Y","N","N","N","N","N","Daylight","Other","Pedestrian Violation","Other Motor Vehicle","N","N","N","N"
7053497,"N","Y","PDO (property damage only)","N",2015,15.25,"Summer","N","N","Sa","N","N","Y","N","N","N","N",NA,"Daylight","Broadside","Pedestrian Right of Way","Other Motor Vehicle","N","N","N","N"
7053527,"N","Y","Injury (Complaint of Pain)","N",2015,2.08333333333333,"Summer","N","Y","Sa","N","N","Y","N","N","N","N","N","Dark - Street Lights","Broadside","Pedestrian Violation","Other Motor Vehicle","N","N","N","N"
7053543,"N","Y","Injury (Complaint of Pain)","N",2015,13.4166666666667,"Summer","N","N","W","N","N","Y","N","N","N","N","N","Daylight","Broadside","Impeding Traffic","Other Motor Vehicle","N","N","Y","N"
7053572,"N","Y","PDO (property damage only)","N",2015,7.83333333333333,"Summer","AM","N","M","Y","N","Y","N","N","N","N","N","Daylight","Broadside","Pedestrian Violation","Other Motor Vehicle","N","N","N","N"
7053591,"N","Y","Injury (Other Visible)","N",2015,18.6666666666667,"Summer","PM","N","W","Y","N","Y","N","N","N","N","N","Daylight","Broadside","Pedestrian Violation","Other Motor Vehicle","N","N","N","N"
7053619,"N","Y","Injury (Other Visible)","N",2015,13,"Summer","N","N","W","Y","Y","Y","N","N","N","N","N","Daylight","Broadside","Pedestrian Violation","Other Motor Vehicle","N","N","N","N"
7054169,"N","Y","Injury (Complaint of Pain)","N",2015,15.6666666666667,"Summer","PM","N","Th","N","Y","Y","N","N","N","N","N","Daylight","Overturned","Automobile Right of Way","Non-Collision","N","N","N","N"
7054214,"N","Y","PDO (property damage only)","N",2015,8.5,"Summer","AM","N","M","Y","N","Y","N","N","N","N","N","Daylight","Other","Pedestrian Right of Way","Bicycle","Y","N","N","N"
7054215,"N","N","PDO (property damage only)","N",2015,8.5,"Summer","AM","N","M","N","N","Y","N","N","N","N","N","Daylight","Rear End","Wrong Side of Road","Other Motor Vehicle","N","N","N","N"
7054361,"N","Y","PDO (property damage only)","N",2015,21.6666666666667,"Fall","N","N","Th","Y","N","Y","N","N","N","N","N","Dark - Street Lights","Broadside","Pedestrian Violation","Other Motor Vehicle","N","N","N","N"
7054772,"N","N","Fatal","Y",2015,17.9833333333333,"Summer","PM","N","Th","N","Y","Y","N","N","N","N","N","Daylight","Hit Object","Automobile Right of Way","Other Motor Vehicle","N","N","N","N"
7054838,"N","Y","Injury (Complaint of Pain)","N",2015,10.75,"Summer","N","N","Th","N","N","Y","N","N","N","N","N","Daylight","Sideswipe","Pedestrian Right of Way","Other Motor Vehicle","N","N","N","N"
7054840,"N","Y","Injury (Complaint of Pain)","N",2015,16.8333333333333,"Summer","PM","N","W","Y","N","Y","N","N","N","N",NA,"Daylight","Rear End","Wrong Side of Road","Other Motor Vehicle","N","N","N","N"
7054866,"N","Y","PDO (property damage only)","N",2015,0.416666666666667,"Summer","N","Y","Su","N","N","Y","N","N","N","N","N","Dark - Street Lights","Broadside","Pedestrian Violation","Other Motor Vehicle","N","N","N","N"
7054907,"N","Y","Injury (Complaint of Pain)","N",2015,17.6666666666667,"Summer","N","N","Sa","Y","N","Y","N","N","N","N","N","Daylight","Sideswipe","Impeding Traffic","Other Motor Vehicle","N","N","N","N"
7054947,"N","Y","Injury (Complaint of Pain)","N",2015,18.5,"Summer","PM","N","Th","Y","N","Y","N","N","N","N","N","Daylight","Broadside","Wrong Side of Road","Other Motor Vehicle","N","N","N","N"
7055012,"N","Y","PDO (property damage only)","N",2015,19.1666666666667,"Fall","N","N","F","Y","N","Y","N","N","N","N","N","Dusk or Dawn","Broadside","Pedestrian Violation","Motor Vehicle on Other Roadway","N","N","N","N"
7055179,"N","Y","Injury (Complaint of Pain)","N",2015,23.5,"Fall","N","Y","W","N","N","Y","N","N","N","N","N","Dark - Street Lights","Other","Wrong Side of Road","Non-Collision","N","N","N","N"
7055185,"N","N","PDO (property damage only)","N",2015,13.4166666666667,"Fall","N","N","Su","Y","N","Y","N","N","N","N","N","Daylight","Head-On","Lights","Other Motor Vehicle","N","N","N","N"
7055215,"N","Y","Injury (Other Visible)","N",2015,7.5,"Summer","AM","N","M","N","Y","Y","N","N","N","N","N","Daylight","Sideswipe","Automobile Right of Way","Other Motor Vehicle","N","N","N","N"
7055236,"N","Y","PDO (property damage only)","N",2015,8.46666666666667,"Summer","AM","N","Tu","N","Y","Y","N","N","N","N","N","Daylight","Rear End","Improper Turning","Other Motor Vehicle","N","N","N","N"
7055244,"N","N","Injury (Complaint of Pain)","N",2015,20.1666666666667,"Fall","N","N","Su","N","N","Y","N","N","N","N","N","Dark - Street Lights","Other","Unsafe Starting or Backing","Other Object","N","N","N","N"
7055249,"N","Y","PDO (property damage only)","N",2015,17,"Fall","PM","N","W","Y","N","Y","N","N","N","N","N","Daylight","Broadside","Pedestrian Violation","Other Motor Vehicle","N","N","N","N"
7055328,"N","Y","Injury (Complaint of Pain)","N",2015,14.75,"Fall","N","N","F","N","N","Y","N","N","N","N","N","Daylight","Overturned","Impeding Traffic","Other Object","N","N","N","N"
7055507,"N","Y","PDO (property damage only)","N",2015,11.1666666666667,"Summer","N","N","F","Y","N","Y","N","N","N","N","N","Daylight","Broadside","Pedestrian Violation","Other Motor Vehicle","N","N","N","N"
7055535,"N","Y","PDO (property damage only)","N",2015,19.5,"Summer","N","N","F","N","Y","Y","N","N","N","N","N","Dark - Street Lights","Sideswipe","Automobile Right of Way","Other Motor Vehicle","N","N","N","N"
7055569,"N","Y","Injury (Complaint of Pain)","N",2015,20.4166666666667,"Summer","N","N","Su","N","Y","Y","N","N","N","N","N","Dark - Street Lights","Rear End","Wrong Side of Road","Other Motor Vehicle","N","N","N","N"
7055575,"N","Y","Injury (Complaint of Pain)","N",2015,3.5,"Summer","N","Y","Sa","N","Y","Y","N","N","N","N","Y","Dark - No Street Lights","Rear End","Wrong Side of Road","Other Motor Vehicle","N","N","N","N"
7055708,"N","Y","PDO (property damage only)","N",2015,14.0333333333333,"Summer","N","N","Tu","N","Y","Y","N","N","N","N","N","Daylight","Sideswipe","Automobile Right of Way","Other Motor Vehicle","N","N","N","N"
7055743,"N","Y","Injury (Complaint of Pain)","N",2015,14.0333333333333,"Summer","N","N","F","N","Y","Y","N","N","N","N","N","Daylight","Sideswipe","Automobile Right of Way","Other Motor Vehicle","N","N","N","N"
7055947,"N","Y","PDO (property damage only)","N",2015,9.5,"Fall","N","N","W","N","N","Y","N","N","N","N","N","Daylight","Sideswipe","Impeding Traffic","Other Motor Vehicle","N","N","N","N"
7055948,"N","Y","Injury (Complaint of Pain)","N",2015,7,"Fall","AM","N","F","N","N","Y","N","N","N","N","N","Daylight","Other","Wrong Side of Road","Non-Collision","N","N","N","N"
7055956,"N","Y","Injury (Complaint of Pain)","N",2015,22.1666666666667,"Summer","N","N","Tu","Y","N","Y","N","N","N","N","N","Dark - Street Lights","Broadside","Pedestrian Violation","Other Motor Vehicle","N","N","N","N"
7056137,"N","Y","PDO (property damage only)","N",2015,19.4166666666667,"Fall","N","N","Tu","Y","N","N","Y","N","N","N","N","Dark - Street Lights","Broadside","Miscellaneous","Other Motor Vehicle","N","N","N","N"
7056860,"N","Y","PDO (property damage only)","N",2015,14.5,"Summer","N","N","M","N","Y","Y","N","N","N","N","N","Daylight","Sideswipe","Pedestrian Violation","Other Object","N","N","N","N"
7057232,"N","Y","PDO (property damage only)","N",2015,14.3333333333333,"Summer","N","N","Th","N","N","Y","N","N","N","N","N","Daylight","Broadside","Pedestrian Right of Way","Other Motor Vehicle","N","N","N","N"
7057647,"N","N","Injury (Other Visible)","N",2015,18.5833333333333,"Fall","PM","N","M","N","N","Y","N","N","N","N","N","Dusk or Dawn","Broadside","Pedestrian Violation","Other Motor Vehicle","N","N","N","N"
7057924,"N","Y","Injury (Complaint of Pain)","N",2015,19.35,"Summer","N","N","F","N","N","Y","N","N","N","N","N","Daylight","Sideswipe","Automobile Right of Way","Other Motor Vehicle","N","N","N","N"
7057926,"N","Y","Injury (Complaint of Pain)","N",2015,19.75,"Fall","N","N","Th","N","N","Y","N","N","N","N","N","Dark - Street Lights","Broadside","Pedestrian Right of Way","Other Motor Vehicle","N","N","N","N"
7058029,"N","Y","Injury (Complaint of Pain)","N",2015,9.08333333333333,"Fall","N","N","W","N","N","Y","N","N","N","N","N","Daylight","Sideswipe","Pedestrian Right of Way","Other Motor Vehicle","N","N","N","N"
7058242,"N","Y","Injury (Complaint of Pain)","N",2015,6.08333333333333,"Fall","N","N","Th","N","N","Y","N","N","N","N","N","Dark - Street Lights","Vehicle/Pedestrian","Hazardous Parking","Pedestrian","N","N","Y","N"
7058249,"N","Y","PDO (property damage only)","N",2015,16.3333333333333,"Summer","PM","N","Th","N","Y","Y","N","N","N","N","N","Daylight","Sideswipe","Automobile Right of Way","Other Motor Vehicle","N","N","N","N"
7058439,"N","N","Fatal","Y",2015,8.41666666666667,"Summer","N","N","Su","N","Y","Y","N","N","N","N","N","Daylight","Hit Object","Pedestrian Right of Way","Fixed Object","N","N","N","N"
7058576,"N","Y","PDO (property damage only)","N",2015,18.3833333333333,"Summer","PM","N","Th","N","Y","Y","N","N","N","N","N","Daylight","Sideswipe","Pedestrian Right of Way","Other Motor Vehicle","N","N","N","N"
7058815,"N","Y","Injury (Complaint of Pain)","N",2015,14.0833333333333,"Fall","N","N","Sa","N","N","Y","N","N","N","N","N","Daylight","Other","Pedestrian Violation","Other Motor Vehicle","N","N","N","N"
7058904,"N","Y","Injury (Complaint of Pain)","N",2015,11.3333333333333,"Summer","N","N","Su","N","Y","Y","N","N","N","N","N","Daylight","Rear End","Automobile Right of Way","Other Motor Vehicle","N","N","N","N"
7059172,"N","Y","Injury (Complaint of Pain)","N",2015,20.0833333333333,"Fall","N","N","Th","N","N","Y","N","N","N","N","N","Dark - Street Lights","Broadside","Pedestrian Violation","Other Motor Vehicle","N","N","N","N"
7059251,"N","Y","PDO (property damage only)","N",2015,12.3333333333333,"Fall","N","N","Sa","Y","N","Y","N","N","N","N","N","Daylight","Broadside","Pedestrian Right of Way","Other Motor Vehicle","N","N","N","N"
7059301,"N","Y","Injury (Complaint of Pain)","N",2015,13.3333333333333,"Summer","N","N","W","N","N","Y","N","N","N","N","N","Daylight","Broadside","Pedestrian Violation","Other Motor Vehicle","N","N","N","N"
7059476,"N","Y","Injury (Complaint of Pain)","N",2015,8.18333333333333,"Summer","AM","N","Tu","N","Y","Y","N","N","N","N","N","Daylight","Rear End","Wrong Side of Road","Other Motor Vehicle","N","N","N","N"
7059575,"N","Y","Injury (Complaint of Pain)","N",2015,8.58333333333333,"Fall","AM","N","Th","N","N","Y","N","N","N","N","N","Daylight","Sideswipe","Automobile Right of Way","Other Motor Vehicle","N","N","N","N"
7059576,"N","Y","PDO (property damage only)","N",2015,19.9166666666667,"Fall","N","N","Tu","Y","N","Y","N","N","N","N","N","Dark - Street Lights","Broadside","Pedestrian Right of Way","Other Motor Vehicle","N","N","N","N"
7059643,"N","N","Fatal","Y",2015,19.8333333333333,"Fall","N","N","Su","N","N","Y","N","N","N","N","N","Dark - Street Lights","Rear End","Wrong Side of Road","Other Motor Vehicle","N","N","N","N"
7060676,"N","Y","PDO (property damage only)","N",2015,11.25,"Fall","N","N","M","N","N","Y","N","N","N","N","N","Daylight","Sideswipe","Unsafe Starting or Backing","Other Motor Vehicle","N","N","N","N"
7061247,"N","Y","PDO (property damage only)","N",2015,13.3333333333333,"Summer","N","N","F","N","Y","Y","N","N","N","N","N","Daylight","Rear End","Automobile Right of Way","Other Motor Vehicle","N","N","N","N"
7061248,"N","Y","Injury (Other Visible)","N",2015,15,"Summer","PM","N","F","N","Y","Y","N","N","N","N","N","Daylight","Rear End","Wrong Side of Road","Other Motor Vehicle","N","N","N","N"
7061343,"N","Y","Injury (Complaint of Pain)","N",2015,21.6166666666667,"Fall","N","N","F","N","Y","Y","N","N","N","N","N","Dark - Street Lights","Rear End","Unsafe Speed","Other Motor Vehicle","Y","N","N","N"
7061481,"N","Y","Injury (Complaint of Pain)","N",2015,18.3333333333333,"Summer","N","N","Su","N","Y","Y","N","N","N","N","N","Daylight","Sideswipe","Automobile Right of Way","Other Motor Vehicle","N","N","N","N"
7061587,"N","Y","PDO (property damage only)","N",2015,2.66666666666667,"Summer","N","Y","Su","N","N","Y","N","N","N","N","N","Dark - Street Lights","Head-On","Code 19","Other Motor Vehicle","Y","N","N","N"
7061615,"N","Y","Injury (Complaint of Pain)","N",2015,15,"Summer","PM","N","Th","N","Y","Y","N","N","N","N","N","Daylight","Overturned","Code 20","Non-Collision","N","N","N","N"
7061621,"N","Y","Injury (Complaint of Pain)","N",2015,16.8333333333333,"Summer","PM","N","Tu","N","Y","Y","N","N","N","N","N","Daylight","Sideswipe","Automobile Right of Way","Other Motor Vehicle","N","N","N","N"
7061624,"N","Y","Injury (Complaint of Pain)","N",2015,8.75,"Summer","AM","N","F","N","Y","Y","N","N","N","N","N","Daylight","Sideswipe","Automobile Right of Way","Other Motor Vehicle","N","N","N","N"
7061641,"N","Y","Injury (Complaint of Pain)","N",2015,19.75,"Summer","N","N","W","N","Y","Y","N","N","N","N","N","Dark - Street Lights","Overturned","Pedestrian Right of Way","Fixed Object","N","N","N","N"
7061813,"N","Y","Injury (Other Visible)","N",2015,15,"Summer","PM","N","W","Y","N","Y","N","N","N","N","N","Daylight","Sideswipe","Pedestrian Violation","Other Motor Vehicle","N","N","N","N"
7062035,"N","N","Fatal","Y",2015,16.6666666666667,"Summer","N","N","Su","N","Y","Y","N","N","N","N","N","Daylight","Rear End","Wrong Side of Road","Other Motor Vehicle","N","N","N","N"
7062516,"N","Y","Injury (Complaint of Pain)","N",2015,20.9166666666667,"Fall","N","N","Sa","Y","N","Y","N","N","N","N","N","Dark - Street Lights","Head-On","Pedestrian Violation","Other Motor Vehicle","N","N","N","N"
7062632,"N","Y","PDO (property damage only)","N",2015,18.2833333333333,"Summer","PM","N","F","N","Y","Y","N","N","N","N","N","Daylight","Sideswipe","Pedestrian Right of Way","Other Motor Vehicle","N","N","N","N"
7062974,"N","N","Fatal","Y",2015,17.6666666666667,"Summer","PM","N","F","N","Y","Y","N","N","N","N","N",NA,"Rear End","Automobile Right of Way","Other Motor Vehicle","N","N","N","N"
7063021,"N","Y","Injury (Other Visible)","N",2015,20.6666666666667,"Fall","N","N","Sa","Y","N","Y","N","N","N","N","N","Dark - Street Lights","Broadside","Lights","Other Motor Vehicle","N","N","N","N"
7063023,"N","Y","Injury (Complaint of Pain)","N",2015,21.5,"Fall","N","N","Th","Y","N","Y","N","N","N","N","N","Dark - Street Lights","Other","Code 20","Non-Collision","N","N","N","N"
7063066,"N","Y","Injury (Complaint of Pain)","N",2015,7.16666666666667,"Fall","AM","N","W","Y","N","Y","N","N","N","N","N","Daylight","Broadside","Wrong Side of Road","Motor Vehicle on Other Roadway","N","N","N","N"
7063068,"N","Y","Injury (Other Visible)","N",2015,12.5,"Fall","N","N","M","N","Y","Y","N","N","N","N","N","Daylight","Sideswipe","Automobile Right of Way","Other Motor Vehicle","N","N","N","N"
7063081,"N","N","Injury (Complaint of Pain)","N",2015,10.1666666666667,"Fall","N","N","F","Y","N","Y","N","N","N","N","N","Daylight","Vehicle/Pedestrian","Traffic Signals and Signs","Pedestrian","N","N","Y","N"
7063123,"N","Y","Injury (Complaint of Pain)","N",2015,11,"Fall","N","N","Tu","N","N","Y","N","N","N","N","N","Daylight","Sideswipe","Automobile Right of Way","Other Motor Vehicle","N","N","N","N"
7063433,"N","Y","PDO (property damage only)","N",2015,7.46666666666667,"Fall","AM","N","W","N","Y","Y","N","N","N","N","N","Daylight","Sideswipe","Wrong Side of Road","Other Motor Vehicle","N","N","N","N"
7063482,"N","Y","Injury (Complaint of Pain)","N",2015,14.5,"Summer","N","N","F","N","Y","Y","N","N","N","N","N","Daylight","Rear End","Improper Passing","Other Motor Vehicle","N","N","N","N"
7063590,"N","Y","PDO (property damage only)","N",2015,8.75,"Fall","N","N","Sa","N","N","Y","N","N","N","N","N","Daylight","Sideswipe","Impeding Traffic","Other Motor Vehicle","N","N","N","N"
7063592,"N","Y","PDO (property damage only)","N",2015,19.3333333333333,"Fall","N","N","Sa","Y","N","Y","N","N","N","N","N","Dusk or Dawn","Broadside","Pedestrian Right of Way","Other Motor Vehicle","N","N","N","N"
7063758,"N","Y","Injury (Complaint of Pain)","N",2015,19.3333333333333,"Summer","N","N","Tu","N","N","Y","N","N","N","N","N","Daylight","Other","Improper Passing","Non-Collision","N","N","N","N"
7063830,"N","Y","PDO (property damage only)","N",2015,12.25,"Fall","N","N","Sa","N","N","Y","N","N","N","N","N","Daylight","Broadside","Pedestrian Violation","Other Motor Vehicle","N","N","N","N"
7064255,"N","Y","Injury (Complaint of Pain)","N",2015,12.5,"Summer","N","N","F","N","N","Y","N","N","N","N","N","Daylight","Sideswipe","Unsafe Starting or Backing","Other Motor Vehicle","N","N","N","N"
7064380,"N","Y","PDO (property damage only)","N",2015,20.8333333333333,"Fall","N","N","Sa","Y","N","Y","N","N","N","N","N","Dark - Street Lights","Other","Pedestrian Violation","Other Object","N","N","N","N"
7064590,"N","Y","Injury (Complaint of Pain)","N",2015,18.4166666666667,"Summer","PM","N","W","N","N","Y","N","N","N","N","N","Daylight","Broadside","Pedestrian Right of Way","Other Motor Vehicle","N","N","N","N"
7064613,"N","Y","PDO (property damage only)","N",2015,10.8333333333333,"Summer","N","N","W","N","N","Y","N","N","N","N",NA,"Daylight","Head-On","Pedestrian Violation","Other Motor Vehicle","Y","N","N","N"
7064752,"N","N","Fatal","Y",2015,18.5833333333333,"Summer","PM","N","M","N","Y","Y","N","N","N","N","N","Daylight","Sideswipe","Automobile Right of Way","Other Motor Vehicle","N","N","N","N"
7064780,"N","Y","Injury (Complaint of Pain)","N",2015,9.08333333333333,"Summer","N","N","Th","N","N","N","Y","N","N","N","N","Daylight","Broadside","Improper Turning","Other Motor Vehicle","N","N","N","N"
7064812,"N","N","Fatal","Y",2015,13.3333333333333,"Summer","N","N","Tu","N","Y","Y","N","N","N","N","N","Daylight","Sideswipe","Wrong Side of Road","Other Motor Vehicle","N","N","N","N"
7065181,"N","N","Injury (Complaint of Pain)","N",2015,17.4166666666667,"Summer","PM","N","F","N","Y","Y","N","N","N","N","N","Daylight","Sideswipe","Automobile Right of Way","Other Motor Vehicle","N","N","N","N"
7065209,"N","N","PDO (property damage only)","N",2015,16.8333333333333,"Summer","PM","N","W","N","Y","Y","N","N","N","N","N","Daylight","Rear End","Wrong Side of Road","Other Motor Vehicle","N","N","N","N"
7065281,"N","Y","Injury (Complaint of Pain)","N",2015,18.1666666666667,"Summer","PM","N","W","N","Y","Y","N","N","N","N","N","Daylight","Overturned","Wrong Side of Road","Non-Collision","N","N","N","N"
7065727,"N","Y","Injury (Complaint of Pain)","N",2015,16.8333333333333,"Summer","PM","N","F","N","Y","Y","N","N","N","N","N","Daylight","Rear End","Wrong Side of Road","Other Motor Vehicle","N","N","N","N"
7065756,"N","Y","Injury (Other Visible)","N",2015,13.5833333333333,"Summer","N","N","Su","N","Y","Y","N","N","N","N","N","Daylight","Rear End","Wrong Side of Road","Other Motor Vehicle","N","N","N","N"
7065790,"N","Y","Injury (Complaint of Pain)","N",2015,19.1666666666667,"Summer","N","N","Th","N","Y","Y","N","N","N","N","N","Daylight","Sideswipe","Automobile Right of Way","Other Motor Vehicle","N","N","N","N"
7065796,"N","Y","PDO (property damage only)","N",2015,16.8333333333333,"Summer","PM","N","Tu","N","Y","Y","N","N","N","N","N","Daylight","Sideswipe","Automobile Right of Way","Other Motor Vehicle","N","N","N","N"
7065798,"N","Y","PDO (property damage only)","N",2015,16.8333333333333,"Summer","N","N","Sa","N","Y","Y","N","N","N","N","N","Daylight","Sideswipe","Wrong Side of Road","Other Motor Vehicle","N","N","N","N"
7065811,"N","Y","PDO (property damage only)","N",2015,8.75,"Summer","AM","N","W","N","Y","N","Y","N","N","N","N","Daylight","Sideswipe","Code 19","Other Motor Vehicle","N","N","N","N"
7065819,"N","Y","Injury (Complaint of Pain)","N",2015,15.5,"Summer","PM","N","W","N","Y","Y","N","N","N","N","N","Daylight","Broadside","Automobile Right of Way","Other Motor Vehicle","N","N","N","N"
7065913,"N","Y","Injury (Other Visible)","N",2015,21.8333333333333,"Summer","N","N","Su","N","Y","N","Y","N","N","N","N","Dark - Street Lights","Rear End","Wrong Side of Road","Other Motor Vehicle","N","N","N","N"
7065982,"N","Y","PDO (property damage only)","N",2015,16.9166666666667,"Summer","N","N","Su","N","Y","Y","N","N","N","N","N","Daylight","Sideswipe","Pedestrian Right of Way","Other Motor Vehicle","N","N","N","N"
7065986,"N","Y","PDO (property damage only)","N",2015,16.3333333333333,"Summer","PM","N","M","N","Y","Y","N","N","N","N","N","Daylight","Rear End","Automobile Right of Way","Other Motor Vehicle","N","N","N","N"
7066186,"N","Y","PDO (property damage only)","N",2015,15.55,"Spring","PM","N","Th","N","Y","Y","N","N","N","N","N","Daylight","Sideswipe","Wrong Side of Road","Other Motor Vehicle","N","N","N","N"
7066241,"N","Y","Injury (Complaint of Pain)","N",2015,7.83333333333333,"Summer","AM","N","W","N","N","Y","N","N","N","N","N","Daylight","Other","Impeding Traffic","Other Object","N","N","N","N"
7066243,"N","Y","PDO (property damage only)","N",2015,10.75,"Summer","N","N","W","Y","N","Y","N","N","N","N","N","Daylight","Broadside","Pedestrian Violation","Other Motor Vehicle","N","N","N","N"
7066442,"N","N","PDO (property damage only)","N",2015,21,"Summer","N","N","Su","N","N","Y","N","N","N","N","N","Dark - Street Lights","Broadside","Pedestrian Right of Way","Other Motor Vehicle","N","N","N","N"
7066446,"N","Y","Injury (Complaint of Pain)","N",2015,14.5,"Summer","N","N","M","Y","N","Y","N","N","N","N","N","Daylight","Broadside","Pedestrian Violation","Other Motor Vehicle","N","N","N","N"
7066628,"N","Y","Injury (Other Visible)","N",2015,13,"Summer","N","N","W","N","N",NA,NA,NA,NA,"N","N","Daylight","Sideswipe","Automobile Right of Way","Other Motor Vehicle","N","N","N","N"
7066828,"N","Y","Injury (Other Visible)","N",2015,18.75,"Summer","PM","N","F","Y","N","Y","N","N","N","N","N","Daylight","Head-On","Pedestrian Violation","Other Motor Vehicle","N","N","N","N"
7066850,"N","Y","Injury (Complaint of Pain)","N",2015,9,"Summer","N","N","Su","N","Y","Y","N","N","N","N","N","Daylight","Overturned","Wrong Side of Road","Non-Collision","N","N","N","N"
7067034,"N","Y","Injury (Complaint of Pain)","N",2015,17.75,"Summer","PM","N","M","N","N","Y","N","N","N","N","N","Daylight","Sideswipe","Unsafe Starting or Backing","Other Motor Vehicle","Y","N","N","N"
7067096,"N","Y","Injury (Other Visible)","N",2015,1.5,"Summer","N","Y","M","N","N","Y","N","N","N","N","N","Dark - Street Lights","Overturned","Wrong Side of Road","Non-Collision","N","N","N","N"
7067156,"N","Y","Injury (Other Visible)","N",2015,16.75,"Summer","PM","N","Tu","Y","N",NA,NA,NA,NA,"N",NA,NA,"Broadside","Pedestrian Violation","Other Motor Vehicle","N","N","N","N"
7067190,"Y","N","Injury (Severe)","Y",2015,6.33333333333333,"Summer","N","N","Sa","Y","N","Y","N","N","N","N","N","Dusk or Dawn","Broadside","Pedestrian Violation","Other Motor Vehicle","N","N","N","N"
7067242,"N","Y","Injury (Complaint of Pain)","N",2015,7.58333333333333,"Summer","AM","N","F","Y","N","Y","N","N","N","N","N","Daylight","Broadside","Pedestrian Violation","Other Motor Vehicle","N","N","N","N"
7067252,"N","Y","Injury (Complaint of Pain)","N",2015,14.7,"Summer","N","N","Sa","N","Y","N","Y","Y","N","Y","N","Daylight","Overturned","Wrong Side of Road","Non-Collision","N","N","N","N"
7067266,"N","Y","Injury (Complaint of Pain)","N",2015,11.8333333333333,"Summer","N","N","W","N","N","Y","N","N","N","N","N","Daylight","Broadside","Pedestrian Violation","Other Motor Vehicle","N","N","N","N"
7067268,"N","Y","Injury (Complaint of Pain)","N",2015,19.6666666666667,"Summer","N","N","F","N","N","Y","N","N","N","N","N","Dark - Street Lights","Broadside","Wrong Side of Road","Other Motor Vehicle","N","N","N","N"
7067361,"N","Y","PDO (property damage only)","N",2015,9.25,"Summer","N","N","Th","Y","N","Y","N","N","N","N","N","Daylight","Broadside","Lights","Other Motor Vehicle","N","N","N","N"