"CASE_ID","mc_killed","mc_injured","collision_severity","severe","accident_year","hours_since_midnight","season","rush_hour","late_night","day_of_week","intersection","state_hwy_ind","w_clear","w_cloudy","w_rainy","w_other","road_not_dry","road_condition_issue","lighting","type_of_collision","pcf_viol_category","mviw","alcohol_involved","truck_accident","pedestrian_accident","bicycle_accident"
7103699,"N","N","Fatal","Y",2015,13.5,"Fall","N","N","F","Y","N","Y","N","N","N","N","N","Daylight","Head-On","Pedestrian Violation","Other Motor Vehicle","N","N","N","N"
7104821,"N","N","Injury (Complaint of Pain)","N",2015,16.3333333333333,"Fall","PM","N","Th","Y","N","N","Y","N","N","N","N","Daylight","Broadside","Pedestrian Violation","Other Motor Vehicle","N","N","N","N"
7104822,"N","Y","Injury (Complaint of Pain)","N",2015,19.25,"Fall","N","N","Tu","Y","N","Y","N","N","N","N","N","Dark - Street Lights","Broadside","Pedestrian Violation","Other Motor Vehicle","N","N","N","N"
7104838,"N","Y","PDO (property damage only)","N",2015,13,"Fall","N","N","W","N","N","Y","N","N","N","N","N","Daylight","Sideswipe","Automobile Right of Way","Other Motor Vehicle","N","N","N","N"
7104848,"N","Y","Injury (Complaint of Pain)","N",2015,19.4166666666667,"Fall","N","N","M","N","N","Y","N","N","N","N","N","Dark - Street Lights","Broadside","Pedestrian Violation","Other Motor Vehicle","N","N","N","N"
7105055,"N","Y","Injury (Other Visible)","N",2015,18.75,"Fall","N","N","Sa","N","N","Y","N","N","N","N","N","Dusk or Dawn","Sideswipe","Pedestrian Right of Way","Other Motor Vehicle","N","N","N","N"
7105056,"N","Y","PDO (property damage only)","N",2015,17.8333333333333,"Fall","PM","N","W","N","N","Y","N","N","N","N","N","Dusk or Dawn","Sideswipe","Improper Turning","Other Motor Vehicle","N","N","N","N"
7105284,"N","Y","PDO (property damage only)","N",2015,2.5,"Fall","N","Y","F","N","N","Y","N","N","N","N","N","Dark - Street Lights","Sideswipe","Automobile Right of Way","Other Motor Vehicle","N","N","N","N"
7105316,"N","Y","Injury (Complaint of Pain)","N",2015,17.75,"Fall","PM","N","F","N","N","Y","N","N","N","N","N","Daylight",NA,"Wrong Side of Road","Non-Collision","N","N","N","N"
7105332,"N","Y","Injury (Other Visible)","N",2015,16.5,"Fall","N","N","Sa","N","N","N","Y","N","N","N","Y","Daylight","Other","Code 20","Fixed Object","N","N","N","N"
7105348,"N","Y","Injury (Complaint of Pain)","N",2015,8.41666666666667,"Fall","AM","N","Tu","N","N","Y","N","N","N","N","N","Daylight","Rear End","Automobile Right of Way","Other Motor Vehicle","N","N","N","N"
7105359,"N","Y","Injury (Complaint of Pain)","N",2015,12,"Fall","N","N","Th","N","N","Y","N","N","N","N","N","Daylight","Rear End","Wrong Side of Road","Other Motor Vehicle","N","N","N","N"
7105377,"N","Y","PDO (property damage only)","N",2015,17.4166666666667,"Fall","PM","N","F","Y","N","Y","N","N","N","N","N","Dusk or Dawn","Sideswipe","Impeding Traffic","Other Motor Vehicle","N","N","N","N"
7105381,"N","N","Injury (Complaint of Pain)","N",2015,10.25,"Fall","N","N","W","Y","N","Y","N","N","N","N","N","Daylight","Broadside","Lights","Other Motor Vehicle","N","N","N","N"
7105399,"N","Y","Injury (Other Visible)","N",2015,8.58333333333333,"Fall","AM","N","F","Y","N","N","Y","N","N","N","N","Daylight","Broadside","Pedestrian Violation","Other Motor Vehicle","N","N","N","N"
7105400,"N","Y","PDO (property damage only)","N",2015,6,"Fall","N","N","M","N","N","Y","N","N","N","N","N","Dark - Street Lights","Sideswipe","Pedestrian Violation","Other Motor Vehicle","N","N","N","N"
7105406,"N","Y","Injury (Complaint of Pain)","N",2015,20.1666666666667,"Fall","N","N","Su","Y","N","Y","N","N","N","N","N","Dark - Street Lights","Broadside","Lights","Other Motor Vehicle","N","N","N","N"
7105415,"N","Y","Injury (Complaint of Pain)","N",2015,11.25,"Fall","N","N","Su","Y","N","Y","N","N","N","N","N","Daylight","Other","Lights","Non-Collision","N","N","N","N"
7105434,"N","Y","Injury (Complaint of Pain)","N",2015,18.75,"Fall","N","N","Su","Y","N","Y","N","N","N","N","N","Dark - Street Lights","Broadside","Pedestrian Violation","Other Motor Vehicle","N","N","N","N"
7105514,"N","Y","Injury (Complaint of Pain)","N",2015,22.9166666666667,"Fall","N","N","Tu","N","N","Y","N","N","N","N","N","Dark - Street Lights","Broadside","Wrong Side of Road","Parked Motor Vehicle","N","N","N","N"
7106107,"N","Y","PDO (property damage only)","N",2015,18,"Fall","PM","N","W",NA,"N","Y","N","N","N","N","N","Daylight","Rear End","Wrong Side of Road","Non-Collision","N","N","N","N"
7106158,"N","Y","Injury (Complaint of Pain)","N",2015,6,"Fall","N","N","W","Y","N","Y","N","N","N","N","N","Dark - Street Lights","Broadside","Pedestrian Violation","Other Motor Vehicle","N","N","N","N"
7106480,"N","Y","Injury (Complaint of Pain)","N",2015,22.4166666666667,"Fall","N","N","Th","N","N","Y","N","N","N","N","N","Dark - Street Lights","Sideswipe","Impeding Traffic","Other Motor Vehicle","N","Y","N","N"
7106484,"N","Y","Injury (Complaint of Pain)","N",2015,11.9166666666667,"Fall","N","N","Su","Y","N","N","Y","N","N","N","N","Daylight","Other","Pedestrian Violation","Fixed Object","N","N","N","N"
7106496,"N","Y","Injury (Complaint of Pain)","N",2015,18.9166666666667,"Fall","N","N","Sa","N","N","Y","N","N","N","N","N","Dark - Street Lights","Broadside","Pedestrian Right of Way","Other Motor Vehicle","N","N","N","N"
7106497,"N","Y","Injury (Complaint of Pain)","N",2015,18.6666666666667,"Fall","N","N","Sa","Y","N","Y","N","N","N","N","N","Dark - Street Lights","Broadside","Pedestrian Violation","Other Motor Vehicle","N","N","N","N"
7106513,"N","Y","Injury (Other Visible)","N",2015,23.3333333333333,"Fall","N","Y","W","N","N","Y","N","N","N","N","N","Dark - Street Lights","Other","Wrong Side of Road","Other Object","N","N","N","N"
7106524,"N","Y","Injury (Complaint of Pain)","N",2015,23.5,"Fall","N","Y","Sa","N","N","Y","N","N","N","N","N","Dark - Street Lights","Hit Object","Unsafe Speed","Fixed Object","Y","N","N","N"
7106813,"N","Y","PDO (property damage only)","N",2015,19.25,"Fall","N","N","W","Y","N","Y","N","N","N","N","N","Dark - No Street Lights","Broadside","Pedestrian Violation","Other Motor Vehicle","N","N","N","N"
7106856,"N","N","Injury (Complaint of Pain)","N",2015,12.8666666666667,"Fall","N","N","Tu","N","N","Y","N","N","N","N","N","Daylight","Broadside","Pedestrian Violation","Motor Vehicle on Other Roadway","N","N","N","N"
7106888,"N","Y","Injury (Complaint of Pain)","N",2015,2.41666666666667,"Fall","N","Y","F","N","N","Y","N","N","N","N","N","Dark - Street Lights","Sideswipe","Wrong Side of Road","Parked Motor Vehicle","N","N","N","N"
7106904,"N","Y","PDO (property damage only)","N",2015,7.58333333333333,"Fall","AM","N","Th","Y","N","Y","N","N","N","N","N","Daylight","Broadside","Wrong Side of Road","Other Motor Vehicle","N","N","N","N"
7106935,"N","Y","Injury (Complaint of Pain)","N",2015,15.4166666666667,"Fall","PM","N","W","N","N","Y","N","N","N","N","N","Daylight","Sideswipe","Automobile Right of Way","Other Motor Vehicle","N","N","N","N"
7106954,"N","Y","PDO (property damage only)","N",2015,16.75,"Fall","PM","N","W","Y","N","Y","N","N","N","N","N","Daylight","Head-On","Pedestrian Violation","Other Motor Vehicle","N","N","N","N"
7106974,"N","Y","PDO (property damage only)","N",2015,17.1666666666667,"Fall","PM","N","Tu","N","N","Y","N","N","N","N","N","Daylight","Broadside","Pedestrian Violation","Other Motor Vehicle","N","N","N","N"
7108040,"N","N","Fatal","Y",2015,22.5,"Fall","N","N","Sa","Y","N","Y","N","N","N","N","N","Dark - Street Lights","Rear End","Unsafe Starting or Backing","Parked Motor Vehicle","N","N","N","N"
7108527,"Y","N","Injury (Severe)","Y",2015,15.25,"Fall","PM","N","Tu","N","N","Y","N","N","N","N","N","Daylight","Broadside","Pedestrian Right of Way","Other Motor Vehicle","N","N","N","N"
7109770,"N","N","Fatal","Y",2015,8.25,"Fall","AM","N","F","N","N","Y","N","N","N","N","N","Daylight","Sideswipe","Wrong Side of Road","Other Motor Vehicle","N","N","N","N"
7109861,"N","Y","Injury (Complaint of Pain)","N",2015,0.75,"Fall","N","Y","Su","Y","N","Y","N","N","N","N","N","Dark - Street Lights","Sideswipe","Unsafe Speed","Other Motor Vehicle","Y","N","Y","N"
7109959,"N","N","Fatal","Y",2015,14.25,"Fall","N","N","W","N","N","Y","N","N","N","N","N","Daylight","Broadside","Unsafe Starting or Backing","Parked Motor Vehicle","N","N","N","N"
7110081,"N","N","PDO (property damage only)","N",2015,7.5,"Fall","AM","N","Tu","N","N","Y","N","N","N","N","N","Daylight","Rear End","Improper Passing","Motor Vehicle on Other Roadway","N","N","N","N"
7110403,"N","Y","PDO (property damage only)","N",2015,15.6666666666667,"Fall","PM","N","Tu","Y","Y","Y","N","N","N","N","N","Daylight","Broadside","Pedestrian Violation","Other Motor Vehicle","N","N","N","N"
7110454,"N","Y","PDO (property damage only)","N",2015,18,"Fall","PM","N","W","N","N","Y","N","N","N","N","N","Daylight","Broadside","Pedestrian Right of Way","Other Motor Vehicle","N","N","N","N"
7110459,"N","Y","Injury (Complaint of Pain)","N",2015,17.5833333333333,"Fall","PM","N","M","N","N","Y","N","N","N","N","N","Daylight","Sideswipe","Pedestrian Violation","Other Motor Vehicle","N","N","N","N"
7110521,"N","Y","Injury (Complaint of Pain)","N",2015,18.3333333333333,"Fall","PM","N","Th","N","N","Y","N","N","N","N","N","Dusk or Dawn","Other","Wrong Side of Road","Non-Collision","N","N","N","N"
7110529,"N","Y","PDO (property damage only)","N",2015,18.4166666666667,"Fall","PM","N","F","Y","N","Y","N","N","N","N","N","Dusk or Dawn","Broadside","Lights","Other Object","N","N","N","N"
7110692,"N","Y","Injury (Complaint of Pain)","N",2015,14.5,"Fall","N","N","M","N","N","Y","N","N","N","N","N","Daylight","Sideswipe","Lights","Other Motor Vehicle","N","N","N","N"
7110716,"N","Y","Injury (Complaint of Pain)","N",2015,16.25,"Fall","PM","N","Th","Y","N","Y","N","N","N","N","N","Daylight","Sideswipe","Lights","Other Motor Vehicle","N","N","N","N"
7111171,"N","Y","PDO (property damage only)","N",2015,13.3333333333333,"Summer","N","N","Tu","N","N","Y","N","N","N","N","N","Daylight","Broadside","Wrong Side of Road","Other Object","N","N","N","N"
7111226,"N","Y","PDO (property damage only)","N",2015,10.4166666666667,"Fall","N","N","Tu","N","N","Y","N","N","N","N","N","Daylight","Rear End","Wrong Side of Road","Other Motor Vehicle","N","N","N","N"
7111230,"N","Y","Injury (Complaint of Pain)","N",2015,15.0833333333333,"Fall","PM","N","M","N","N","Y","N","N","N","N","N","Daylight","Broadside","Pedestrian Violation","Other Motor Vehicle","N","N","N","N"
7111237,"N","N","PDO (property damage only)","N",2015,18.3333333333333,"Fall","PM","N","M","Y","N","N","Y","N","N","N","N","Dusk or Dawn","Sideswipe","Automobile Right of Way","Other Motor Vehicle","N","N","N","N"
7111242,"N","Y","Injury (Complaint of Pain)","N",2015,16.25,"Fall","PM","N","W","N","N","Y","N","N","N","N","N","Daylight","Other","Code 20","Other Object","N","N","N","N"
7111250,"N","Y","PDO (property damage only)","N",2015,13.6666666666667,"Fall","N","N","Tu","N","N","Y","N","N","N","N","N","Daylight","Sideswipe","Pedestrian Violation","Other Motor Vehicle","N","N","N","N"
7111251,"N","Y","Injury (Other Visible)","N",2015,11.5833333333333,"Fall","N","N","F","N","N","Y","N","N","N","N","N","Daylight","Broadside","Pedestrian Violation","Other Motor Vehicle","N","N","N","N"
7111649,"N","Y","PDO (property damage only)","N",2015,7.5,"Fall","AM","N","M","Y","N","N","Y","N","N","N","N","Daylight","Broadside","Pedestrian Violation","Other Motor Vehicle","N","N","N","N"
7111666,"N","Y","Injury (Other Visible)","N",2015,20.25,"Fall","N","N","M","Y","N","Y","N","N","N","N","N","Dark - Street Lights","Broadside","Pedestrian Violation","Other Motor Vehicle","N","N","N","N"
7111799,"N","N","Fatal","Y",2015,22.5,"Fall","N","N","Sa","Y","N","Y","N","N","N","N","N","Dark - Street Lights","Rear End","Wrong Side of Road","Parked Motor Vehicle","N","N","N","N"
7111844,"N","N","Fatal","Y",2015,17.5,"Fall","PM","N","M","N","N","Y","N","N","N","N","N","Daylight","Broadside","Pedestrian Violation","Other Motor Vehicle","N","N","N","N"
7111915,"N","Y","Injury (Complaint of Pain)","N",2015,5.66666666666667,"Fall","N","N","F","N","N","Y","N","N","N","N","N","Dark - Street Lights","Broadside","Impeding Traffic","Other Motor Vehicle","N","N","N","N"
7112506,"N","Y","Injury (Complaint of Pain)","N",2015,8.75,"Fall","N","N","Sa","N","N","Y","N","N","N","N","N","Daylight","Broadside","Pedestrian Violation","Other Motor Vehicle","N","N","N","N"
7112553,"N","N","Fatal","Y",2015,22.0833333333333,"Fall","N","N","F","Y","N","Y","N","N","N","N","N","Dark - Street Lights","Broadside","Lights","Other Motor Vehicle","N","N","N","N"
7113087,"N","Y","Injury (Other Visible)","N",2015,7.5,"Fall","N","N","Su","Y","N","Y","N","N","N","N","N","Daylight","Broadside","Improper Turning","Other Motor Vehicle","N","Y","N","N"
7113127,"N","Y","Injury (Complaint of Pain)","N",2015,14.25,"Fall","N","N","Th","N","N","Y","N","N","N","N","N","Daylight","Sideswipe","Pedestrian Violation","Other Motor Vehicle","N","N","N","N"
7113164,"N","N","Fatal","Y",2015,9.66666666666667,"Fall","N","N","Tu","N","N",NA,NA,NA,NA,"N",NA,NA,"Rear End","Impeding Traffic","Parked Motor Vehicle","Y","N","N","N"
7113700,"N","Y","Injury (Complaint of Pain)","N",2015,15.3333333333333,"Fall","PM","N","W","Y","N","Y","N","N","N","N","N","Daylight","Broadside","Pedestrian Violation","Other Motor Vehicle","N","N","N","N"
7113719,"N","Y","PDO (property damage only)","N",2015,18.3333333333333,"Fall","PM","N","Tu","Y","N","Y","N","N","N","N","N","Dark - Street Lights","Broadside","Pedestrian Right of Way","Other Motor Vehicle","N","N","N","N"
7113787,"N","Y","PDO (property damage only)","N",2015,20.4166666666667,"Fall","N","N","Th","N","N","Y","N","N","N","N","N","Dark - Street Lights","Sideswipe","Pedestrian Violation","Other Motor Vehicle","N","N","N","N"
7113788,"N","Y","Injury (Complaint of Pain)","N",2015,11.25,"Fall","N","N","M","N","N","Y","N","N","N","N","N","Daylight","Rear End","Wrong Side of Road","Parked Motor Vehicle","N","N","N","N"
7113804,"N","Y","Injury (Other Visible)","N",2015,7.58333333333333,"Fall","AM","N","Tu","N","N","Y","N","N","N","N","N","Daylight","Broadside","Pedestrian Violation","Other Motor Vehicle","N","N","N","N"
7113816,"N","Y","Injury (Complaint of Pain)","N",2015,17.1666666666667,"Fall","PM","N","Tu","N","N","Y","N","N","N","N","N","Daylight","Broadside","Pedestrian Right of Way","Other Motor Vehicle","N","N","N","N"
7113978,"N","N","Fatal","Y",2015,16,"Fall","PM","N","F","N","N","Y","N","N","N","N","N","Daylight","Sideswipe","Impeding Traffic","Other Motor Vehicle","N","N","N","N"
7114100,"N","Y","PDO (property damage only)","N",2015,17.5833333333333,"Fall","N","N","Su","Y","N","Y","N","N","N","N","N","Daylight","Rear End","Pedestrian Right of Way","Other Motor Vehicle","N","N","N","N"
7114605,"N","Y","Injury (Complaint of Pain)","N",2015,23.3333333333333,"Fall","N","Y","W","N","N","Y","N","N","N","N","N","Dark - Street Lights","Rear End","Code 19","Other Motor Vehicle","N","N","N","N"
7114611,"N","N","Fatal","Y",2015,20.3833333333333,"Fall","N","N","Th","N","N","Y","N","N","N","N","N","Dark - Street Lights","Sideswipe","Automobile Right of Way","Other Motor Vehicle","N","N","N","N"
7114613,"N","Y","PDO (property damage only)","N",2015,23.3333333333333,"Fall","N","Y","W","Y","N","Y","N","N","N","N","N","Dark - Street Lights","Sideswipe","Pedestrian Right of Way","Other Motor Vehicle","N","N","N","N"
7114633,"N","Y","PDO (property damage only)","N",2015,13.0833333333333,"Fall","N","N","W","N","N","N","Y","N","N","N","N","Daylight","Sideswipe","Automobile Right of Way","Other Motor Vehicle","N","N","N","N"
7115107,"N","Y","Injury (Complaint of Pain)","N",2015,10.8333333333333,"Fall","N","N","Th","N","N","Y","N","N","N","N","N","Daylight","Vehicle/Pedestrian","Wrong Side of Road","Other Object","N","N","N","N"
7115384,"N","Y","Injury (Complaint of Pain)","N",2015,13.9833333333333,"Fall","N","N","Su","N","N","Y","N","N","N","N","N","Daylight","Rear End","Improper Passing","Other Motor Vehicle","N","N","N","N"
7115917,"N","Y","Injury (Complaint of Pain)","N",2015,18,"Fall","PM","N","W","N","N","Y","N","N","N","N","N","Dark - No Street Lights","Sideswipe","Automobile Right of Way","Other Motor Vehicle","N","N","N","N"
7116653,"N","N","Fatal","Y",2015,7,"Summer","AM","N","M","N","N","Y","N","N","N","N","N","Daylight","Sideswipe","Impeding Traffic","Other Motor Vehicle","N","N","N","N"
7117004,"N","Y","PDO (property damage only)","N",2015,6.91666666666667,"Fall","N","N","F","Y","N","Y","N","N","N","N","N","Dusk or Dawn","Broadside","Pedestrian Violation","Other Motor Vehicle","N","N","N","N"
7117216,"N","Y","Injury (Other Visible)","N",2015,11,"Fall","N","N","Th","N","N","Y","N","N","N","N","N","Daylight","Broadside","Pedestrian Right of Way","Other Motor Vehicle","N","N","N","N"
7117252,"N","N","PDO (property damage only)","N",2015,19.3333333333333,"Fall","N","N","Th","N","N","Y","N","N","N","N","N","Dark - Street Lights","Rear End","Driving or Bicycling Under the Influence of Alcohol or Drug","Other Motor Vehicle","N","N","N","N"
7117256,"N","Y","PDO (property damage only)","N",2015,14.75,"Fall","N","N","F","Y","N","N","Y","N","N","N","N","Dusk or Dawn","Sideswipe","Pedestrian Right of Way","Other Object","N","N","N","N"
7117272,"N","Y","Injury (Complaint of Pain)","N",2015,16,"Fall","PM","N","Tu","N","N","Y","N","N","N","N","N","Daylight","Sideswipe","Pedestrian Violation","Non-Collision","N","N","N","N"
7117304,"N","Y","Injury (Complaint of Pain)","N",2015,8.83333333333333,"Fall","N","N","Su","Y","N","Y","N","N","N","N","N","Daylight","Broadside","Pedestrian Violation","Other Motor Vehicle","N","N","N","N"
7117363,"N","Y","Injury (Complaint of Pain)","N",2015,16.9166666666667,"Fall","PM","N","M","N","N","Y","N","N","N","N",NA,"Daylight","Broadside","Improper Turning","Other Motor Vehicle","N","N","N","N"
7117937,"N","Y","Injury (Complaint of Pain)","N",2015,21.5,"Fall","N","N","W","Y","N","Y","N","N","N","N","N","Dark - Street Lights","Head-On","Pedestrian Violation","Other Motor Vehicle","N","N","N","N"
7117946,"N","Y","PDO (property damage only)","N",2015,20.5,"Fall","N","N","W","Y","N","Y","N","N","N","N","N","Dark - Street Lights","Broadside","Lights","Other Motor Vehicle","N","N","N","N"
7117965,"N","Y","PDO (property damage only)","N",2015,19,"Fall","PM","N","Tu","N","N","Y","N","N","N","N","N","Dark - Street Lights","Sideswipe","Pedestrian Right of Way","Other Motor Vehicle","N","N","N","N"
7118392,"N","N","Fatal","Y",2015,18.8333333333333,"Fall","N","N","Sa","Y","N","Y","N","N","N","N","N","Dusk or Dawn","Hit Object","Wrong Side of Road","Fixed Object","N","N","N","N"
7118676,"N","N","Fatal","Y",2015,17.5,"Fall","PM","N","Th","Y","N","Y","N","N","N","N","N","Dark - Street Lights","Other","Code 19","Non-Collision","N","N","N","N"
7119105,"N","Y","Injury (Complaint of Pain)","N",2015,17.8333333333333,"Fall","PM","N","W","N","N","Y","N","N","N","N","N","Dark - Street Lights","Broadside","Pedestrian Violation","Other Motor Vehicle","N","N","N","N"
7119622,"N","Y","Injury (Complaint of Pain)","N",2015,22.0833333333333,"Fall","N","N","Sa","N","N","Y","N","N","N","N","N","Dark - Street Lights","Hit Object","Pedestrian Violation","Fixed Object","Y","N","N","N"
7120255,"N","Y","Injury (Complaint of Pain)","N",2015,13.1666666666667,"Fall","N","N","W","Y","N","Y","N","N","N","N","N","Daylight","Broadside","Pedestrian Violation","Other Motor Vehicle","N","N","N","N"
7120259,"N","Y","Injury (Other Visible)","N",2015,6.83333333333333,"Fall","N","N","Tu","Y","N","Y","N","N","N","N","N","Daylight","Broadside","Pedestrian Violation","Other Motor Vehicle","N","N","N","N"
7120261,"N","Y","Injury (Complaint of Pain)","N",2015,14.0833333333333,"Fall","N","N","Sa","Y","N","Y","N","N","N","N","N","Daylight","Sideswipe","Pedestrian Right of Way","Other Motor Vehicle","N","N","N","N"
7120265,"N","Y","Injury (Complaint of Pain)","N",2015,17.5,"Fall","PM","N","Th","N","N","Y","N","N","N","N","N","Dark - Street Lights","Broadside","Improper Turning","Other Motor Vehicle","N","N","N","N"
7120285,"N","N","PDO (property damage only)","N",2015,15,"Fall","PM","N","W","N","N","Y","N","N","N","N","N","Daylight","Broadside","Pedestrian Violation","Other Motor Vehicle","N","N","N","N"
7120335,"N","Y","PDO (property damage only)","N",2015,15.75,"Fall","PM","N","F","N","N","Y","N","N","N","N","N","Daylight","Broadside","Pedestrian Violation","Other Motor Vehicle","N","N","N","N"
7120347,"N","Y","Injury (Complaint of Pain)","N",2015,21,"Fall","N","N","W","Y","N","Y","N","N","N","N","N","Dark - Street Lights","Broadside","Pedestrian Violation","Other Motor Vehicle","N","N","N","N"
7120354,"N","Y","PDO (property damage only)","N",2015,21.5833333333333,"Fall","N","N","F","Y","N","Y","N","N","N","N","N","Dark - Street Lights","Broadside","Lights","Other Motor Vehicle","N","N","N","N"
7120357,"N","Y","Injury (Complaint of Pain)","N",2015,7.83333333333333,"Fall","AM","N","Th","N","N","Y","N","N","N","N","N","Daylight","Other","Wrong Side of Road","Fixed Object","N","N","N","N"
7120479,"N","Y","Injury (Complaint of Pain)","N",2015,7.83333333333333,"Fall","AM","N","W","Y","N","Y","N","N","N","N","N","Daylight","Broadside","Impeding Traffic","Other Motor Vehicle","N","N","N","N"
7121306,"N","Y","Injury (Complaint of Pain)","N",2015,9.25,"Fall","N","N","F","N","N","Y","N","N","N","N","N","Daylight","Broadside","Impeding Traffic","Other Motor Vehicle","N","N","N","N"
7121392,"N","N","PDO (property damage only)","N",2015,8.33333333333333,"Fall","AM","N","Th","Y","N","Y","N","N","N","N","N","Daylight","Broadside","Pedestrian Right of Way","Other Motor Vehicle","N","N","N","N"
7121400,"N","Y","Injury (Complaint of Pain)","N",2015,8.83333333333333,"Fall","AM","N","Th","Y","N","Y","N","N","N","N","N","Daylight","Other","Pedestrian Violation","Non-Collision","N","N","N","N"
7121440,"N","N","Injury (Complaint of Pain)","N",2015,11.1666666666667,"Fall","N","N","Sa","N","N","Y","N","N","N","N","N","Daylight","Head-On","Pedestrian Violation","Other Motor Vehicle","N","N","N","N"
7121449,"N","Y","Injury (Other Visible)","N",2015,9.41666666666667,"Fall","N","N","F","N","N","Y","N","N","N","N","N","Daylight","Broadside","Pedestrian Right of Way","Other Motor Vehicle","N","N","N","N"
7121468,"N","Y","Injury (Complaint of Pain)","N",2015,15.4166666666667,"Fall","N","N","Sa","Y","N","Y","N","N","N","N","N","Daylight","Sideswipe","Pedestrian Violation","Other Motor Vehicle","N","N","N","N"
7121484,"N","Y","PDO (property damage only)","N",2015,18.1666666666667,"Fall","PM","N","Tu","N","N","N","Y","N","N","Y","N","Dark - Street Lights","Rear End","Pedestrian Violation","Other Motor Vehicle","N","N","N","N"
7122386,"N","Y","Injury (Other Visible)","N",2015,21.6666666666667,"Fall","N","N","Su","N","N","N","Y","N","N","N","N","Dark - Street Lights","Broadside","Pedestrian Right of Way","Other Motor Vehicle","N","N","N","N"
7122626,"N","N","Injury (Other Visible)","N",2015,19.6666666666667,"Fall","N","N","Sa","N","N","Y","N","N","N","N","N","Dark - Street Lights","Broadside","Pedestrian Violation","Other Motor Vehicle","N","N","N","N"
7122684,"N","Y","Injury (Complaint of Pain)","N",2015,11,"Fall","N","N","W","N","N","Y","N","N","N","N","N","Daylight","Sideswipe","Impeding Traffic","Other Motor Vehicle","N","N","N","N"
7122689,"N","Y","Injury (Other Visible)","N",2015,22.6666666666667,"Fall","N","N","Th","N","N","Y","N","N","N","N","N","Dark - Street Lights","Other","Improper Passing","Other Object","N","N","N","N"
7122700,"N","Y","PDO (property damage only)","N",2015,14.4166666666667,"Fall","N","N","Th","Y","N","Y","N","N","N","N","N","Daylight","Broadside","Lights","Other Motor Vehicle","N","N","N","N"
7122703,"N","Y","Injury (Complaint of Pain)","N",2015,16.9166666666667,"Fall","PM","N","Th","Y","N","Y","N","N","N","N","N","Daylight","Other","Lights","Other Motor Vehicle","N","N","N","N"
7122706,"N","Y","Injury (Complaint of Pain)","N",2015,11.5833333333333,"Fall","N","N","M","N","N","Y","N","N","N","N","N","Daylight","Rear End","Unsafe Starting or Backing","Other Motor Vehicle","N","N","N","N"
7122712,"N","Y","Injury (Complaint of Pain)","N",2015,12.5,"Fall","N","N","Th","N","N","Y","N","N","N","N","N","Daylight","Other","Wrong Side of Road","Other Object","N","N","N","N"
7122717,"N","N","Injury (Other Visible)","N",2015,13.1666666666667,"Fall","N","N","Th","Y","N","Y","N","N","N","N","N","Daylight","Broadside","Pedestrian Violation","Other Motor Vehicle","N","N","N","N"
7122916,"N","Y","PDO (property damage only)","N",2015,17.8333333333333,"Fall","PM","N","Th","Y","N","Y","N","N","N","N","N","Dusk or Dawn","Broadside","Pedestrian Violation","Other Motor Vehicle","N","N","N","N"
7122938,"N","Y","PDO (property damage only)","N",2015,1.08333333333333,"Fall","N","Y","W","N","N","Y","N","N","N","N","N","Dark - Street Lights","Broadside","Pedestrian Violation","Other Motor Vehicle","N","N","N","N"
7123310,"N","Y","PDO (property damage only)","N",2015,9,"Fall","AM","N","F","N","N","Y","N","N","N","N","N","Daylight","Other","Pedestrian Violation","Parked Motor Vehicle","Y","N","N","N"
7123383,"N","N","Injury (Complaint of Pain)","N",2015,17.8333333333333,"Fall","N","N","Su","N","N","Y","N","N","N","N","N","Dusk or Dawn","Rear End","Pedestrian Violation","Other Motor Vehicle","N","N","N","N"
7123419,"N","Y","Injury (Complaint of Pain)","N",2015,17.4166666666667,"Fall","PM","N","Th","N","N","Y","N","N","N","N","N","Daylight","Sideswipe","Impeding Traffic","Other Motor Vehicle","N","N","N","N"
7123426,"N","Y","PDO (property damage only)","N",2015,18.5,"Fall","PM","N","M","N","N","Y","N","N","N","N","N","Dark - Street Lights","Head-On","Pedestrian Right of Way","Other Motor Vehicle","N","N","N","N"
7123431,"N","Y","PDO (property damage only)","N",2015,21,"Fall","N","N","Th","N","N","Y","N","N","N","N","N","Dark - Street Lights","Other","Wrong Side of Road","Fixed Object","N","N","N","N"
7123437,"N","Y","Injury (Complaint of Pain)","N",2015,7,"Fall","AM","N","F","N","N","Y","N","N","N","N","N","Daylight","Broadside","Pedestrian Right of Way","Other Motor Vehicle","N","N","N","N"
7123442,"N","Y","Injury (Complaint of Pain)","N",2015,1.25,"Fall","N","Y","Su","Y","N","Y","N","N","N","N","N","Dark - Street Lights","Broadside","Pedestrian Violation","Other Motor Vehicle","Y","N","N","N"
7123474,"N","Y","PDO (property damage only)","N",2015,12.5,"Fall","N","N","Su","N","N","Y","N","N","N","N","N","Daylight","Rear End","Wrong Side of Road","Other Motor Vehicle","N","N","N","N"
7123477,"N","N","PDO (property damage only)","N",2015,8.66666666666667,"Fall","AM","N","W","N","N","Y","N","N","N","N","N","Daylight","Sideswipe","Wrong Side of Road","Other Motor Vehicle","N","N","N","N"
7123482,"N","Y","Injury (Complaint of Pain)","N",2015,17.05,"Fall","PM","N","Tu","N","N","Y","N","N","N","N","N","Dark - Street Lights","Other","Automobile Right of Way","Non-Collision","N","N","N","N"
7123522,"N","Y","PDO (property damage only)","N",2015,20.9166666666667,"Fall","N","N","W","Y","N","Y","N","N","N","N","N","Dark - Street Lights","Broadside","Pedestrian Violation","Other Motor Vehicle","N","N","N","N"