"CASE_ID","mc_killed","mc_injured","collision_severity","severe","accident_year","hours_since_midnight","season","rush_hour","late_night","day_of_week","intersection","state_hwy_ind","w_clear","w_cloudy","w_rainy","w_other","road_not_dry","road_condition_issue","lighting","type_of_collision","pcf_viol_category","mviw","alcohol_involved","truck_accident","pedestrian_accident","bicycle_accident"
7123541,"N","Y","Injury (Complaint of Pain)","N",2015,13.1666666666667,"Fall","N","N","Su","N","N","Y","N","N","N","N","N","Daylight","Hit Object","Pedestrian Right of Way","Fixed Object","N","N","N","N"
7123557,"N","Y","Injury (Complaint of Pain)","N",2015,11.75,"Fall","N","N","Tu","N","N","Y","N","N","N","N","N","Daylight","Hit Object","Wrong Side of Road","Other Object","N","N","N","N"
7123564,"N","Y","Injury (Complaint of Pain)","N",2015,17.1666666666667,"Fall","PM","N","M","N","N","N","N","Y","N","Y","N","Dusk or Dawn","Broadside","Wrong Side of Road","Other Motor Vehicle","N","N","N","N"
7123569,"N","Y","Injury (Other Visible)","N",2015,3.16666666666667,"Fall","N","Y","Sa","Y","N","Y","N","N","N","N","N","Dark - Street Lights","Broadside","Pedestrian Violation","Other Motor Vehicle","N","N","N","N"
7123641,"N","Y","PDO (property damage only)","N",2015,22.3333333333333,"Fall","N","N","Sa","Y","N","Y","N","N","N","N","N","Dark - Street Lights","Broadside","Pedestrian Right of Way","Other Motor Vehicle","N","N","N","N"
7123662,"N","Y","Injury (Complaint of Pain)","N",2015,18.3333333333333,"Fall","PM","N","Th","Y","N","Y","N","N","N","N","N","Daylight","Broadside","Pedestrian Violation","Other Motor Vehicle","N","N","N","N"
7124390,"N","Y","Injury (Complaint of Pain)","N",2015,17.1666666666667,"Fall","PM","N","Th","Y","N","Y","N","N","N","N","N","Dusk or Dawn","Broadside","Pedestrian Violation","Other Motor Vehicle","N","N","N","N"
7125070,"N","N","Injury (Complaint of Pain)","N",2015,7.41666666666667,"Fall","AM","N","M","Y","N","N","Y","N","N","N","N","Daylight","Broadside","Pedestrian Violation","Other Motor Vehicle","N","N","N","N"
7125091,"N","Y","Injury (Complaint of Pain)","N",2015,16.6666666666667,"Fall","PM","N","Tu","Y","N","Y","N","N","N","N","N","Dark - Street Lights","Broadside","Pedestrian Violation","Other Motor Vehicle","N","N","N","N"
7125121,"N","Y","Injury (Complaint of Pain)","N",2015,20,"Fall","N","N","F","N","N","Y","N","N","N","N","N","Dark - Street Lights","Rear End","Impeding Traffic","Other Motor Vehicle","N","N","N","N"
7125124,"N","Y","Injury (Other Visible)","N",2015,22.0833333333333,"Fall","N","N","W","N","N","Y","N","N","N","N","N","Dark - Street Lights","Hit Object","Wrong Side of Road","Fixed Object","N","N","N","N"
7125177,"N","Y","PDO (property damage only)","N",2015,17,"Fall","N","N","Su","N","N","Y","N","N","N","N","N","Daylight","Rear End","Pedestrian Right of Way","Other Motor Vehicle","N","N","N","N"
7125194,"N","N","Injury (Complaint of Pain)","N",2015,20.75,"Fall","N","N","Sa","Y","N","Y","N","N","N","N","N","Dark - Street Lights","Broadside","Pedestrian Violation","Other Motor Vehicle","N","N","N","N"
7125432,"N","Y","PDO (property damage only)","N",2015,6.5,"Fall","N","N","W","N","N","Y","N","N","N","N","N","Daylight","Head-On","Pedestrian Violation","Other Motor Vehicle","N","N","N","N"
7125460,"N","Y","Injury (Complaint of Pain)","N",2015,12.75,"Fall","N","N","F","Y","N","Y","N","N","N","N","N","Daylight","Broadside","Pedestrian Violation","Other Motor Vehicle","N","N","N","N"
7125472,"N","Y","Injury (Complaint of Pain)","N",2015,13.3333333333333,"Fall","N","N","W","N","N","Y","N","N","N","N","N","Daylight","Broadside","Pedestrian Violation","Other Motor Vehicle","N","N","N","N"
7125519,"N","N","Injury (Complaint of Pain)","N",2015,16.75,"Fall","PM","N","Th","N","N","Y","N","N","N","N","N","Dusk or Dawn","Broadside","Pedestrian Violation","Other Motor Vehicle","N","N","N","N"
7125561,"N","Y","PDO (property damage only)","N",2015,20.5,"Fall","N","N","Sa","Y","N","Y","N","N","N","N","N","Dark - Street Lights","Broadside","Code 19","Other Motor Vehicle","N","N","N","N"
7125843,"N","Y","PDO (property damage only)","N",2015,18.9166666666667,"Fall","PM","N","F","Y","N","Y","N","N","N","N","N","Dark - Street Lights","Broadside","Pedestrian Violation","Other Motor Vehicle","N","N","N","N"
7125949,"N","Y","Injury (Complaint of Pain)","N",2015,13.9166666666667,"Fall","N","N","Th","N","N","Y","N","N","N","N","N","Daylight","Other","Improper Turning",NA,"N","N","N","N"
7125982,"N","Y","Injury (Complaint of Pain)","N",2015,15.5,"Fall","PM","N","Tu","N","N","Y","N","N","N","N","N","Daylight","Head-On","Pedestrian Violation","Other Motor Vehicle","N","N","N","N"
7125992,"N","N","PDO (property damage only)","N",2015,16.6666666666667,"Fall","PM","N","W","Y","N","Y","N","N","N","N","N","Dusk or Dawn","Broadside","Pedestrian Violation","Other Motor Vehicle","N","N","N","N"
7126031,"N","Y","Injury (Other Visible)","N",2015,18,"Fall","PM","N","Tu","N","N","Y","N","N","N","N","N","Dark - Street Lights","Other","Wrong Side of Road","Fixed Object","N","N","N","N"
7126150,"N","N","Fatal","Y",2015,20.3333333333333,"Fall","N","N","Th","N","N","Y","N","N","N","N","N","Dark - Street Lights","Sideswipe","Automobile Right of Way","Parked Motor Vehicle","N","N","N","N"
7126191,"N","Y","PDO (property damage only)","N",2015,13.25,"Fall","N","N","Th","N","N","Y","N","N","N","N","N","Daylight","Sideswipe","Automobile Right of Way","Other Motor Vehicle","Y","N","N","N"
7126838,"N","Y","Injury (Complaint of Pain)","N",2015,5.5,"Fall","N","N","Tu","N","N","Y","N","N","N","N","N","Dark - Street Lights","Sideswipe","Pedestrian Right of Way","Bicycle","N","N","N","N"
7127083,"N","Y","PDO (property damage only)","N",2015,15,"Fall","PM","N","W","Y","N","Y","N","N","N","N","N","Daylight","Broadside","Pedestrian Violation","Other Motor Vehicle","N","Y","N","N"
7127094,"N","Y","Injury (Complaint of Pain)","N",2015,10.4166666666667,"Fall","N","N","W","N","N","Y","N","N","N","N","N","Daylight","Rear End","Wrong Side of Road","Parked Motor Vehicle","N","N","N","N"
7127216,"N","Y","Injury (Other Visible)","N",2015,12.0833333333333,"Fall","N","N","Su","N","Y","Y","N","N","N","N","N","Daylight","Rear End","Wrong Side of Road","Other Motor Vehicle","N","N","N","N"
7127263,"N","Y","PDO (property damage only)","N",2015,17.8333333333333,"Fall","PM","N","M","Y","N","Y","N","N","N","N","N","Daylight","Sideswipe","Pedestrian Violation","Other Motor Vehicle","N","N","N","N"
7127275,"N","Y","PDO (property damage only)","N",2015,21.5,"Fall","N","N","W","N","N","Y","N","N","N","N","N","Dark - Street Lights","Overturned","Wrong Side of Road","Fixed Object","N","N","N","N"
7127456,"N","Y","PDO (property damage only)","N",2015,12.3333333333333,"Fall","N","N","Tu","N","N","Y","N","N","N","N","N","Daylight","Sideswipe","Automobile Right of Way","Other Motor Vehicle","N","N","N","N"
7127471,"N","Y","PDO (property damage only)","N",2015,25,"Fall","N","Y","M","Y","N","Y","N","N","N","N","N","Dark - Street Lights","Broadside","Wrong Side of Road","Other Motor Vehicle","N","N","N","N"
7127472,"N","Y","Injury (Complaint of Pain)","N",2015,9.16666666666667,"Fall","N","N","M","N","N","Y","N","N","N","N","N","Daylight","Other","Wrong Side of Road","Other Object","N","N","N","N"
7127476,"N","N","Injury (Complaint of Pain)","N",2015,18.5,"Fall","PM","N","M","Y","N","Y","N","N","N","N",NA,"Dusk or Dawn","Broadside","Pedestrian Right of Way","Other Motor Vehicle","N","N","N","N"
7128009,"N","Y","Injury (Other Visible)","N",2015,16.5833333333333,"Fall","PM","N","W","N","N","Y","N","N","N","N","N","Daylight","Broadside","Pedestrian Violation","Other Motor Vehicle","N","N","N","N"
7128102,"N","Y","PDO (property damage only)","N",2015,16.4166666666667,"Fall","N","N","Su","Y","Y","Y","N","N","N","N","N","Daylight","Broadside","Lights","Other Motor Vehicle","Y","N","N","N"
7128110,"N","Y","PDO (property damage only)","N",2015,9,"Fall","N","N","Sa","Y","N","Y","N","N","N","N","N","Daylight","Rear End","Wrong Side of Road","Other Motor Vehicle","N","N","N","N"
7128118,"N","Y","Injury (Complaint of Pain)","N",2015,21.1666666666667,"Fall","N","N","W","N","N","Y","N","N","N","N","N","Dark - Street Lights","Other","Unsafe Lane Change","Bicycle","N","N","N","Y"
7128590,"N","Y","Injury (Other Visible)","N",2015,18.1666666666667,"Fall","PM","N","Tu","Y","N","Y","N","N","N","N","N","Daylight","Head-On","Pedestrian Violation","Other Motor Vehicle","N","N","N","N"
7128833,"N","Y","Injury (Other Visible)","N",2015,17.0833333333333,"Fall","PM","N","W","N","N","Y","N","N","N","N","N","Dark - Street Lights","Sideswipe","Pedestrian Violation","Other Motor Vehicle","N","N","N","N"
7128858,"N","Y","Injury (Complaint of Pain)","N",2015,16.8166666666667,"Fall","PM","N","Th","Y","Y","Y","N","N","N","N","N","Dusk or Dawn","Broadside","Pedestrian Violation","Other Motor Vehicle","N","N","N","N"
7128878,"N","Y","Injury (Complaint of Pain)","N",2015,14.9166666666667,"Fall","N","N","W","Y","N","Y","N","N","N","N","N","Daylight","Broadside","Pedestrian Violation","Other Object","N","N","N","N"
7128882,"N","Y","PDO (property damage only)","N",2015,8.66666666666667,"Fall","AM","N","Tu","N","N","Y","N","N","N","N","N","Daylight","Broadside","Pedestrian Violation","Other Motor Vehicle","N","N","N","N"
7128893,"N","Y","Injury (Complaint of Pain)","N",2015,11.75,"Fall","N","N","F","N","N","Y","N","N","N","N","N","Daylight","Rear End","Impeding Traffic","Other Motor Vehicle","N","N","N","N"
7128896,"N","Y","PDO (property damage only)","N",2015,21.3333333333333,"Fall","N","N","Th","Y","N","Y","N","N","N","N","N","Dark - Street Lights","Sideswipe","Unsafe Lane Change","Other Motor Vehicle","N","N","N","N"
7128913,"N","Y","Injury (Complaint of Pain)","N",2015,17.0833333333333,"Fall","PM","N","Th","Y","N","Y","N","N","N","N","N","Dark - Street Lights","Other","Wrong Side of Road","Non-Collision","N","N","N","N"
7128940,"N","Y","Injury (Complaint of Pain)","N",2015,12.25,"Fall","N","N","Sa","N","N","Y","N","N","N","N","N","Daylight","Other","Wrong Side of Road","Fixed Object","N","N","N","N"
7128949,"N","Y","PDO (property damage only)","N",2015,15.25,"Fall","PM","N","Th","N","N","Y","N","N","N","N","N","Daylight","Broadside","Pedestrian Right of Way","Other Motor Vehicle","N","N","N","N"
7128959,"N","Y","PDO (property damage only)","N",2015,18.6666666666667,"Fall","PM","N","W","Y","N","Y","N","N","N","N","N","Dark - Street Lights","Broadside","Pedestrian Violation","Other Motor Vehicle","N","N","N","N"
7129108,"N","Y","PDO (property damage only)","N",2015,23.75,"Fall","N","Y","Th","N","N","Y","N","N","N","N","N","Dark - Street Lights","Broadside","Lights","Other Motor Vehicle","N","N","N","N"
7129634,"N","N","Fatal","Y",2015,13.75,"Fall","N","N","Su","N","N","Y","N","N","N","N","N","Daylight","Overturned","Wrong Side of Road","Non-Collision","N","N","N","N"
7129963,"N","Y","Injury (Other Visible)","N",2015,18.9166666666667,"Fall","N","N","Su","Y","N","Y","N","N","N","N","N","Dark - Street Lights","Broadside","Pedestrian Violation","Other Motor Vehicle","N","N","N","N"
7129979,"N","Y","Injury (Complaint of Pain)","N",2015,11.9166666666667,"Fall","N","N","F","N","N","Y","N","N","N","N","N","Daylight","Other","Code 20","Non-Collision","N","N","N","N"
7129983,"N","Y","PDO (property damage only)","N",2015,15.5,"Fall","PM","N","W","Y","N","Y","N","N","N","N","N","Daylight","Broadside","Pedestrian Violation","Other Motor Vehicle","N","N","N","N"
7129984,"N","Y","Injury (Complaint of Pain)","N",2015,0.166666666666667,"Fall","N","Y","Th","N","N","Y","N","N","N","N","N","Dark - Street Lights","Broadside","Pedestrian Violation","Other Motor Vehicle","N","N","N","N"
7129995,"N","Y","Injury (Complaint of Pain)","N",2015,7.08333333333333,"Fall","AM","N","Th","N","N","Y","N","N","N","N","N","Daylight","Rear End","Automobile Right of Way","Other Motor Vehicle","N","N","N","N"
7129999,"N","Y","Injury (Complaint of Pain)","N",2015,19.3333333333333,"Fall","N","N","M","Y","N","Y","N","N","N","N","N","Dark - Street Lights","Broadside","Pedestrian Violation","Other Motor Vehicle","N","N","N","N"
7130089,"N","Y","Injury (Other Visible)","N",2015,22.5833333333333,"Fall","N","N","F","Y","N","Y","N","N","N","N","N","Dark - Street Lights","Broadside","Lights","Other Motor Vehicle","N","N","N","N"
7130651,"N","Y","Injury (Other Visible)","N",2015,17.8333333333333,"Fall","PM","N","W","N","N",NA,NA,NA,NA,"N",NA,NA,NA,"Pedestrian Violation",NA,"N","N","N","N"
7130695,"N","Y","Injury (Other Visible)","N",2015,0.666666666666667,"Fall","N","Y","W","Y","N","Y","N","N","N","N","N","Dark - Street Lights","Broadside","Lights","Other Motor Vehicle","N","N","N","N"
7130704,"N","Y","PDO (property damage only)","N",2015,19.3833333333333,"Fall","N","N","Sa","N","N","Y","N","N","N","N","N","Dark - Street Lights","Sideswipe","Automobile Right of Way","Other Motor Vehicle","N","N","N","N"
7130811,"N","Y","Injury (Other Visible)","N",2015,20.25,"Fall","N","N","Tu","N","Y","Y","N","N","N","N","N","Dark - Street Lights","Head-On","Pedestrian Violation","Other Motor Vehicle","N","N","N","N"
7130812,"N","Y","Injury (Complaint of Pain)","N",2015,16.5833333333333,"Fall","N","N","Sa","N","N","Y","N","N","N","N","N","Daylight","Broadside","Pedestrian Violation","Other Motor Vehicle","N","N","N","N"
7130843,"N","Y","Injury (Complaint of Pain)","N",2015,13.0833333333333,"Fall","N","N","F","N","N","Y","N","N","N","N","N","Daylight","Other","Pedestrian Violation","Other Motor Vehicle","N","N","N","N"
7130918,"N","Y","Injury (Complaint of Pain)","N",2015,22.5,"Fall","N","N","F","N","N","Y","N","N","N","N","N","Dark - Street Lights","Broadside","Impeding Traffic","Other Motor Vehicle","Y","N","N","N"
7131059,"N","N","Fatal","Y",2015,16.5,"Fall","PM","N","W","N","N",NA,NA,NA,NA,"N",NA,NA,"Head-On","Wrong Side of Road",NA,"N","N","N","N"
7131389,"N","Y","PDO (property damage only)","N",2015,19.1666666666667,"Fall","N","N","Su","N","N","Y","N","N","N","N","N","Dark - Street Lights","Broadside","Pedestrian Violation","Other Motor Vehicle","N","N","N","N"
7131558,"N","N","Fatal","Y",2015,15.75,"Fall","PM","N","Th","N","N","Y","N","N","N","N","N","Daylight","Broadside","Other Improper Driving","Parked Motor Vehicle","N","N","N","N"
7131918,"N","Y","PDO (property damage only)","N",2015,17.9166666666667,"Fall","PM","N","W","Y","N","Y","N","N","N","N","N","Dark - Street Lights","Broadside","Pedestrian Violation","Other Motor Vehicle","N","N","N","N"
7131920,"N","Y","Injury (Other Visible)","N",2015,19.0833333333333,"Fall","N","N","Sa","N","N","Y","N","N","N","N","N","Dark - Street Lights","Broadside","Pedestrian Violation","Other Motor Vehicle","N","N","N","N"
7132435,"N","Y","PDO (property damage only)","N",2015,12.3333333333333,"Fall","N","N","Th","Y","N","Y","N","N","N","N","N","Daylight","Broadside","Pedestrian Violation","Other Motor Vehicle","N","N","N","N"
7132468,"N","Y","Injury (Other Visible)","N",2015,19.9166666666667,"Fall","N","N","F","N","N","Y","N","N","N","N","N","Dark - Street Lights","Broadside","Pedestrian Violation","Other Motor Vehicle","N","N","N","N"
7132472,"N","Y","Injury (Other Visible)","N",2015,11.75,"Fall","N","N","Sa","N","N","Y","N","N","N","N","N","Daylight","Other","Wrong Side of Road","Other Object","N","N","N","N"
7132862,"N","Y","PDO (property damage only)","N",2015,17,"Fall","PM","N","M","N","N",NA,NA,NA,NA,"N","N","Dusk or Dawn","Sideswipe","Automobile Right of Way","Other Motor Vehicle","N","N","N","N"
7132915,"N","Y","PDO (property damage only)","N",2015,9.5,"Fall","N","N","M","Y","N","N","Y","N","N","N","N","Daylight","Broadside","Pedestrian Violation","Other Motor Vehicle","N","N","N","N"
7134310,"N","N","Fatal","Y",2015,12.3833333333333,"Fall","N","N","F","Y","N","Y","N","N","N","N","N","Daylight","Broadside","Lights","Other Motor Vehicle","N","N","N","N"
7134470,"N","Y","Injury (Complaint of Pain)","N",2015,14.75,"Fall","N","N","W","N","N","Y","N","N","N","N","N","Daylight","Sideswipe","Impeding Traffic","Other Motor Vehicle","N","Y","N","N"
7134488,"N","Y","Injury (Complaint of Pain)","N",2015,14,"Fall","N","N","W","N","Y","Y","N","N","N","N","N","Daylight","Sideswipe","Automobile Right of Way","Other Motor Vehicle","N","N","N","N"
7134492,"N","Y","PDO (property damage only)","N",2015,17.25,"Fall","PM","N","F","Y","N","Y","N","N","N","N","N","Dark - Street Lights","Broadside","Pedestrian Violation","Other Motor Vehicle","N","N","N","N"
7134494,"N","Y","Injury (Complaint of Pain)","N",2015,11.9166666666667,"Fall","N","N","M","Y","N","Y","N","N","N","N","N","Daylight","Broadside","Pedestrian Right of Way","Other Motor Vehicle","N","N","N","N"
7134521,"N","Y","Injury (Complaint of Pain)","N",2015,15.9166666666667,"Fall","PM","N","F","N","N","Y","N","N","N","N","N","Daylight","Sideswipe","Pedestrian Right of Way","Other Motor Vehicle","N","N","N","N"
7134526,"N","Y","PDO (property damage only)","N",2015,14.5,"Fall","N","N","F","N","N","Y","N","N","N","N","N","Daylight","Head-On","Pedestrian Violation","Other Motor Vehicle","N","N","N","N"
7134588,"N","Y","PDO (property damage only)","N",2015,18.3333333333333,"Fall","PM","N","Th","Y","N","Y","N","N","N","N","N","Dark - Street Lights","Head-On","Impeding Traffic","Other Motor Vehicle","N","N","N","N"
7134590,"N","Y","Injury (Complaint of Pain)","N",2015,15,"Fall","PM","N","F","Y","N","Y","N","N","N","N","N","Daylight","Broadside","Pedestrian Violation","Other Motor Vehicle","N","N","N","N"
7134605,"N","Y","Injury (Complaint of Pain)","N",2015,18.6666666666667,"Fall","PM","N","F","N","N","Y","N","N","N","N","N","Dark - Street Lights","Sideswipe","Wrong Side of Road","Parked Motor Vehicle","N","N","N","N"
7134612,"N","Y","Injury (Complaint of Pain)","N",2015,17.8333333333333,"Fall","N","N","Su","Y","N","Y","N","N","N","N","N","Dark - Street Lights","Sideswipe","Miscellaneous","Bicycle","N","N","N","Y"
7134699,"N","Y","Injury (Complaint of Pain)","N",2015,18.3333333333333,"Fall","PM","N","Tu","N","N","Y","N","N","N","N","N","Dark - Street Lights","Other","Wrong Side of Road","Other Motor Vehicle","N","N","N","N"
7135062,"N","N","Fatal","Y",2015,3.83333333333333,"Fall","N","Y","Sa","N","N","Y","N","N","N","N","N","Dark - Street Lights","Head-On","Wrong Side of Road","Parked Motor Vehicle","N","N","N","N"
7135222,"N","Y","Injury (Complaint of Pain)","N",2015,14.4166666666667,"Winter","N","N","Th","Y","N","Y","N","N","N","N","N","Daylight","Broadside","Wrong Side of Road","Other Motor Vehicle","N","N","N","N"
7135238,"N","Y","Injury (Complaint of Pain)","N",2015,18.9166666666667,"Winter","PM","N","Tu","Y","N","Y","N","N","N","N","N","Dark - Street Lights","Broadside","Pedestrian Violation","Other Motor Vehicle","N","N","N","N"
7135296,"N","Y","Injury (Complaint of Pain)","N",2015,20.25,"Winter","N","N","W","Y","N","Y","N","N","N","N","N","Dark - Street Lights","Broadside","Automobile Right of Way","Other Motor Vehicle","N","N","N","N"
7135314,"N","Y","PDO (property damage only)","N",2015,14.4166666666667,"Winter","N","N","Sa","N","Y","Y","N","N","N","N","N","Daylight","Sideswipe","Impeding Traffic","Other Motor Vehicle","N","N","N","N"
7135352,"N","Y","Injury (Other Visible)","N",2015,6.33333333333333,"Fall","N","N","Sa","N","N","Y","N","N","N","N","N","Dusk or Dawn","Broadside","Pedestrian Right of Way","Other Motor Vehicle","N","N","N","N"
7135774,"N","Y","PDO (property damage only)","N",2015,11.8333333333333,"Fall","N","N","Tu","N","N","Y","N","N","N","N","N","Daylight","Sideswipe","Wrong Side of Road","Other Motor Vehicle","N","N","N","N"
7135833,"N","Y","Injury (Other Visible)","N",2015,19.5833333333333,"Fall","N","N","M","Y","N","N","Y","N","N","N","N","Dark - Street Lights","Broadside","Pedestrian Violation","Other Motor Vehicle","N","N","N","N"
7136027,"N","Y","PDO (property damage only)","N",2015,15.75,"Fall","PM","N","Th","Y","N","Y","N","N","N","N","N","Daylight","Broadside","Pedestrian Violation","Other Motor Vehicle","N","N","N","N"
7136067,"N","Y","PDO (property damage only)","N",2015,17.3333333333333,"Fall","PM","N","Tu","Y","N",NA,NA,NA,NA,"N",NA,NA,NA,"Unsafe Lane Change",NA,"N","N","N","N"
7136081,"N","Y","Injury (Other Visible)","N",2015,1.5,"Fall","N","Y","Sa","Y","N","Y","N","N","N","N","N","Dark - Street Lights","Broadside","Pedestrian Violation","Other Object","N","N","N","N"
7136085,"N","Y","Injury (Other Visible)","N",2015,1,"Fall","N","Y","M","Y","N","Y","N","N","N","N","N","Dark - Street Lights","Broadside","Lights","Other Motor Vehicle","N","N","N","N"
7136878,"N","N","Fatal","Y",2015,11.5,"Fall","N","N","M","N","N","Y","N","N","N","N","N","Daylight","Sideswipe","Unsafe Starting or Backing","Parked Motor Vehicle","N","N","N","N"
7137369,"N","Y","Injury (Other Visible)","N",2015,7.33333333333333,"Fall","AM","N","M","Y","N","Y","N","N","N","N","N","Daylight","Broadside","Pedestrian Violation","Other Motor Vehicle","N","N","N","N"
7137389,"N","N","PDO (property damage only)","N",2015,11.6666666666667,"Fall","N","N","Sa","N","N","Y","N","N","N","N","N","Daylight","Broadside","Unsafe Starting or Backing","Other Motor Vehicle","N","N","N","N"
7137857,"N","N","Fatal","Y",2015,18.9166666666667,"Fall","PM","N","F","N","N","Y","N","N","N","N","N","Dark - Street Lights","Other","Unsafe Starting or Backing","Other Motor Vehicle","N","N","N","N"
7137935,"N","Y","Injury (Complaint of Pain)","N",2015,17.5,"Fall","PM","N","M","Y","N","Y","N","N","N","N","N","Dark - Street Lights","Broadside","Pedestrian Violation","Other Motor Vehicle","N","N","N","N"
7137996,"N","Y","PDO (property damage only)","N",2015,15.5833333333333,"Fall","PM","N","M","Y","N","N","Y","N","N","N","N","Daylight","Broadside","Pedestrian Violation","Other Motor Vehicle","N","N","N","N"
7138015,"N","Y","Injury (Other Visible)","N",2015,20.0833333333333,"Fall","N","N","W","Y","N","Y","N","N","N","N","N","Dark - Street Lights","Broadside","Pedestrian Violation","Other Motor Vehicle","N","N","N","N"
7138019,"N","N","PDO (property damage only)","N",2015,17.0833333333333,"Fall","PM","N","W","Y","N","Y","N","N","N","N","N","Dusk or Dawn","Broadside","Pedestrian Violation","Other Motor Vehicle","N","N","N","N"
7138028,"N","Y","Injury (Complaint of Pain)","N",2015,22.75,"Fall","N","N","Tu","N","N","Y","N","N","N","N","N","Dark - Street Lights","Broadside","Pedestrian Violation","Other Motor Vehicle","N","N","N","N"
7138040,"N","Y","PDO (property damage only)","N",2015,17.5,"Fall","PM","N","Tu","Y","N","Y","N","N","N","N","N","Dark - Street Lights","Rear End","Improper Passing","Other Motor Vehicle","N","N","N","N"
7138043,"N","Y","PDO (property damage only)","N",2015,12.0666666666667,"Fall","N","N","Tu","N","N","Y","N","N","N","N","N","Daylight",NA,"Wrong Side of Road","Other Object","N","N","N","N"
7138065,"N","Y","Injury (Other Visible)","N",2015,23.6666666666667,"Fall","N","Y","W","Y","N","Y","N","N","N","N","N","Dark - Street Lights","Broadside","Pedestrian Violation","Other Motor Vehicle","N","N","N","N"
7138079,"N","Y","Injury (Complaint of Pain)","N",2015,8.16666666666667,"Fall","AM","N","M","N","N","Y","N","N","N","N","N","Daylight","Rear End","Improper Passing","Other Motor Vehicle","N","N","N","N"
7139056,"N","N","Fatal","Y",2015,13.4166666666667,"Winter","N","N","Sa","N","N","Y","N","N","N","N","N","Daylight","Sideswipe","Pedestrian Right of Way","Parked Motor Vehicle","N","N","N","N"
7141772,"N","Y","Injury (Other Visible)","N",2015,21.75,"Fall","N","N","Tu","N","N","Y","N","N","N","N","N","Dark - Street Lights","Hit Object","Wrong Side of Road","Fixed Object","N","N","N","N"
7142159,"N","Y","PDO (property damage only)","N",2015,16.6666666666667,"Fall","PM","N","W","N","N","Y","N","N","N","N","N","Dusk or Dawn","Hit Object","Automobile Right of Way","Fixed Object","N","N","N","N"
7142805,"N","Y","Injury (Complaint of Pain)","N",2015,7.75,"Fall","AM","N","Th","Y","N","N","N","N","Y","Y","N","Daylight","Broadside","Wrong Side of Road","Other Motor Vehicle","N","N","N","N"
7144731,"N","Y","Injury (Complaint of Pain)","N",2015,13.8333333333333,"Winter","N","N","Sa","Y","N","Y","N","N","N","N","N","Daylight","Broadside","Pedestrian Right of Way","Other Motor Vehicle","N","N","N","N"
7144746,"N","Y","Injury (Complaint of Pain)","N",2015,16,"Winter","PM","N","F","Y","N","Y","N","N","N","N","Y","Daylight","Rear End","Wrong Side of Road","Non-Collision","N","N","N","N"
7145180,"N","Y","PDO (property damage only)","N",2015,14.3333333333333,"Fall","N","N","W","Y","N","Y","N","N","N","N","N","Daylight","Broadside","Code 19","Other Motor Vehicle","N","N","N","N"
7145282,"N","N","Fatal","Y",2015,25,"Fall","N","Y","F","N","N","Y","N","N","N","N","N","Dark - Street Lights","Broadside","Unsafe Lane Change","Parked Motor Vehicle","N","N","N","N"
7145879,"N","Y","PDO (property damage only)","N",2015,18.3333333333333,"Fall","PM","N","W","Y","N","Y","N","N","N","N","N","Dark - Street Lights","Broadside","Improper Turning","Other Motor Vehicle","N","N","N","N"
7145898,"N","Y","Injury (Complaint of Pain)","N",2015,22.3333333333333,"Fall","N","N","W","N","N","Y","N","N","N","N","N","Dark - Street Lights","Rear End","Wrong Side of Road","Other Motor Vehicle","N","N","N","N"
7145916,"N","Y","Injury (Other Visible)","N",2015,10.25,"Fall","N","N","M","Y","N","Y","N","N","N","N","N","Daylight","Broadside","Lights","Other Motor Vehicle","N","N","N","N"
7146085,"N","Y","PDO (property damage only)","N",2015,17.25,"Winter","PM","N","W","Y","N","Y","N","N","N","N","N","Dark - Street Lights","Broadside","Pedestrian Violation","Other Motor Vehicle","N","N","N","N"
7146090,"N","Y","PDO (property damage only)","N",2015,9.75,"Winter","N","N","W","Y","N","Y","N","N","N","N","N","Daylight","Other","Traffic Signals and Signs","Other Object","N","N","N","N"
7146105,"N","Y","PDO (property damage only)","N",2015,19.6666666666667,"Fall","N","N","M","N","N","N","N","N","Y","N","N","Dark - Street Lights","Broadside","Pedestrian Violation","Other Motor Vehicle","N","N","N","N"
7146274,"N","Y","Injury (Complaint of Pain)","N",2015,13.8333333333333,"Fall","N","N","F","Y","N","Y","N","N","N","N","N","Daylight","Sideswipe","Pedestrian Violation","Other Motor Vehicle","N","N","N","N"
7146966,"N","N","Fatal","Y",2015,25,"Winter","N","Y","Tu","N","N","Y","N","N","N","N","N","Dark - Street Lights","Rear End","Wrong Side of Road","Parked Motor Vehicle","N","N","N","N"
7148082,"N","Y","Injury (Complaint of Pain)","N",2015,1.33333333333333,"Fall","N","Y","Tu","Y","N","Y","N","N","Y","N","N","Dark - Street Lights","Broadside","Pedestrian Violation","Other Motor Vehicle","N","N","N","N"
7148094,"N","N","PDO (property damage only)","N",2015,14.5,"Fall","N","N","Su","N","N","Y","N","N","N","N","N","Daylight","Other","Code 20","Bicycle","N","N","N","Y"
7148098,"N","Y","Injury (Complaint of Pain)","N",2015,8.16666666666667,"Fall","AM","N","W","N","N","Y","N","N","N","N","N","Daylight","Sideswipe","Code 19","Other Motor Vehicle","N","N","N","N"
7148813,"N","Y","Injury (Complaint of Pain)","N",2015,19.1666666666667,"Winter","N","N","Sa","Y","N","Y","N","N","N","N","N","Dark - Street Lights","Broadside","Lights","Other Motor Vehicle","N","N","N","N"
7149393,"N","Y","PDO (property damage only)","N",2015,22.25,"Fall","N","N","Sa","N","N","Y","N","N","N","N","N","Dark - Street Lights","Sideswipe","Pedestrian Right of Way","Other Motor Vehicle","N","N","N","N"