"CASE_ID","mc_killed","mc_injured","collision_severity","severe","accident_year","hours_since_midnight","season","rush_hour","late_night","day_of_week","intersection","state_hwy_ind","w_clear","w_cloudy","w_rainy","w_other","road_not_dry","road_condition_issue","lighting","type_of_collision","pcf_viol_category","mviw","alcohol_involved","truck_accident","pedestrian_accident","bicycle_accident"
7150504,"N","Y","Injury (Other Visible)","N",2015,20,"Winter","N","N","F","Y","N","Y","N","N","N","N","N","Dark - Street Lights","Broadside","Lights","Other Motor Vehicle","N","Y","N","N"
7151784,"N","Y","Injury (Other Visible)","N",2015,22.9166666666667,"Fall","N","N","M","N","N","Y","N","N","N","N","N","Dark - Street Lights","Other","Wrong Side of Road","Non-Collision","N","N","N","N"
7153218,"N","Y","Injury (Complaint of Pain)","N",2015,15.3333333333333,"Winter","PM","N","Tu","N","N","Y","N","N","N","N","N","Daylight","Sideswipe","Pedestrian Right of Way","Other Motor Vehicle","N","N","N","N"
7153221,"N","Y","Injury (Complaint of Pain)","N",2015,14.6666666666667,"Winter","N","N","W","N","N","Y","N","N","N","N","N","Daylight","Sideswipe","Code 19","Other Motor Vehicle","N","N","N","N"
7153223,"N","Y","Injury (Complaint of Pain)","N",2015,15.1666666666667,"Winter","PM","N","Th","Y","N","Y","N","N","N","N","N","Daylight","Broadside","Pedestrian Violation","Other Motor Vehicle","N","N","N","N"
7153635,"N","Y","Injury (Complaint of Pain)","N",2015,7.75,"Winter","N","N","Sa","N","N","Y","N","N","N","N","N","Daylight","Broadside","Pedestrian Violation","Other Motor Vehicle","N","N","N","N"
7153668,"N","Y","PDO (property damage only)","N",2015,17.0833333333333,"Winter","PM","N","Tu","Y","N","Y","N","N","N","N","N","Daylight","Broadside","Pedestrian Violation","Other Motor Vehicle","N","N","N","N"
7154819,"N","Y","Injury (Other Visible)","N",2015,20.25,"Fall","N","N","M","N","N","Y","N","N","N","N","N","Dark - Street Lights","Sideswipe","Lights","Other Motor Vehicle","N","N","N","N"
7154888,"N","N","Fatal","Y",2015,16.5,"Winter","PM","N","Th","N","N","N","Y","N","N","N","N","Daylight","Rear End","Unsafe Speed","Other Motor Vehicle","Y","N","N","N"
7155686,"N","Y","Injury (Other Visible)","N",2015,14.5833333333333,"Winter","N","N","Th","N","N","Y","N","N","N","N","N","Daylight","Rear End","Wrong Side of Road","Parked Motor Vehicle","N","N","N","N"
7155799,"N","Y","Injury (Complaint of Pain)","N",2015,21.5833333333333,"Winter","N","N","Sa","Y","N","Y","N","N","N","N","N","Dark - Street Lights","Broadside","Wrong Side of Road","Pedestrian","N","N","Y","N"
7155856,"N","Y","Injury (Complaint of Pain)","N",2015,17,"Fall","PM","N","Tu","Y","N","Y","N","N","N","N","N","Daylight","Other","Pedestrian Violation","Non-Collision","N","N","N","N"
7155863,"N","Y","PDO (property damage only)","N",2015,13.5,"Fall","N","N","Th","Y","N","Y","N","N","N","N","N","Daylight","Rear End","Improper Passing","Other Motor Vehicle","N","N","N","N"
7155864,"N","Y","PDO (property damage only)","N",2015,12.4166666666667,"Fall","N","N","Tu","Y","N","Y","N","N","N","N","N","Daylight","Broadside","Pedestrian Violation","Other Motor Vehicle","N","N","N","N"
7156215,"N","N","Fatal","Y",2015,23.1666666666667,"Fall","N","Y","F","N","N","Y","N","N","N","N","N","Dark - Street Lights","Hit Object","Pedestrian Right of Way","Fixed Object","N","N","N","N"
7156895,"N","Y","PDO (property damage only)","N",2015,18.1666666666667,"Winter","PM","N","Th","N","N","Y","N","N","N","N","N","Dark - Street Lights",NA,"Pedestrian Violation","Other Motor Vehicle","N","N","N","N"
7156985,"N","Y","Injury (Other Visible)","N",2015,10.6666666666667,"Fall","N","N","F","Y","N","Y","N","N","N","N","N","Daylight","Broadside","Lights","Other Motor Vehicle","N","N","N","N"
7157157,"N","Y","Injury (Complaint of Pain)","N",2015,21.1666666666667,"Fall","N","N","Tu","N","N","Y","N","N","N","N","N","Dark - Street Lights","Broadside","Automobile Right of Way","Bicycle","N","N","N","Y"
7157624,"N","Y","Injury (Complaint of Pain)","N",2015,7.91666666666667,"Winter","AM","N","Th","Y","N","Y","N","N","N","N","N","Daylight","Broadside","Pedestrian Violation","Other Motor Vehicle","N","N","N","N"
7157635,"N","Y","Injury (Complaint of Pain)","N",2015,13.9166666666667,"Fall","N","N","Th","N","N","Y","N","N","N","N",NA,"Daylight",NA,"Automobile Right of Way","Other Motor Vehicle","N","N","N","N"
7157642,"N","Y","PDO (property damage only)","N",2015,9,"Fall","AM","N","W","Y","N","Y","N","N","N","N","N","Daylight",NA,"Pedestrian Violation","Other Motor Vehicle","N","N","N","N"
7158059,"N","Y","Injury (Other Visible)","N",2015,22.1666666666667,"Winter","N","N","Tu","Y","N","Y","N","N","N","N","N","Dark - Street Lights","Broadside","Pedestrian Right of Way","Other Motor Vehicle","N","N","N","N"
7158063,"N","Y","Injury (Other Visible)","N",2015,18.8333333333333,"Winter","PM","N","M","N","N","Y","N","N","N","N","N","Dark - Street Lights","Vehicle/Pedestrian","Hazardous Parking","Pedestrian","N","N","Y","N"
7162294,"N","Y","PDO (property damage only)","N",2015,1,"Winter","N","Y","Tu","Y","N","Y","N","N","N","N","N","Dark - Street Lights","Head-On","Wrong Side of Road","Other Motor Vehicle","Y","N","N","N"
7162697,"N","N","Injury (Complaint of Pain)","N",2015,11.3,"Spring","N","N","Tu","Y","N","N","Y","N","N","N","N","Daylight","Other","Pedestrian Violation","Other Motor Vehicle","N","N","N","N"
7164428,"N","Y","Injury (Complaint of Pain)","N",2015,13.1666666666667,"Winter","N","N","W","N","N","Y","N","N","N","N","N","Daylight","Sideswipe","Pedestrian Violation","Other Motor Vehicle","N","N","N","N"
7165065,"N","Y","Injury (Complaint of Pain)","N",2015,14.1666666666667,"Winter","N","N","Sa","N","N","Y","N","N","N","N","N","Daylight","Broadside","Pedestrian Right of Way","Other Motor Vehicle","N","N","N","N"
7165470,"N","Y","PDO (property damage only)","N",2015,7.66666666666667,"Fall","AM","N","F","Y","N","Y","N","N","N","N","N","Daylight","Broadside","Pedestrian Violation","Other Motor Vehicle","N","N","N","N"
7165924,"N","Y","Injury (Complaint of Pain)","N",2015,0.916666666666667,"Winter","N","Y","Th","Y","N","Y","N","N","N","N","N","Dark - Street Lights","Broadside","Pedestrian Violation","Other Motor Vehicle","N","N","N","N"
7166257,"N","Y","Injury (Complaint of Pain)","N",2015,15.5833333333333,"Fall","PM","N","F","N","N","Y","N","N","N","N","N","Daylight","Head-On","Pedestrian Violation","Other Motor Vehicle","N","N","N","N"
7166290,"N","Y","Injury (Other Visible)","N",2015,17.1666666666667,"Fall","PM","N","M","N","N","Y","N","N","N","N","N","Daylight","Broadside","Pedestrian Violation","Other Motor Vehicle","N","N","N","N"
7166494,"N","Y","Injury (Other Visible)","N",2015,17.5,"Fall","PM","N","Th","Y","N","N","N","Y","N","Y","N","Dark - Street Lights","Rear End","Impeding Traffic","Other Motor Vehicle","N","N","N","N"
7167207,"N","Y","Injury (Complaint of Pain)","N",2015,14.8333333333333,"Winter","N","N","Th","N","N","Y","N","N","N","N","N","Daylight","Sideswipe","Pedestrian Violation","Other Motor Vehicle","N","N","N","N"
7167828,"N","Y","PDO (property damage only)","N",2015,20.5,"Winter","N","N","Th","Y","N","Y","N","N","N","N","N","Dark - Street Lights","Broadside","Improper Turning","Other Motor Vehicle","N","N","N","N"
7167874,"N","Y","Injury (Complaint of Pain)","N",2015,15.5,"Winter","N","N","Sa","Y","N","Y","N","N","N","N","N","Daylight",NA,"Improper Turning","Other Motor Vehicle","N","N","N","N"
7169862,"N","Y","Injury (Other Visible)","N",2015,14,"Winter","N","N","Tu","N","N",NA,NA,NA,NA,"N",NA,NA,NA,"Pedestrian Right of Way",NA,"N","N","N","N"
7169893,"N","Y","PDO (property damage only)","N",2015,0.0166666666666667,"Winter","N","Y","M","N","N","Y","N","N","N","N","N","Dark - Street Lights","Other","Wrong Side of Road","Fixed Object","N","N","N","N"
7169913,"N","Y","PDO (property damage only)","N",2015,14.75,"Winter","N","N","Tu","N","N","N","N","Y","N","Y","N","Daylight","Broadside","Pedestrian Right of Way","Other Motor Vehicle","N","N","N","N"
7170028,"N","Y","Injury (Complaint of Pain)","N",2015,0.0666666666666667,"Winter","N","Y","Su","Y","N","Y","N","N","N","Y","N","Dark - Street Lights","Broadside","Pedestrian Right of Way","Other Motor Vehicle","N","N","N","N"
7170080,"N","Y","Injury (Complaint of Pain)","N",2015,14.8333333333333,"Winter","N","N","Tu","Y","N","Y","N","N","N","N","N","Daylight","Sideswipe","Wrong Side of Road","Other Motor Vehicle","N","N","N","N"
7170101,"N","Y","Injury (Complaint of Pain)","N",2015,15.5,"Winter","PM","N","M","N","N","Y","N","N","N","N","N","Daylight","Broadside","Pedestrian Violation","Other Motor Vehicle","N","N","N","N"
7170752,"N","Y","Injury (Other Visible)","N",2015,13.75,"Fall","N","N","Su","Y","N","Y","N","N","N","N","N","Daylight","Broadside","Pedestrian Violation","Other Motor Vehicle","N","N","N","N"
7171602,"N","Y","Injury (Complaint of Pain)","N",2015,13.8333333333333,"Winter","N","N","W","Y","N","Y","N","N","N","N","N","Daylight","Hit Object","Other Improper Driving","Fixed Object","N","N","N","N"
7171654,"N","N","Injury (Complaint of Pain)","N",2015,14.5,"Winter","N","N","M","N","N","Y","N","N","N","N","N","Daylight","Vehicle/Pedestrian","Hazardous Parking","Other Motor Vehicle","N","N","Y","N"
7171939,"N","Y","PDO (property damage only)","N",2015,19.5833333333333,"Fall","N","N","W","N","N","Y","N","N","N","N","N","Dark - Street Lights","Head-On","Lights","Bicycle","N","N","N","N"
7171988,"N","Y","PDO (property damage only)","N",2015,16.4166666666667,"Winter","PM","N","F","N","N","Y","N","N","N","N","N","Daylight","Sideswipe","Impeding Traffic","Other Motor Vehicle","N","N","N","N"
7172036,"N","Y","Injury (Complaint of Pain)","N",2015,17.5833333333333,"Winter","PM","N","W","N","N","Y","N","N","N","N","N","Dark - Street Lights","Broadside","Automobile Right of Way","Other Motor Vehicle","N","Y","N","N"
7172041,"N","Y","Injury (Other Visible)","N",2015,18.5,"Fall","PM","N","F","Y","N","Y","N","N","N","N","N","Dark - Street Lights","Broadside","Driving or Bicycling Under the Influence of Alcohol or Drug","Other Motor Vehicle","N","N","N","N"
7172045,"N","Y","PDO (property damage only)","N",2015,13.15,"Fall","N","N","W","N","N","Y","N","N","N","N","N","Daylight","Sideswipe","Pedestrian Violation","Other Motor Vehicle","N","N","N","N"
7172370,"N","Y","Injury (Complaint of Pain)","N",2015,18.25,"Fall","PM","N","Th","Y","N","Y","N","N","N","N","N","Dark - Street Lights","Sideswipe","Pedestrian Right of Way","Other Object","N","N","N","N"
7173089,"N","Y","Injury (Other Visible)","N",2015,17.25,"Winter","PM","N","Tu","N","N","N","N","Y","N","Y","N","Dark - Street Lights","Broadside","Pedestrian Violation","Other Motor Vehicle","N","N","N","N"
7173982,"N","Y","Injury (Complaint of Pain)","N",2015,23.5,"Winter","N","Y","Sa","Y","N","Y","N","N","N","Y","N","Dark - Street Lights","Broadside","Pedestrian Violation","Other Motor Vehicle","N","N","N","N"
7173994,"N","N","PDO (property damage only)","N",2015,15.6666666666667,"Fall","PM","N","M","N","N","Y","N","N","N","N","N","Daylight","Rear End","Improper Passing","Other Motor Vehicle","N","N","N","N"
7174000,"N","Y","Injury (Complaint of Pain)","N",2015,11,"Fall","N","N","F","Y","N","Y","N","N","N","N","N","Daylight","Broadside","Pedestrian Violation","Other Motor Vehicle","N","N","N","N"
7174180,"N","Y","Injury (Complaint of Pain)","N",2015,10,"Winter","N","N","Tu","Y","N","Y","N","N","N","N","N","Daylight","Broadside","Pedestrian Violation","Motor Vehicle on Other Roadway","N","N","N","N"
7175283,"N","Y","PDO (property damage only)","N",2015,19.4166666666667,"Winter","N","N","Th","Y","N","Y","N","N","N","N","N","Dark - Street Lights","Other","Pedestrian Right of Way","Non-Collision","N","N","N","N"
7175313,"N","Y","Injury (Complaint of Pain)","N",2015,19,"Winter","N","N","Su","N","N","Y","N","N","N","N","N","Dark - Street Lights","Sideswipe","Improper Turning","Other Motor Vehicle","N","N","N","N"
7175314,"N","N","Injury (Other Visible)","N",2015,18.1666666666667,"Winter","PM","N","Th","Y","N","Y","N","N","N","N","N","Dark - Street Lights","Head-On","Pedestrian Violation","Other Motor Vehicle","N","N","N","N"
7175325,"N","Y","PDO (property damage only)","N",2015,25,"Winter","N","Y","Th","Y","N","Y","N","N","N","Y","N","Dark - Street Lights","Other","Code 20","Pedestrian","N","N","N","N"
7175336,"N","Y","PDO (property damage only)","N",2015,18.1666666666667,"Winter","PM","N","Tu","Y","N","Y","N","N","N","N","N","Dark - Street Lights","Broadside","Pedestrian Violation","Other Motor Vehicle","N","N","N","N"
7178034,"N","Y","Injury (Complaint of Pain)","N",2015,12.75,"Winter","N","N","F","N","N","Y","N","N","N","N","N","Daylight","Broadside","Pedestrian Violation","Other Motor Vehicle","N","N","N","N"
7178774,"N","Y","Injury (Complaint of Pain)","N",2015,14.1666666666667,"Winter","N","N","Th","Y","N","Y","N","N","N","N","N","Daylight","Broadside","Lights","Other Motor Vehicle","N","N","N","N"
7178790,"N","N","Injury (Complaint of Pain)","N",2015,15.5833333333333,"Winter","PM","N","Th","N","N","Y","N","N","N","N","N","Daylight","Head-On","Hazardous Parking","Pedestrian","N","N","Y","N"
7178841,"N","N","Fatal","Y",2015,21.9166666666667,"Winter","N","N","F","N","N","Y","N","N","N","N","N","Dark - Street Lights","Sideswipe","Impeding Traffic","Parked Motor Vehicle","N","N","N","N"
7189696,"N","N","Fatal","Y",2015,7.33333333333333,"Fall","AM","N","Th","N","N","N","N","N","Y","Y","N","Daylight","Sideswipe","Pedestrian Violation","Other Motor Vehicle","N","N","N","N"
7189815,"N","N","PDO (property damage only)","N",2015,20,"Fall","N","N","Su","Y","N","Y","N","N","N","N","N","Dark - Street Lights","Broadside","Pedestrian Right of Way","Other Motor Vehicle","N","N","N","N"
7189817,"N","Y","PDO (property damage only)","N",2015,14.5,"Winter","N","N","Th","N","N","Y","N","N","N","N","N","Daylight","Other","Other Improper Driving","Other Object","N","N","N","N"
7189826,"N","Y","PDO (property damage only)","N",2015,12.25,"Winter","N","N","F","N","N","Y","N","N","N","N","N","Daylight","Head-On","Wrong Side of Road","Parked Motor Vehicle","N","N","N","N"
7189839,"N","Y","PDO (property damage only)","N",2015,13,"Winter","N","N","F","Y","N","Y","N","N","N","N","N","Daylight","Hit Object","Wrong Side of Road","Fixed Object","Y","N","N","N"
7190736,"N","N","PDO (property damage only)","N",2015,6.21666666666667,"Fall","N","N","W","N","N","Y","N","N","N","N","N","Daylight","Rear End","Improper Passing","Other Motor Vehicle","N","N","N","N"
7190767,"N","Y","Injury (Complaint of Pain)","N",2015,14,"Fall","N","N","M","N","N","Y","N","N","N","N","N","Daylight","Sideswipe","Wrong Side of Road","Parked Motor Vehicle","N","N","N","N"
7196645,"N","Y","Injury (Other Visible)","N",2015,18.3333333333333,"Winter","PM","N","Th","Y","N","Y","N","N","N","N","N","Dark - Street Lights","Head-On","Pedestrian Violation","Other Motor Vehicle","N","N","N","N"
7199750,"Y","N","Injury (Severe)","Y",2015,1.28333333333333,"Summer","N","Y","Sa","N","Y","Y","N","N","N","N","N","Dark - Street Lights","Hit Object","Wrong Side of Road","Fixed Object","Y","N","N","N"
8035053,"N","Y","PDO (property damage only)","N",2015,19.0833333333333,"Winter","N","N","Th","Y","N","Y","N","N","N","N","N","Dark - Street Lights","Head-On","Pedestrian Violation","Other Motor Vehicle","N","N","N","N"
8150906,"N","Y","Injury (Complaint of Pain)","N",2015,8.25,"Fall","AM","N","W","N","N","Y","N","N","N","N","N","Daylight","Other","Automobile Right of Way","Other Object","N","N","N","N"
90024844,"N","N","Fatal","Y",2015,8.66666666666667,"Fall","AM","N","W","N","Y","Y","N","N","N","N","N","Daylight","Overturned","Improper Turning","Non-Collision","N","N","N","N"
90025172,"N","Y","Injury (Complaint of Pain)","N",2015,8.58333333333333,"Fall","AM","N","W","N","Y","Y","N","N","N","N","N","Daylight","Overturned","Code 19","Non-Collision","N","N","N","N"
90026141,"N","Y","PDO (property damage only)","N",2015,14.0833333333333,"Fall","N","N","F","N","Y","Y","N","N","N","N","N","Daylight","Rear End","Wrong Side of Road","Other Motor Vehicle","N","N","N","N"
90026673,"N","Y","Injury (Complaint of Pain)","N",2015,7,"Fall","AM","N","W","N","Y","Y","N","N","N","N","Y","Daylight","Broadside","Automobile Right of Way","Other Motor Vehicle","N","N","N","N"
90027777,"N","N","Fatal","Y",2015,17.8333333333333,"Fall","PM","N","Th","N","Y","Y","N","N","N","N","N","Daylight","Sideswipe","Automobile Right of Way","Other Motor Vehicle","N","N","N","N"
90027838,"N","Y","Injury (Complaint of Pain)","N",2015,21.5833333333333,"Fall","N","N","Sa","N","Y","Y","N","N","N","N","N","Dark - Street Lights","Rear End","Wrong Side of Road","Other Motor Vehicle","N","N","N","N"
90029182,"N","Y","Injury (Complaint of Pain)","N",2015,14.5,"Fall","N","N","Th","N","Y","Y","N","N","N","N","N","Daylight","Overturned","Pedestrian Right of Way","Non-Collision","N","N","N","N"
90029303,"N","Y","PDO (property damage only)","N",2015,12.75,"Fall","N","N","F","N","Y","Y","N","N","N","N","N","Daylight","Sideswipe","Pedestrian Right of Way","Other Motor Vehicle","N","N","N","N"
90031805,"N","Y","Injury (Complaint of Pain)","N",2015,16.75,"Fall","PM","N","Tu","N","Y","Y","N","N","N","N","N","Daylight","Rear End","Wrong Side of Road","Other Motor Vehicle","N","N","N","N"
90032145,"N","Y","PDO (property damage only)","N",2015,14.6666666666667,"Fall","N","N","Th","N","Y","Y","N","N","N","N","N","Daylight","Rear End","Wrong Side of Road","Other Motor Vehicle","N","N","N","N"
90032225,"N","Y","Injury (Other Visible)","N",2015,15.5833333333333,"Fall","PM","N","W","N","Y","Y","N","N","N","N","N","Daylight","Broadside","Pedestrian Right of Way","Other Motor Vehicle","N","N","N","N"
90032602,"N","N","Fatal","Y",2015,22.75,"Fall","N","N","Th","N","Y","Y","N","N","N","N","N","Dark - Street Lights","Sideswipe","Automobile Right of Way","Other Motor Vehicle","N","N","N","N"
90032815,"N","Y","Injury (Complaint of Pain)","N",2015,7.25,"Fall","AM","N","Tu","N","Y","Y","N","N","N","N","N","Daylight","Rear End","Impeding Traffic","Other Motor Vehicle","N","N","N","N"
90033283,"N","N","Fatal","Y",2015,19.75,"Fall","N","N","F","N","Y","Y","N","N","N","N","N","Dark - Street Lights","Hit Object","Pedestrian Right of Way","Fixed Object","N","N","N","N"
90033345,"N","Y","Injury (Other Visible)","N",2015,7.08333333333333,"Fall","AM","N","F","N","Y","Y","N","N","N","N","N","Daylight","Sideswipe","Automobile Right of Way","Other Motor Vehicle","N","N","N","N"
90033775,"N","N","Fatal","Y",2015,14.6666666666667,"Fall","N","N","Th","N","Y","Y","N","N","N","N","N","Daylight","Sideswipe","Pedestrian Right of Way","Motor Vehicle on Other Roadway","N","N","N","N"
90034136,"N","Y","PDO (property damage only)","N",2015,10,"Fall","N","N","Th","N","Y","Y","N","N","N","N","N","Daylight","Sideswipe","Pedestrian Right of Way","Other Motor Vehicle","N","N","N","N"
90035032,"N","Y","Injury (Other Visible)","N",2015,13.75,"Fall","N","N","F","N","Y","Y","N","N","N","N","N","Daylight","Overturned","Wrong Side of Road","Non-Collision","N","N","N","N"
90035799,"N","N","Fatal","Y",2015,6.33333333333333,"Fall","N","N","W","N","Y","Y","N","N","N","N","N","Daylight","Hit Object","Wrong Side of Road","Fixed Object","N","N","N","N"
90035940,"N","Y","Injury (Complaint of Pain)","N",2015,14.3,"Fall","N","N","Th","N","Y","Y","N","N","N","N","N","Daylight","Overturned","Wrong Side of Road","Other Motor Vehicle","N","N","N","N"
90036083,"N","Y","Injury (Other Visible)","N",2015,7,"Fall","AM","N","M","N","Y","Y","N","N","N","N","N","Daylight","Rear End","Automobile Right of Way","Other Motor Vehicle","N","N","N","N"
90036142,"N","Y","Injury (Other Visible)","N",2015,17.1666666666667,"Fall","PM","N","Th","N","Y","Y","N","N","N","N","N","Daylight","Rear End","Pedestrian Right of Way","Other Motor Vehicle","N","N","N","N"
90036152,"N","Y","Injury (Complaint of Pain)","N",2015,19.5,"Fall","N","N","Th","N","Y","Y","N","N","N","N","N","Dark - Street Lights","Sideswipe","Pedestrian Right of Way","Other Motor Vehicle","N","N","N","N"
90036286,"N","Y","Injury (Complaint of Pain)","N",2015,10.0833333333333,"Fall","N","N","Su","N","Y","N","Y","N","N","N","Y","Daylight","Overturned","Wrong Side of Road","Non-Collision","N","N","N","N"
90037062,"N","Y","Injury (Complaint of Pain)","N",2015,16.4166666666667,"Fall","PM","N","F","N","Y","Y","N","N","N","N","N","Daylight","Sideswipe","Automobile Right of Way","Other Motor Vehicle","N","N","N","N"
90037115,"N","Y","Injury (Complaint of Pain)","N",2015,18.85,"Fall","PM","N","W","Y","N","Y","N","N","N","N","N","Dark - Street Lights","Broadside","Pedestrian Violation","Other Motor Vehicle","N","N","N","N"
90038343,"N","Y","Injury (Complaint of Pain)","N",2015,7.5,"Fall","AM","N","M","N","Y","Y","N","N","N","N","N","Daylight","Sideswipe","Pedestrian Right of Way","Other Motor Vehicle","N","N","N","N"
90038690,"N","Y","Injury (Complaint of Pain)","N",2015,9.25,"Fall","N","N","Tu","N","Y","Y","N","N","N","N","N","Daylight","Sideswipe","Wrong Side of Road","Other Motor Vehicle","N","N","N","N"
90038725,"N","Y","Injury (Other Visible)","N",2015,2.91666666666667,"Fall","N","Y","Sa","N","Y","Y","N","N","N","N","N","Dark - Street Lights","Hit Object","Unsafe Speed","Fixed Object","Y","N","N","N"
90038974,"N","Y","Injury (Complaint of Pain)","N",2015,2.33333333333333,"Fall","N","Y","F","N","Y","Y","N","N","N","N","N","Dark - Street Lights","Hit Object","Unsafe Speed","Fixed Object","Y","N","N","N"
90040583,"N","Y","PDO (property damage only)","N",2015,19.1666666666667,"Fall","N","N","Th","N","Y","Y","N","N","N","N","N","Dark - No Street Lights","Rear End","Wrong Side of Road","Other Motor Vehicle","N","N","N","N"
90041376,"N","Y","Injury (Complaint of Pain)","N",2015,18.4166666666667,"Fall","PM","N","W","N","Y","Y","N","N","N","N","N","Dusk or Dawn","Sideswipe","Pedestrian Right of Way","Other Motor Vehicle","N","N","N","N"
90041641,"N","Y","PDO (property damage only)","N",2015,8.16666666666667,"Fall","AM","N","Th","N","Y","Y","N","N","N","N","N","Daylight","Sideswipe","Automobile Right of Way","Other Motor Vehicle","N","N","N","N"
90041981,"N","Y","PDO (property damage only)","N",2015,16.75,"Fall","PM","N","F","N","Y","Y","N","N","N","N","N","Daylight","Sideswipe","Pedestrian Right of Way","Other Motor Vehicle","N","N","N","N"
90042833,"N","Y","PDO (property damage only)","N",2015,5.91666666666667,"Fall","N","N","W","N","Y","Y","N","N","N","N","N","Dark - No Street Lights","Rear End","Wrong Side of Road","Other Motor Vehicle","N","N","N","N"
90042882,"N","Y","PDO (property damage only)","N",2015,16.6666666666667,"Fall","PM","N","Th","N","Y","Y","N","N","N","N","N","Daylight","Sideswipe","Automobile Right of Way","Other Motor Vehicle","N","N","N","N"
90042908,"N","Y","Injury (Other Visible)","N",2015,17.2333333333333,"Fall","PM","N","F","N","Y","Y","N","N","N","N","N","Daylight","Sideswipe","Wrong Side of Road","Other Motor Vehicle","N","N","N","N"
90043150,"N","N","Fatal","Y",2015,18.3333333333333,"Fall","N","N","Sa","N","Y","Y","N","N","N","N","N","Dark - No Street Lights","Sideswipe","Automobile Right of Way","Other Motor Vehicle","N","N","N","N"
90043181,"N","Y","Injury (Complaint of Pain)","N",2015,22.3333333333333,"Fall","N","N","Tu","N","Y","Y","N","N","N","N","N","Dark - No Street Lights","Hit Object","Wrong Side of Road","Other Object","N","N","N","N"
90043439,"N","Y","PDO (property damage only)","N",2015,6.66666666666667,"Fall","N","N","F","N","Y","Y","N","N","N","N","N","Daylight","Overturned","Other Improper Driving","Non-Collision","N","N","N","N"
90043516,"N","Y","PDO (property damage only)","N",2015,19.6666666666667,"Fall","N","N","F","N","Y","Y","N","N","N","N","N","Dark - Street Lights","Sideswipe","Automobile Right of Way","Other Motor Vehicle","N","N","N","N"
90043588,"N","Y","Injury (Complaint of Pain)","N",2015,6.83333333333333,"Fall","N","N","Th","N","Y","Y","N","N","N","N","N","Daylight","Sideswipe","Improper Turning","Other Motor Vehicle","N","N","N","N"
90043789,"N","Y","PDO (property damage only)","N",2015,7.66666666666667,"Fall","N","N","Sa","N","N","Y","N","N","N","N","N","Daylight","Rear End","Wrong Side of Road","Other Motor Vehicle","N","N","N","N"
90044125,"N","Y","PDO (property damage only)","N",2015,9,"Fall","AM","N","W","N","Y","Y","N","N","N","N","N","Daylight","Overturned","Wrong Side of Road","Non-Collision","N","N","N","N"
90044719,"N","Y","Injury (Complaint of Pain)","N",2015,18.4166666666667,"Fall","PM","N","Th","N","Y","Y","N","N","N","N","N","Dusk or Dawn","Overturned","Pedestrian Right of Way","Fixed Object","N","N","N","N"
90044926,"N","Y","Injury (Other Visible)","N",2015,12.5833333333333,"Fall","N","N","M","N","Y","Y","N","N","N","N","N","Daylight","Sideswipe","Automobile Right of Way","Other Motor Vehicle","N","N","N","N"
90045010,"N","N","PDO (property damage only)","N",2015,6.16666666666667,"Fall","N","N","W","N","Y","Y","N","N","N","N","N","Dark - Street Lights","Hit Object","Pedestrian Right of Way","Fixed Object","N","N","N","N"
90045096,"N","Y","Injury (Other Visible)","N",2015,17.8333333333333,"Fall","PM","N","Th","N","Y","Y","N","N","N","N","N","Daylight","Overturned","Automobile Right of Way","Non-Collision","N","N","N","N"
90045143,"N","Y","Injury (Complaint of Pain)","N",2015,16.25,"Fall","PM","N","Th","N","Y","Y","N","N","N","N","N","Daylight","Sideswipe","Automobile Right of Way","Other Motor Vehicle","N","N","N","N"
90045353,"N","Y","PDO (property damage only)","N",2015,8.33333333333333,"Fall","AM","N","Tu","N","Y","Y","N","N","N","N","N","Daylight","Sideswipe","Automobile Right of Way","Other Motor Vehicle","N","N","N","N"
90045975,"N","Y","PDO (property damage only)","N",2015,15.6666666666667,"Fall","PM","N","F","N","Y","Y","N","N","N","N","N","Daylight","Sideswipe","Automobile Right of Way","Other Motor Vehicle","N","N","N","N"
90046328,"N","Y","Injury (Complaint of Pain)","N",2015,11.8333333333333,"Fall","N","N","Th","N","Y","Y","N","N","N","N","N","Daylight","Sideswipe","Automobile Right of Way","Other Motor Vehicle","N","N","N","N"
90046427,"N","Y","Injury (Other Visible)","N",2015,19.7666666666667,"Fall","N","N","W","N","Y","Y","N","N","N","N","N","Dark - No Street Lights","Hit Object","Pedestrian Right of Way","Fixed Object","N","N","N","N"
90046444,"N","N","Fatal","Y",2015,14.4166666666667,"Fall","N","N","M","N","Y","Y","N","N","N","N","N","Daylight","Rear End","Wrong Side of Road","Other Motor Vehicle","N","N","N","N"
90046527,"N","Y","Injury (Complaint of Pain)","N",2015,11,"Fall","N","N","Sa","N","Y","Y","N","N","N","N","N","Daylight","Hit Object","Pedestrian Right of Way","Fixed Object","N","N","N","N"
90046551,"N","Y","Injury (Complaint of Pain)","N",2015,14.5,"Fall","N","N","Sa","N","Y","Y","N","N","N","N","N","Daylight","Overturned","Wrong Side of Road","Non-Collision","N","N","N","N"
90047229,"N","Y","PDO (property damage only)","N",2015,18.25,"Fall","PM","N","F","N","Y","Y","N","N","N","N","N","Daylight","Sideswipe","Automobile Right of Way","Other Motor Vehicle","N","N","N","N"
90047511,"N","Y","Injury (Complaint of Pain)","N",2015,17.95,"Fall","PM","N","Th","N","Y","Y","N","N","N","N","N","Dusk or Dawn","Sideswipe","Pedestrian Right of Way","Other Motor Vehicle","N","N","N","N"