"CASE_ID","mc_killed","mc_injured","collision_severity","severe","accident_year","hours_since_midnight","season","rush_hour","late_night","day_of_week","intersection","state_hwy_ind","w_clear","w_cloudy","w_rainy","w_other","road_not_dry","road_condition_issue","lighting","type_of_collision","pcf_viol_category","mviw","alcohol_involved","truck_accident","pedestrian_accident","bicycle_accident"
7189645,"N","N","PDO (property damage only)","N",2016,21.9166666666667,"Winter","N","N","Su","N","N","N","Y","N","N","N","N","Dark - No Street Lights","Head-On","Traffic Signals and Signs","Pedestrian","N","N","Y","N"
7189689,"N","Y","PDO (property damage only)","N",2016,8.5,"Winter","AM","N","F","Y","N","Y","N","N","N","N","N","Daylight","Sideswipe","Wrong Side of Road","Other Motor Vehicle","N","N","N","N"
7189690,"N","N","PDO (property damage only)","N",2016,22.5,"Winter","N","N","Su","N","N","Y","N","N","N","N","N","Dark - Street Lights","Rear End","Wrong Side of Road","Other Motor Vehicle","N","N","N","N"
7189749,"N","Y","PDO (property damage only)","N",2016,11.9166666666667,"Winter","N","N","F","Y","N","Y","N","N","N","N","N","Daylight","Broadside","Pedestrian Violation","Other Motor Vehicle","N","N","N","N"
7189934,"N","Y","PDO (property damage only)","N",2016,17.8333333333333,"Winter","PM","N","Tu","N","N","Y","N","N","N","N","N","Dark - Street Lights","Rear End","Wrong Side of Road","Other Motor Vehicle","N","N","N","N"
7190014,"Y","N","Injury (Severe)","Y",2016,17.4166666666667,"Winter","PM","N","M","Y","N","Y","N","N","N","N","N","Dark - Street Lights","Broadside","Wrong Side of Road","Other Motor Vehicle","N","N","N","N"
7190015,"Y","N","Injury (Severe)","Y",2016,16.1666666666667,"Winter","PM","N","W","Y","Y","Y","N","N","N","N","N","Daylight","Broadside","Pedestrian Violation","Other Motor Vehicle","N","N","N","N"
7190031,"Y","N","Injury (Severe)","Y",2016,16.8333333333333,"Winter","PM","N","F","N","N","Y","N","N","N","N","N","Daylight","Other","Pedestrian Violation","Non-Collision","N","N","N","N"
7190045,"Y","N","Injury (Severe)","Y",2016,23.5833333333333,"Winter","N","Y","W","N","N","Y","N","N","N","N","N","Dark - Street Lights","Hit Object","Wrong Side of Road","Fixed Object","N","N","N","N"
7190057,"Y","N","Injury (Severe)","Y",2016,7.41666666666667,"Winter","N","N","Sa","N","N","Y","N","N","N","N","N","Daylight","Sideswipe","Automobile Right of Way","Bicycle","N","N","N","N"
7190075,"Y","N","Injury (Severe)","Y",2016,1,"Winter","N","Y","Th","N","Y","Y","N","N","N","N","N","Dark - Street Lights","Hit Object","Unsafe Speed","Other Object","Y","N","N","N"
7190095,"Y","N","Injury (Severe)","Y",2016,7.91666666666667,"Spring","AM","N","Tu","Y","N","Y","N","N","N","N","N","Daylight","Head-On","Pedestrian Violation","Other Motor Vehicle","N","N","N","N"
7190127,"Y","N","Injury (Severe)","Y",2016,2.08333333333333,"Spring","N","Y","Sa","N","N","Y","N","N","N","N","N","Dark - Street Lights","Rear End","Wrong Side of Road","Parked Motor Vehicle","N","N","N","N"
7190222,"Y","N","Injury (Severe)","Y",2016,21.5833333333333,"Spring","N","N","Sa","N","N","Y","N","N","N","N","N","Dark - Street Lights","Rear End","Wrong Side of Road","Other Motor Vehicle","N","N","N","N"
7190223,"Y","N","Injury (Severe)","Y",2016,18.0833333333333,"Spring","PM","N","F","N","N","Y","N","N","N","N","N","Daylight","Broadside","Pedestrian Violation","Other Motor Vehicle","N","N","N","N"
7190233,"Y","N","Injury (Severe)","Y",2016,16.3333333333333,"Spring","PM","N","Th","Y","N","Y","N","N","N","N","N","Daylight","Broadside","Pedestrian Violation","Other Motor Vehicle","N","N","N","N"
7190274,"Y","N","Injury (Severe)","Y",2016,20.4166666666667,"Summer","N","N","F","N","N","Y","N","N","N","N","N","Daylight","Head-On","Wrong Side of Road","Other Motor Vehicle","N","N","N","N"
7190314,"Y","N","Injury (Severe)","Y",2016,13.8333333333333,"Summer","N","N","Sa","N","N","Y","N","N","N","N","N","Daylight","Broadside","Pedestrian Right of Way","Other Motor Vehicle","N","N","N","N"
7190317,"Y","N","Injury (Severe)","Y",2016,8.66666666666667,"Summer","N","N","Sa","N","N","Y","N","N","N","N","N","Daylight","Overturned","Wrong Side of Road","Non-Collision","N","N","N","N"
7190362,"Y","Y","Injury (Severe)","Y",2016,11.8666666666667,"Summer","N","N","Sa","Y","N","Y","N","N","N","N","N","Daylight","Broadside","Pedestrian Violation","Other Motor Vehicle","N","N","N","N"
7190431,"Y","N","Injury (Severe)","Y",2016,1.66666666666667,"Summer","N","Y","Sa","Y","N","Y","N","N","N","N","N","Dark - Street Lights","Broadside","Pedestrian Violation","Other Motor Vehicle","N","N","N","N"
7190433,"Y","N","Injury (Severe)","Y",2016,6.75,"Summer","N","N","W","Y","N","Y","N","N","N","N","N","Daylight","Broadside","Pedestrian Violation","Other Motor Vehicle","N","N","N","N"
7190443,"Y","N","Injury (Severe)","Y",2016,5.33333333333333,"Summer","N","N","W","Y","N","Y","N","N","N","N","N","Dark - Street Lights","Broadside","Pedestrian Violation","Other Motor Vehicle","N","N","N","N"
7190455,"Y","N","Injury (Severe)","Y",2016,19.5833333333333,"Summer","N","N","Su","Y","N","Y","N","N","N","N","N","Daylight","Broadside","Lights","Other Motor Vehicle","N","N","N","N"
7190461,"Y","N","Injury (Severe)","Y",2016,17.75,"Summer","N","N","Su","Y","N","Y","N","N","N","N","N","Daylight","Broadside","Wrong Side of Road","Other Motor Vehicle","N","N","N","N"
7190493,"Y","N","Injury (Severe)","Y",2016,19.25,"Fall","N","N","W","N","N","Y","N","N","N","N","N","Dark - Street Lights","Broadside","Wrong Side of Road","Other Motor Vehicle","N","N","N","N"
7190497,"Y","N","Injury (Severe)","Y",2016,1.33333333333333,"Fall","N","Y","M","N","N","Y","N","N","N","N","N","Dark - Street Lights","Broadside","Lights","Train","N","N","N","N"
7190507,"N","N","Injury (Severe)","Y",2016,9,"Fall","AM","N","Tu","Y","N","Y","N","N","N","N","N","Daylight","Broadside","Pedestrian Violation","Other Motor Vehicle","N","N","N","N"
7190550,"Y","N","Injury (Severe)","Y",2016,17.25,"Fall","PM","N","Tu","Y","N","Y","N","N","N","N","N","Daylight","Broadside","Wrong Side of Road","Other Motor Vehicle","N","N","N","N"
7190552,"Y","N","Injury (Severe)","Y",2016,13.7166666666667,"Fall","N","N","W","N","N","Y","N","N","N","N","N","Daylight","Sideswipe","Impeding Traffic","Other Motor Vehicle","N","N","N","N"
7190570,"Y","N","Injury (Severe)","Y",2016,19.4166666666667,"Fall","N","N","Su","N","N","Y","N","N","N","N","N","Dark - Street Lights","Broadside","Pedestrian Right of Way","Other Motor Vehicle","N","N","N","N"
7190571,"Y","N","Injury (Severe)","Y",2016,14.0666666666667,"Fall","N","N","Su","Y","N","Y","N","N","N","N","N","Daylight","Broadside","Wrong Side of Road","Other Motor Vehicle","N","N","N","N"
7190575,"Y","N","Injury (Severe)","Y",2016,15.6666666666667,"Fall","PM","N","Tu","Y","N","Y","N","N","N","N","N","Daylight","Broadside","Pedestrian Violation","Other Motor Vehicle","N","N","N","N"
7190591,"Y","N","Injury (Severe)","Y",2016,9.33333333333333,"Fall","N","N","W","N","N","Y","N","N","N","N","N","Daylight","Broadside","Pedestrian Violation","Other Motor Vehicle","N","N","N","N"
7190593,"Y","N","Injury (Severe)","Y",2016,22.8666666666667,"Summer","N","N","Su","N","N","Y","N","N","N","N","N","Dark - Street Lights","Rear End","Wrong Side of Road","Other Motor Vehicle","N","N","N","N"
7190667,"Y","N","Injury (Severe)","Y",2016,18.75,"Summer","PM","N","Th","N","N","N","Y","N","N","N","N","Daylight","Broadside","Pedestrian Violation","Other Motor Vehicle","N","N","N","N"
7190680,"Y","N","Injury (Severe)","Y",2016,7.16666666666667,"Fall","AM","N","F","Y","N","Y","N","N","N","N","N","Daylight","Broadside","Pedestrian Violation","Other Motor Vehicle","N","N","N","N"
7191516,"N","Y","PDO (property damage only)","N",2016,18.0833333333333,"Winter","PM","N","Tu","Y","Y","Y","N","N","N","N","N","Dark - Street Lights","Sideswipe","Pedestrian Right of Way","Motor Vehicle on Other Roadway","N","N","N","N"
7192491,"N","Y","Injury (Complaint of Pain)","N",2016,9,"Winter","AM","N","F","N","N","Y","N","N","N","N","N","Daylight","Broadside","Impeding Traffic","Other Motor Vehicle","N","N","N","N"
7193393,"N","Y","PDO (property damage only)","N",2016,19.4166666666667,"Winter","N","N","Th","Y","Y","Y","N","N","N","N","N","Dark - Street Lights","Broadside","Pedestrian Violation","Other Motor Vehicle","N","N","N","N"
7193848,"N","Y","PDO (property damage only)","N",2016,10.0833333333333,"Winter","N","N","Tu","N","N","Y","N","N","N","N","N","Daylight","Broadside","Pedestrian Violation","Other Motor Vehicle","N","N","N","N"
7193892,"N","Y","Injury (Other Visible)","N",2016,21.4166666666667,"Winter","N","N","Th","Y","N","Y","N","N","N","N","N","Dark - Street Lights","Broadside","Pedestrian Violation","Other Motor Vehicle","N","N","N","N"
7193954,"N","N","Fatal","Y",2016,2,"Winter","N","Y","Su","N","N","Y","N","N","N","N","N","Dark - Street Lights","Sideswipe","Impeding Traffic","Other Motor Vehicle","Y","N","N","N"
7194018,"N","Y","Injury (Complaint of Pain)","N",2016,20.5,"Winter","N","N","Tu","Y","N","Y","N","N","N","N","N","Dark - Street Lights","Head-On","Wrong Side of Road","Other Motor Vehicle","N","N","N","N"
7194385,"N","Y","Injury (Other Visible)","N",2016,18,"Winter","PM","N","M","Y","N","Y","N","N","N","N","N","Daylight","Broadside","Pedestrian Violation","Other Motor Vehicle","N","N","N","N"
7194497,"N","Y","Injury (Other Visible)","N",2016,20.1666666666667,"Winter","N","N","Su","Y","N","Y","N","N","N","N","N","Dark - Street Lights","Broadside","Lights","Other Motor Vehicle","N","N","N","N"
7194600,"N","Y","Injury (Complaint of Pain)","N",2016,21.5,"Winter","N","N","Sa","N","N","N","N","N","Y","N","N","Dark - No Street Lights","Broadside","Pedestrian Right of Way","Other Motor Vehicle","N","N","N","N"
7194984,"N","Y","Injury (Complaint of Pain)","N",2016,13.25,"Winter","N","N","Tu","Y","N","Y","N","N","N","N","N","Daylight","Broadside","Pedestrian Violation","Other Motor Vehicle","N","N","N","N"
7195061,"N","N","Fatal","Y",2016,10.6666666666667,"Winter","N","N","Th","N","N","Y","N","N","N","N","N","Daylight","Broadside","Automobile Right of Way","Other Motor Vehicle","N","N","N","N"
7195109,"N","N","Fatal","Y",2016,1.83333333333333,"Winter","N","Y","Tu","N","N","Y","N","N","N","N","N","Dark - Street Lights","Head-On","Pedestrian Right of Way","Parked Motor Vehicle","N","N","N","N"
7195129,"N","Y","Injury (Other Visible)","N",2016,2.58333333333333,"Winter","N","Y","Su","N","N","Y","N","N","N","N","N","Dark - Street Lights","Other","Wrong Side of Road","Fixed Object","N","N","N","N"
7195157,"N","Y","PDO (property damage only)","N",2016,22.5,"Winter","N","N","W","Y","N","Y","N","N","N","N","N","Dark - Street Lights","Broadside","Lights","Other Motor Vehicle","N","N","N","N"
7195238,"N","Y","Injury (Other Visible)","N",2016,15.1666666666667,"Winter","PM","N","F","Y","N","Y","N","N","N","N","N","Daylight","Broadside","Pedestrian Violation","Other Motor Vehicle","N","N","N","N"
7195283,"N","Y","PDO (property damage only)","N",2016,17.5,"Winter","PM","N","F","Y","N","Y","N","N","N","N","N","Daylight","Broadside","Wrong Side of Road","Other Motor Vehicle","N","N","N","N"
7195287,"N","Y","Injury (Complaint of Pain)","N",2016,10.9166666666667,"Winter","N","N","W","N","N","Y","N","N","N","N",NA,"Daylight","Broadside","Impeding Traffic","Fixed Object","N","N","N","N"
7195503,"N","Y","PDO (property damage only)","N",2016,14.8333333333333,"Winter","N","N","F","Y","N","Y","N","N","N","N","N","Daylight","Broadside","Wrong Side of Road","Other Motor Vehicle","N","N","N","N"
7195596,"N","Y","Injury (Other Visible)","N",2016,8.58333333333333,"Winter","AM","N","W","N","N","Y","N","N","N","N","N","Daylight","Broadside","Pedestrian Violation","Other Motor Vehicle","N","N","N","N"
7195600,"N","Y","Injury (Complaint of Pain)","N",2016,21.3333333333333,"Winter","N","N","Tu","Y","N","Y","N","N","N","N","N","Dark - Street Lights","Broadside","Pedestrian Violation","Other Motor Vehicle","N","N","N","N"
7195602,"N","Y","Injury (Other Visible)","N",2016,19,"Winter","PM","N","F","Y","N","Y","N","N","N","N","N","Dark - Street Lights","Head-On","Pedestrian Violation","Other Motor Vehicle","N","N","N","N"
7195654,"N","Y","PDO (property damage only)","N",2016,18.4166666666667,"Winter","PM","N","Tu","N","N","Y","N","N","N","N","N","Dark - Street Lights","Broadside","Pedestrian Violation","Other Motor Vehicle","N","N","N","N"
7196233,"N","Y","Injury (Complaint of Pain)","N",2016,22.75,"Winter","N","N","Tu","Y","N","Y","N","N","N","N","N","Dark - Street Lights","Broadside","Lights","Other Motor Vehicle","N","N","N","N"
7196333,"N","Y","PDO (property damage only)","N",2016,17.5,"Winter","PM","N","M","Y","N","Y","N","N","N","N","N","Daylight","Broadside","Unsafe Starting or Backing","Other Motor Vehicle","N","N","N","N"
7196342,"N","Y","Injury (Complaint of Pain)","N",2016,7.91666666666667,"Winter","AM","N","W","Y","N","Y","N","N","N","N","N","Daylight","Broadside","Pedestrian Violation","Other Motor Vehicle","N","N","N","N"
7196345,"N","Y","Injury (Other Visible)","N",2016,19.75,"Winter","N","N","Th","N","N","Y","N","N","N","N","N","Dark - Street Lights","Broadside","Pedestrian Right of Way","Other Motor Vehicle","N","N","N","N"
7196353,"N","Y","Injury (Complaint of Pain)","N",2016,18,"Winter","PM","N","Tu","N","N","Y","N","N","N","N","N","Daylight","Broadside","Pedestrian Violation","Other Motor Vehicle","N","N","N","N"
7196381,"N","Y","Injury (Other Visible)","N",2016,21,"Winter","N","N","F","Y","N","Y","N","N","N","N","N","Dark - Street Lights","Broadside","Pedestrian Violation","Other Motor Vehicle","Y","N","N","N"
7196900,"N","Y","PDO (property damage only)","N",2016,19.7,"Winter","N","N","M","Y","N","Y","N","N","N","N","N","Daylight","Broadside","Pedestrian Violation","Other Motor Vehicle","N","N","N","N"
7196921,"N","Y","PDO (property damage only)","N",2016,19.4166666666667,"Winter","N","N","Sa","Y","N","Y","N","N","N","N","N","Dusk or Dawn","Sideswipe","Pedestrian Violation","Other Motor Vehicle","N","N","N","N"
7196926,"N","Y","Injury (Complaint of Pain)","N",2016,13.2166666666667,"Winter","N","N","Su","Y","N","Y","N","N","N","N","N","Daylight","Broadside","Pedestrian Violation","Other Motor Vehicle","N","N","N","N"
7196943,"N","Y","Injury (Complaint of Pain)","N",2016,19.3333333333333,"Winter","N","N","Su","N","N","Y","N","N","N","N","N","Dark - Street Lights","Sideswipe","Pedestrian Violation","Other Motor Vehicle","N","N","N","N"
7196947,"N","Y","Injury (Other Visible)","N",2016,23.1666666666667,"Winter","N","Y","Su","N","N","Y","N","N","N","N","N","Dark - Street Lights","Head-On","Pedestrian Violation","Other Motor Vehicle","N","N","N","N"
7196949,"N","Y","Injury (Other Visible)","N",2016,18.5,"Winter","PM","N","W","Y","N","Y","N","N","N","N","N","Dark - Street Lights","Broadside","Pedestrian Violation","Other Motor Vehicle","N","N","N","N"
7196954,"N","Y","Injury (Complaint of Pain)","N",2016,20.1666666666667,"Winter","N","N","Tu","Y","N","Y","N","N","N","N","N","Dark - Street Lights","Head-On","Pedestrian Violation","Other Motor Vehicle","N","N","N","N"
7196959,"N","Y","PDO (property damage only)","N",2016,14.5,"Winter","N","N","F","N","N","Y","N","N","N","N","N","Daylight","Broadside","Unsafe Starting or Backing","Other Motor Vehicle","N","N","N","N"
7196964,"N","N","Fatal","Y",2016,3.25,"Winter","N","Y","Sa","N","N","Y","N","N","N","N","N","Dark - Street Lights","Broadside","Wrong Side of Road","Parked Motor Vehicle","N","N","N","N"
7197061,"N","Y","PDO (property damage only)","N",2016,18.6666666666667,"Winter","N","N","Sa","N","N","Y","N","N","N","N","N","Dusk or Dawn","Other","Wrong Side of Road","Non-Collision","N","N","N","N"
7197104,"N","N","Fatal","Y",2016,0.0833333333333333,"Winter","N","Y","Su","N","N","Y","N","N","N","N","N","Dark - Street Lights","Rear End","Unsafe Speed","Parked Motor Vehicle","Y","N","N","N"
7197167,"N","N","Fatal","Y",2016,20.15,"Winter","N","N","F","Y","N","Y","N","N","N","N","Y","Dark - Street Lights","Hit Object","Code 20","Fixed Object","N","N","N","N"
7197481,"N","Y","PDO (property damage only)","N",2016,10.5833333333333,"Winter","N","N","F","N","N","Y","N","N","N","N","N","Daylight","Broadside","Pedestrian Right of Way","Other Motor Vehicle","N","N","N","N"
7197493,"N","Y","Injury (Complaint of Pain)","N",2016,13.0833333333333,"Winter","N","N","Su","N","N","Y","N","N","N","N","N","Daylight","Other","Impeding Traffic","Fixed Object","N","N","N","N"
7197683,"N","N","Injury (Complaint of Pain)","N",2016,18,"Winter","PM","N","W","N","N","N","N","Y","N","Y","N","Dark - No Street Lights","Broadside","Pedestrian Violation","Bicycle","N","N","N","Y"
7198262,"N","Y","Injury (Complaint of Pain)","N",2016,14.9166666666667,"Winter","N","N","Tu","N","N","Y","N","N","N","N","N","Daylight","Sideswipe","Code 19","Fixed Object","N","N","N","N"
7198272,"N","Y","PDO (property damage only)","N",2016,18.9166666666667,"Winter","PM","N","F","N","N","Y","N","N","N","N","N","Dark - Street Lights","Sideswipe","Pedestrian Right of Way","Other Motor Vehicle","N","N","N","N"
7198273,"N","Y","PDO (property damage only)","N",2016,21.5,"Winter","N","N","Sa","N","N","N","N","N","Y","N","N","Dark - Street Lights","Broadside","Miscellaneous","Other Motor Vehicle","N","N","N","N"
7198767,"N","Y","Injury (Complaint of Pain)","N",2016,9,"Winter","AM","N","W","Y","Y","Y","N","N","N","N","N","Daylight","Sideswipe","Improper Passing","Other Object","N","N","N","N"
7198780,"N","Y","Injury (Complaint of Pain)","N",2016,15.5833333333333,"Winter","PM","N","F","N","N","Y","N","N","N","N","N","Daylight","Rear End","Wrong Side of Road","Other Motor Vehicle","N","N","N","N"
7198811,"N","Y","Injury (Other Visible)","N",2016,23.9166666666667,"Winter","N","Y","Th","N","N","Y","N","N","N","N","N","Dark - Street Lights","Rear End","Unsafe Speed","Other Motor Vehicle","Y","N","N","N"
7198871,"N","Y","Injury (Complaint of Pain)","N",2016,18.0833333333333,"Winter","N","N","Sa","Y","N","Y","N","N","N","N","N","Dark - Street Lights","Broadside","Pedestrian Violation","Other Motor Vehicle","N","N","N","N"
7198878,"N","Y","PDO (property damage only)","N",2016,22.4166666666667,"Winter","N","N","M","Y","N","Y","N","N","N","N","N","Dark - Street Lights","Broadside","Pedestrian Violation","Other Motor Vehicle","N","N","N","N"
7199678,"Y","N","Injury (Severe)","Y",2016,20.5,"Spring","N","N","F","N","N","Y","N","N","N","N","N","Dark - Street Lights","Broadside","Pedestrian Violation","Other Motor Vehicle","N","N","N","N"
7199731,"Y","N","Injury (Severe)","Y",2016,2.5,"Spring","N","Y","F","N","N","Y","N","N","N","N","N","Dark - Street Lights","Hit Object","Wrong Side of Road","Fixed Object","N","N","N","N"
7199735,"Y","N","Injury (Severe)","Y",2016,3.08333333333333,"Spring","N","Y","Sa","N","N","Y","N","N","N","N","N","Dark - Street Lights","Head-On","Wrong Side of Road","Other Motor Vehicle","N","N","N","N"
7199737,"Y","N","Injury (Severe)","Y",2016,17.8333333333333,"Spring","PM","N","W","Y","N","Y","N","N","N","N","N","Daylight","Broadside","Pedestrian Violation","Other Motor Vehicle","N","N","N","N"
7199741,"Y","N","Injury (Severe)","Y",2016,18.3333333333333,"Summer","PM","N","W","Y","N","Y","N","N","N","N","N","Daylight","Broadside","Wrong Side of Road","Other Motor Vehicle","N","N","N","N"
7199792,"Y","N","Injury (Severe)","Y",2016,12.0833333333333,"Summer","N","N","Tu","Y","N","Y","N","N","N","N","N","Daylight","Broadside","Pedestrian Violation","Other Motor Vehicle","N","N","N","N"
7199847,"N","N","Fatal","Y",2016,20,"Summer","N","N","W","N","N","Y","N","N","N","N","N","Dark - Street Lights","Rear End","Automobile Right of Way","Parked Motor Vehicle","Y","N","N","N"
7199875,"Y","N","Injury (Severe)","Y",2016,22.25,"Fall","N","N","Tu","N","N","Y","N","N","N","N","N","Dark - Street Lights","Hit Object","Impeding Traffic","Fixed Object","N","N","N","N"
7200904,"N","Y","Injury (Complaint of Pain)","N",2016,22.4166666666667,"Winter","N","N","F","N","N","Y","N","N","N","N",NA,"Dark - Street Lights","Sideswipe","Unsafe Lane Change","Other Motor Vehicle","N","N","N","N"
7201727,"N","Y","Injury (Complaint of Pain)","N",2016,17.8333333333333,"Winter","PM","N","Th","Y","N","Y","N","N","N","N","N","Dark - Street Lights","Broadside","Automobile Right of Way","Other Motor Vehicle","N","N","N","N"
7201747,"N","N","PDO (property damage only)","N",2016,18.6666666666667,"Winter","PM","N","Th","Y","N","Y","N","N","N","N","N","Dark - Street Lights","Broadside","Pedestrian Violation","Other Motor Vehicle","N","N","N","N"
7201774,"N","Y","Injury (Complaint of Pain)","N",2016,7.75,"Winter","AM","N","Tu","N","N","Y","N","N","N","N","N","Daylight","Broadside","Hazardous Parking","Pedestrian","N","N","Y","N"
7201775,"N","N","PDO (property damage only)","N",2016,2.66666666666667,"Winter","N","Y","Su","Y","N","Y","N","N","N","N","N","Dark - Street Lights","Head-On","Impeding Traffic","Other Motor Vehicle","N","N","N","N"
7201789,"N","Y","PDO (property damage only)","N",2016,16.5,"Winter","PM","N","M","N","N","Y","N","N","N","N","N","Daylight","Sideswipe","Code 20","Parked Motor Vehicle","N","N","N","N"
7201813,"N","Y","PDO (property damage only)","N",2016,13.75,"Winter","N","N","F","Y","N","Y","N","N","N","N","N","Daylight","Broadside","Pedestrian Right of Way","Other Motor Vehicle","N","N","N","N"
7201825,"N","Y","PDO (property damage only)","N",2016,10,"Winter","N","N","M","Y","N","Y","N","N","N","N","N","Daylight","Broadside","Pedestrian Violation","Other Motor Vehicle","N","N","N","N"
7201829,"N","Y","PDO (property damage only)","N",2016,11.4166666666667,"Winter","N","N","M","N","N","Y","N","N","N","N","N","Daylight","Broadside","Unsafe Lane Change","Other Motor Vehicle","N","N","N","N"
7201871,"N","Y","Injury (Complaint of Pain)","N",2016,15.75,"Winter","PM","N","W","N","N","Y","N","N","N","N","N","Daylight","Sideswipe","Pedestrian Violation","Other Motor Vehicle","N","N","N","N"
7201895,"N","Y","PDO (property damage only)","N",2016,20.5,"Winter","N","N","F","Y","N","Y","N","N","N","N","N","Daylight","Broadside","Unsafe Speed","Other Motor Vehicle","Y","N","N","N"
7201903,"N","Y","PDO (property damage only)","N",2016,5.5,"Winter","N","N","Tu","Y","N","Y","N","N","N","N","N","Dusk or Dawn","Sideswipe","Pedestrian Right of Way","Other Motor Vehicle","N","N","N","N"
7201910,"N","Y","PDO (property damage only)","N",2016,10.6666666666667,"Winter","N","N","F","Y","N","Y","N","N","N","N","N","Daylight","Head-On","Pedestrian Violation","Other Motor Vehicle","N","N","N","N"
7202148,"N","Y","PDO (property damage only)","N",2016,9.16666666666667,"Winter","N","N","Th","Y","N","Y","N","N","N","N","N","Daylight","Sideswipe","Impeding Traffic","Other Motor Vehicle","N","N","N","N"
7202204,"N","Y","Injury (Complaint of Pain)","N",2016,18.0833333333333,"Winter","N","N","Sa","N","N","Y","N","N","N","N","N","Dark - Street Lights","Broadside","Impeding Traffic","Other Motor Vehicle","N","N","N","N"
7202245,"N","Y","Injury (Complaint of Pain)","N",2016,15.9166666666667,"Winter","PM","N","F","Y","N","Y","N","N","N","N","N","Daylight","Broadside","Pedestrian Violation","Other Motor Vehicle","N","N","N","N"
7204993,"N","Y","Injury (Complaint of Pain)","N",2016,8,"Winter","AM","N","Th","Y","N","Y","N","N","N","N","N","Daylight","Broadside","Pedestrian Violation","Other Motor Vehicle","N","N","N","N"
7205010,"N","Y","Injury (Other Visible)","N",2016,17.3333333333333,"Winter","PM","N","W","N","N","Y","N","N","N","N","N","Dark - Street Lights","Rear End","Wrong Side of Road","Other Motor Vehicle","N","N","N","N"
7205017,"N","N","PDO (property damage only)","N",2016,23.1666666666667,"Winter","N","Y","Tu","N","N","Y","N","N","N","N","N","Dark - Street Lights","Broadside","Unsafe Starting or Backing","Other Motor Vehicle","N","N","N","N"
7205718,"N","Y","Injury (Other Visible)","N",2016,14.4166666666667,"Winter","N","N","Su","N","N","Y","N","N","N","N","N","Daylight","Rear End","Wrong Side of Road","Other Motor Vehicle","N","N","N","N"
7205825,"N","Y","Injury (Other Visible)","N",2016,19.0833333333333,"Winter","N","N","F","Y","N","N","Y","N","N","N","N","Dark - Street Lights","Broadside","Pedestrian Violation","Other Motor Vehicle","N","N","N","N"
7205915,"N","Y","Injury (Other Visible)","N",2016,2.5,"Winter","N","Y","W","N","N","Y","N","N","N","N","N","Dark - Street Lights","Broadside","Pedestrian Right of Way","Other Motor Vehicle","N","N","N","N"
7206549,"N","N","Fatal","Y",2016,16,"Winter","PM","N","F","N","N","Y","N","N","N","N","N","Daylight","Other","Unsafe Starting or Backing","Other Motor Vehicle","N","N","N","N"
7206568,"N","Y","PDO (property damage only)","N",2016,14.6666666666667,"Winter","N","N","F","N","N","Y","N","N","N","N","N","Daylight","Sideswipe","Impeding Traffic","Other Motor Vehicle","N","N","N","N"
7206594,"N","Y","PDO (property damage only)","N",2016,17,"Winter","PM","N","Th","N","N","Y","N","N","N","N","N","Daylight","Broadside","Lights","Other Motor Vehicle","N","N","N","N"
7206852,"N","Y","Injury (Other Visible)","N",2016,17.1666666666667,"Winter","PM","N","F","N","N","N","Y","N","N","N","N","Daylight","Rear End","Unsafe Speed","Other Motor Vehicle","Y","N","N","N"
7206946,"N","Y","PDO (property damage only)","N",2016,8.5,"Winter","AM","N","M","N","N","Y","N","N","N","N","N","Daylight","Other","Wrong Side of Road","Other Object","N","N","N","N"
7206957,"N","Y","Injury (Complaint of Pain)","N",2016,10.75,"Winter","N","N","M","Y","Y","Y","N","N","N","N","N","Daylight","Sideswipe","Pedestrian Right of Way","Other Motor Vehicle","N","N","N","N"
7207052,"N","Y","PDO (property damage only)","N",2016,19.0833333333333,"Winter","N","N","Th","N","N","Y","N","N","N","N","N","Dark - Street Lights","Sideswipe","Wrong Side of Road","Other Motor Vehicle","N","N","N","N"
7207072,"N","Y","PDO (property damage only)","N",2016,16.5,"Winter","PM","N","M","N","N","Y","N","N","N","N","N","Daylight","Sideswipe","Improper Turning","Other Motor Vehicle","N","N","N","N"
7207084,"N","Y","Injury (Other Visible)","N",2016,17.5,"Winter","PM","N","F","Y","N","Y","N","N","N","N","N","Dark - Street Lights","Sideswipe","Pedestrian Violation","Other Motor Vehicle","N","N","N","N"
7207085,"N","Y","Injury (Complaint of Pain)","N",2016,10.8333333333333,"Winter","N","N","Th","Y","N","Y","N","N","N","N","N","Daylight","Broadside","Pedestrian Violation","Other Motor Vehicle","N","N","N","N"
7207415,"N","Y","PDO (property damage only)","N",2016,17.9166666666667,"Winter","PM","N","F","Y","N","Y","N","N","N","N","N","Dark - Street Lights","Other","Automobile Right of Way","Non-Collision","N","N","N","N"
7207442,"N","Y","PDO (property damage only)","N",2016,18.75,"Winter","PM","N","Tu","Y","N","Y","N","N","N","N","N","Daylight","Broadside","Pedestrian Violation","Other Motor Vehicle","N","N","N","N"
7207446,"N","Y","Injury (Complaint of Pain)","N",2016,18.5,"Winter","PM","N","Tu","Y","N","Y","N","N","N","N","N","Dark - Street Lights","Broadside","Pedestrian Violation","Other Motor Vehicle","N","N","N","N"
7207525,"N","Y","Injury (Complaint of Pain)","N",2016,8.16666666666667,"Winter","N","N","Sa","N","N","Y","N","N","N","N","N","Daylight","Rear End","Wrong Side of Road","Other Motor Vehicle","N","N","N","N"