"CASE_ID","mc_killed","mc_injured","collision_severity","severe","accident_year","hours_since_midnight","season","rush_hour","late_night","day_of_week","intersection","state_hwy_ind","w_clear","w_cloudy","w_rainy","w_other","road_not_dry","road_condition_issue","lighting","type_of_collision","pcf_viol_category","mviw","alcohol_involved","truck_accident","pedestrian_accident","bicycle_accident"
7207537,"N","Y","PDO (property damage only)","N",2016,20,"Winter","N","N","Th","Y","N","Y","N","N","N","N","N","Dark - Street Lights","Broadside","Lights","Other Motor Vehicle","N","N","N","N"
7207541,"N","N","Injury (Other Visible)","N",2016,21.8333333333333,"Winter","N","N","Sa","N","N","Y","N","N","N","N","N","Dark - Street Lights","Vehicle/Pedestrian","Hazardous Parking","Pedestrian","N","N","Y","N"
7207564,"N","Y","Injury (Complaint of Pain)","N",2016,15.6666666666667,"Winter","PM","N","Th","N","N","Y","N","N","N","N","N","Daylight","Broadside","Automobile Right of Way","Other Motor Vehicle","N","N","N","N"
7207569,"N","Y","PDO (property damage only)","N",2016,17.3333333333333,"Winter","PM","N","Th","N","N","Y","N","N","N","N","N","Daylight",NA,"Pedestrian Violation","Other Motor Vehicle","N","N","N","N"
7207579,"N","Y","Injury (Complaint of Pain)","N",2016,17,"Winter","PM","N","Tu","Y","N","Y","N","N","N","N","N","Daylight","Sideswipe","Automobile Right of Way","Other Motor Vehicle","N","N","N","N"
7207610,"N","Y","Injury (Complaint of Pain)","N",2016,14,"Winter","N","N","M","Y","N","Y","N","N","N","N","N","Daylight","Sideswipe","Unsafe Lane Change","Bicycle","N","N","N","Y"
7208907,"N","Y","Injury (Other Visible)","N",2016,14.4166666666667,"Winter","N","N","Su","Y","N","Y","N","N","N","N","N","Daylight","Broadside","Pedestrian Violation","Other Motor Vehicle","N","N","N","N"
7209071,"N","Y","Injury (Other Visible)","N",2016,11.8333333333333,"Winter","N","N","Su","N","N","Y","N","N","N","N","N","Daylight","Hit Object","Wrong Side of Road","Fixed Object","N","N","N","N"
7209310,"N","Y","Injury (Complaint of Pain)","N",2016,16.5,"Winter","PM","N","Th","Y","N","Y","N","N","N","N","N","Daylight","Broadside","Pedestrian Violation","Other Motor Vehicle","N","N","N","N"
7209323,"N","Y","Injury (Complaint of Pain)","N",2016,20.6666666666667,"Winter","N","N","M","Y","N","Y","N","N","N","N","N","Dark - Street Lights","Broadside","Pedestrian Violation","Other Motor Vehicle","N","N","N","N"
7209341,"N","Y","PDO (property damage only)","N",2016,21.5833333333333,"Winter","N","N","W","N","N","Y","N","N","N","N","N","Dark - Street Lights","Broadside","Pedestrian Violation","Other Motor Vehicle","N","N","N","N"
7209345,"N","Y","Injury (Complaint of Pain)","N",2016,7.25,"Winter","AM","N","M","N","N","Y","N","N","N","N","N","Daylight","Broadside","Pedestrian Violation","Other Motor Vehicle","N","N","N","N"
7209886,"N","N","PDO (property damage only)","N",2016,17.5,"Winter","PM","N","M","Y","N","Y","N","N","N","N","N","Daylight","Broadside","Pedestrian Violation","Other Motor Vehicle","N","N","N","N"
7209890,"N","Y","PDO (property damage only)","N",2016,15.3333333333333,"Winter","PM","N","W","Y","Y","N","N","Y","N","Y","N","Daylight","Broadside","Impeding Traffic","Other Motor Vehicle","N","N","N","N"
7212722,"N","Y","Injury (Complaint of Pain)","N",2016,14.1666666666667,"Winter","N","N","Sa","N","N","Y","N","N","N","N","N","Daylight","Vehicle/Pedestrian","Wrong Side of Road","Other Object","N","N","N","N"
7212732,"N","Y","Injury (Complaint of Pain)","N",2016,10.6666666666667,"Winter","N","N","Th","N","N","Y","N","N","N","N","N","Daylight","Other","Wrong Side of Road","Other Object","N","N","N","N"
7212739,"N","Y","PDO (property damage only)","N",2016,17.3333333333333,"Winter","PM","N","W","N","N","N","N","Y","N","Y","N","Dark - Street Lights","Other","Automobile Right of Way","Non-Collision","N","N","N","N"
7213076,"N","Y","Injury (Complaint of Pain)","N",2016,13.75,"Winter","N","N","Sa","N","N","Y","N","N","N","N","N","Daylight","Sideswipe","Impeding Traffic","Other Motor Vehicle","N","N","N","N"
8000406,"N","Y","PDO (property damage only)","N",2016,20.0833333333333,"Winter","N","N","Th","N","N","Y","N","N","N","N","N","Dark - Street Lights","Sideswipe","Automobile Right of Way","Other Motor Vehicle","N","N","N","N"
8000443,"N","N","Fatal","Y",2016,15.9166666666667,"Spring","PM","N","Tu","N","N","Y","N","N","N","N","N","Daylight","Broadside","Pedestrian Right of Way","Other Motor Vehicle","N","N","N","N"
8000445,"N","Y","Injury (Other Visible)","N",2016,17,"Winter","N","N","Su","N","N","Y","N","N","N","N","N","Daylight","Head-On","Pedestrian Violation","Other Motor Vehicle","N","N","N","N"
8000457,"N","Y","Injury (Other Visible)","N",2016,21.75,"Winter","N","N","Th","N","N","Y","N","N","N","N","N","Dark - Street Lights","Broadside","Pedestrian Violation","Other Motor Vehicle","N","N","N","N"
8000829,"N","Y","Injury (Other Visible)","N",2016,14.75,"Winter","N","N","Su","N","N","N","Y","N","N","N","N","Daylight","Broadside","Pedestrian Violation","Other Motor Vehicle","N","N","N","N"
8000853,"N","Y","PDO (property damage only)","N",2016,21.6666666666667,"Spring","N","N","F","N","N","Y","N","N","N","N","N","Dark - No Street Lights","Sideswipe","Automobile Right of Way","Other Motor Vehicle","N","N","N","N"
8000877,"N","Y","Injury (Other Visible)","N",2016,20.4166666666667,"Winter","N","N","Sa","Y","N","N","N","Y","N","Y","N","Dark - Street Lights","Broadside","Pedestrian Violation","Other Motor Vehicle","N","N","N","N"
8001347,"N","N","Fatal","Y",2016,6,"Winter","N","N","Th","N","N","Y","N","N","N","N","N","Dark - Street Lights","Sideswipe","Pedestrian Right of Way","Parked Motor Vehicle","N","Y","N","N"
8001484,"N","Y","Injury (Complaint of Pain)","N",2016,16.6666666666667,"Winter","PM","N","W","N","N","Y","N","N","N","N","N","Daylight","Sideswipe","Impeding Traffic","Other Motor Vehicle","N","N","N","N"
8001512,"N","N","Injury (Complaint of Pain)","N",2016,14.9166666666667,"Winter","N","N","W","Y","N","Y","N","N","N","N","N","Daylight","Other","Pedestrian Violation","Fixed Object","N","N","N","N"
8001524,"N","Y","Injury (Complaint of Pain)","N",2016,16.5,"Spring","PM","N","F","Y","N","Y","N","N","N","N","N","Daylight","Broadside","Pedestrian Violation","Other Motor Vehicle","N","N","N","N"
8001558,"N","Y","Injury (Other Visible)","N",2016,19.25,"Winter","N","N","Th","N","N","Y","N","N","N","N","N","Dark - Street Lights","Head-On","Pedestrian Violation","Other Motor Vehicle","N","N","N","N"
8001559,"N","Y","Injury (Complaint of Pain)","N",2016,17.5,"Spring","PM","N","Th","N","N","Y","N","N","N","N","N","Daylight","Other","Pedestrian Violation","Other Motor Vehicle","N","N","N","N"
8001562,"N","N","PDO (property damage only)","N",2016,7.91666666666667,"Winter","AM","N","Th","Y","N","Y","N","N","N","N","N","Daylight","Broadside","Pedestrian Violation","Other Motor Vehicle","N","N","N","N"
8001572,"N","Y","PDO (property damage only)","N",2016,4,"Spring","N","Y","Sa","N","N","N","Y","N","N","N","N","Dark - Street Lights","Rear End","Automobile Right of Way","Other Motor Vehicle","N","N","N","N"
8001604,"N","Y","PDO (property damage only)","N",2016,13.5,"Winter","N","N","Sa","N","N","Y","N","N","N","N","N","Daylight","Sideswipe","Pedestrian Right of Way","Other Motor Vehicle","N","N","N","N"
8001628,"N","Y","Injury (Other Visible)","N",2016,15,"Winter","PM","N","M","N","N","Y","N","N","N","N","N","Daylight","Broadside","Pedestrian Right of Way","Other Motor Vehicle","N","N","N","N"
8001640,"N","Y","PDO (property damage only)","N",2016,7.83333333333333,"Winter","AM","N","M","N","N","Y","N","N","N","N","N","Daylight","Rear End","Wrong Side of Road","Other Motor Vehicle","N","N","N","N"
8001717,"N","Y","Injury (Complaint of Pain)","N",2016,13.5,"Winter","N","N","F","Y","N","Y","N","N","N","N","N","Daylight","Broadside","Pedestrian Violation","Other Motor Vehicle","N","N","N","N"
8003591,"N","Y","PDO (property damage only)","N",2016,11.25,"Winter","N","N","F","N","N","Y","N","N","N","N","N","Daylight","Sideswipe","Automobile Right of Way","Other Motor Vehicle","N","Y","N","N"
8003633,"N","Y","Injury (Complaint of Pain)","N",2016,13.9166666666667,"Winter","N","N","Sa","N","N","Y","N","N","N","N","N","Daylight","Sideswipe","Impeding Traffic","Other Motor Vehicle","N","N","N","N"
8003641,"N","N","PDO (property damage only)","N",2016,22.0833333333333,"Winter","N","N","Su","N","N","Y","N","N","N","N","N","Dark - Street Lights","Broadside","Pedestrian Right of Way","Other Motor Vehicle","N","N","N","N"
8003654,"N","Y","PDO (property damage only)","N",2016,6,"Spring","N","N","Th","N","N","Y","N","N","N","N","N","Daylight","Sideswipe","Automobile Right of Way","Other Motor Vehicle","N","N","N","N"
8003696,"N","Y","Injury (Other Visible)","N",2016,19.25,"Spring","N","N","W","Y","N","Y","N","N","N","N","N","Dark - Street Lights","Broadside","Pedestrian Violation","Other Motor Vehicle","N","N","N","N"
8003732,"N","Y","PDO (property damage only)","N",2016,20.3333333333333,"Winter","N","N","Su","N","N","Y","N","N","N","N","N","Dark - Street Lights","Sideswipe","Automobile Right of Way","Other Motor Vehicle","N","N","N","N"
8003777,"N","Y","Injury (Complaint of Pain)","N",2016,16.4166666666667,"Winter","PM","N","F","N","N","Y","N","N","N","Y","N","Daylight","Other","Code 20",NA,"N","N","N","N"
8003781,"N","Y","Injury (Complaint of Pain)","N",2016,21,"Spring","N","N","Su","N","N","Y","N","N","N","N","N","Dark - Street Lights","Sideswipe","Unsafe Starting or Backing","Other Motor Vehicle","N","N","N","N"
8003798,"N","Y","Injury (Complaint of Pain)","N",2016,15.25,"Winter","PM","N","F","N","N","Y","N","N","N","N","N","Daylight","Other","Impeding Traffic","Fixed Object","N","N","N","N"
8003806,"N","Y","PDO (property damage only)","N",2016,20.5,"Spring","N","N","Th","Y","N","Y","N","N","N","N","N","Dark - Street Lights","Broadside","Pedestrian Violation","Other Motor Vehicle","N","N","N","N"
8003818,"N","Y","PDO (property damage only)","N",2016,16.9166666666667,"Spring","PM","N","Th","Y","N","Y","N","N","N","N","N","Daylight","Sideswipe","Impeding Traffic","Other Motor Vehicle","N","N","N","N"
8003838,"N","Y","PDO (property damage only)","N",2016,0.0333333333333333,"Winter","N","Y","F","N","N","Y","N","N","N","N","N","Dark - Street Lights","Head-On","Impeding Traffic","Other Motor Vehicle","N","N","N","N"
8004035,"N","Y","Injury (Complaint of Pain)","N",2016,12.5833333333333,"Winter","N","N","Sa","Y","N","Y","N","N","N","N","N","Daylight","Broadside","Pedestrian Violation","Other Motor Vehicle","N","N","N","N"
8004043,"N","Y","PDO (property damage only)","N",2016,16.5,"Spring","PM","N","W","Y","N","Y","N","N","N","N","N","Daylight","Broadside","Pedestrian Right of Way","Other Motor Vehicle","N","N","N","N"
8004044,"N","Y","Injury (Complaint of Pain)","N",2016,9.91666666666667,"Spring","N","N","W","N","N","Y","N","N","N","N","N","Daylight","Rear End","Wrong Side of Road","Other Motor Vehicle","N","N","N","N"
8004085,"N","Y","PDO (property damage only)","N",2016,6.75,"Winter","N","N","F","Y","N","Y","N","N","N","N","N","Daylight","Rear End","Wrong Side of Road","Other Motor Vehicle","N","N","N","N"
8004089,"N","Y","PDO (property damage only)","N",2016,15.6666666666667,"Winter","PM","N","Th","N","N","Y","N","N","N","N","N","Daylight","Sideswipe","Pedestrian Right of Way","Other Motor Vehicle","N","N","N","N"
8004093,"N","Y","Injury (Complaint of Pain)","N",2016,18.5833333333333,"Winter","PM","N","Th","N","N","Y","N","N","N","N",NA,"Dark - Street Lights","Rear End","Wrong Side of Road","Other Motor Vehicle","N","N","N","N"
8004153,"N","Y","PDO (property damage only)","N",2016,19.6333333333333,"Winter","N","N","Tu","N","N","Y","N","N","N","N",NA,NA,"Other","Pedestrian Violation","Other Motor Vehicle","N","N","N","N"
8004702,"N","Y","Injury (Other Visible)","N",2016,6.33333333333333,"Winter","N","N","Tu","N","Y","Y","N","N","N","N","N","Dusk or Dawn","Rear End","Lights","Other Motor Vehicle","N","N","N","N"
8004760,"N","Y","PDO (property damage only)","N",2016,10.5833333333333,"Winter","N","N","F","N","N","N","Y","N","N","N","N","Daylight","Rear End","Wrong Side of Road","Other Motor Vehicle","N","N","N","N"
8005250,"N","Y","PDO (property damage only)","N",2016,7,"Spring","AM","N","W","Y","N","Y","N","N","N","N","N","Daylight","Sideswipe","Automobile Right of Way","Other Motor Vehicle","N","N","N","N"
8005252,"N","Y","Injury (Other Visible)","N",2016,18.75,"Winter","PM","N","M","Y","N","Y","N","N","N","N","N","Dark - Street Lights","Broadside","Pedestrian Violation","Other Motor Vehicle","N","N","N","N"
8005288,"N","N","Fatal","Y",2016,1.16666666666667,"Spring","N","Y","Su","N","N","Y","N","N","N","N","N","Dark - Street Lights","Sideswipe","Automobile Right of Way","Other Motor Vehicle","N","N","N","N"
8005830,"N","Y","Injury (Complaint of Pain)","N",2016,15.5,"Winter","PM","N","Tu","N","N","Y","N","N","N","N","N","Daylight","Broadside","Impeding Traffic","Other Motor Vehicle","N","N","N","N"
8005839,"N","N","Fatal","Y",2016,14,"Winter","N","N","W","Y","N","Y","N","N","N","N","N","Daylight","Other","Impeding Traffic","Parked Motor Vehicle","N","N","N","N"
8005877,"N","Y","Injury (Complaint of Pain)","N",2016,8.25,"Winter","AM","N","F","Y","N","Y","N","N","N","N","N","Daylight","Hit Object","Pedestrian Violation","Non-Collision","N","N","N","N"
8005974,"N","N","Injury (Complaint of Pain)","N",2016,16.6666666666667,"Winter","PM","N","F","Y","N","Y","N","N","N","N","N","Daylight","Broadside","Pedestrian Violation","Other Motor Vehicle","N","N","N","N"
8006704,"N","Y","Injury (Other Visible)","N",2016,9.5,"Spring","N","N","Sa","N","N","Y","N","N","N","N","N","Daylight","Hit Object","Wrong Side of Road","Fixed Object","N","N","N","N"
8007848,"N","Y","Injury (Complaint of Pain)","N",2016,13.0833333333333,"Spring","N","N","Th","N","N","Y","N","N","N","N","N","Daylight",NA,"Pedestrian Violation","Other Motor Vehicle","N","N","N","N"
8007915,"N","Y","PDO (property damage only)","N",2016,16.5,"Spring","N","N","Su","N","N","Y","N","N","N","N","N","Daylight","Other","Impeding Traffic","Fixed Object","N","N","N","N"
8008002,"N","Y","Injury (Complaint of Pain)","N",2016,8.33333333333333,"Winter","AM","N","W","Y","N","Y","N","N","N","N","N","Daylight","Broadside","Pedestrian Violation","Other Motor Vehicle","N","N","N","N"
8008013,"N","Y","PDO (property damage only)","N",2016,9.25,"Winter","N","N","W","Y","N","Y","N","N","N","N","N","Daylight","Broadside","Pedestrian Violation","Other Motor Vehicle","N","N","N","N"
8008132,"N","Y","PDO (property damage only)","N",2016,13.1666666666667,"Spring","N","N","Th","N","N","Y","N","N","N","N","Y","Daylight","Other","Automobile Right of Way","Other Object","N","N","N","N"
8008135,"N","N","Injury (Complaint of Pain)","N",2016,20.75,"Winter","N","N","Tu","Y","N","Y","N","N","N","N","N","Dark - No Street Lights","Broadside","Hazardous Parking","Pedestrian","N","N","Y","N"
8009390,"N","N","Fatal","Y",2016,6.91666666666667,"Spring","N","N","M","N","N","N","Y","N","N","N","N","Dark - Street Lights","Hit Object","Wrong Side of Road","Fixed Object","N","N","N","N"
8009415,"N","N","Fatal","Y",2016,18,"Winter","PM","N","W","N","N","N","N","Y","N","Y",NA,"Dark - Street Lights","Sideswipe","Impeding Traffic","Other Motor Vehicle","N","N","N","N"
8009460,"N","Y","PDO (property damage only)","N",2016,12.0833333333333,"Spring","N","N","W","N","N","Y","N","N","N","N","N","Daylight","Broadside","Wrong Side of Road","Bicycle","N","N","N","Y"
8009480,"N","Y","PDO (property damage only)","N",2016,18.75,"Spring","PM","N","Tu","N","N","Y","N","N","N","N","N","Dusk or Dawn","Hit Object","Unsafe Speed","Fixed Object","N","N","N","N"
8009516,"N","Y","Injury (Other Visible)","N",2016,16.5833333333333,"Winter","N","N","Sa","N","N","N","Y","N","N","N","N","Daylight","Broadside","Pedestrian Right of Way","Other Motor Vehicle","N","N","N","N"
8009589,"N","Y","Injury (Other Visible)","N",2016,15.6666666666667,"Winter","PM","N","Th","N","N","Y","N","N","N","N","N","Daylight","Broadside","Pedestrian Violation","Other Motor Vehicle","N","N","N","N"
8009944,"N","Y","PDO (property damage only)","N",2016,22.0833333333333,"Spring","N","N","W","N","N","Y","N","N","N","N","N","Dark - Street Lights","Rear End","Wrong Side of Road","Other Motor Vehicle","N","N","N","N"
8010185,"N","Y","Injury (Complaint of Pain)","N",2016,17.5,"Spring","PM","N","F","N","Y","Y","N","N","N","N","N","Daylight","Hit Object","Impeding Traffic","Fixed Object","N","N","N","N"
8010324,"N","Y","PDO (property damage only)","N",2016,17.6666666666667,"Winter","PM","N","Th","N","N","Y","N","N","N","N","N","Dark - No Street Lights","Broadside","Pedestrian Violation","Other Motor Vehicle","N","N","N","N"
8010807,"N","N","PDO (property damage only)","N",2016,11.55,"Spring","N","N","Tu","Y","N","Y","N","N","Y","N","N","Daylight","Sideswipe","Pedestrian Right of Way","Bicycle","N","N","N","Y"
8010811,"N","Y","PDO (property damage only)","N",2016,9.25,"Spring","N","N","M","N","N","N","Y","N","N","N","N","Daylight","Sideswipe","Impeding Traffic","Other Motor Vehicle","N","N","N","N"
8011003,"N","Y","Injury (Complaint of Pain)","N",2016,0.0833333333333333,"Winter","N","Y","Su","Y","N","Y","N","N","N","N","N","Dark - Street Lights",NA,"Pedestrian Violation","Other Motor Vehicle","N","N","N","N"
8011276,"N","Y","Injury (Complaint of Pain)","N",2016,17,"Spring","PM","N","F","N","Y","Y","N","N","N","N","N","Daylight","Hit Object","Wrong Side of Road","Fixed Object","N","N","N","N"
8011304,"N","Y","Injury (Other Visible)","N",2016,13.3333333333333,"Spring","N","N","W","N","N","Y","N","N","N","N","N","Daylight","Sideswipe","Automobile Right of Way","Other Motor Vehicle","N","N","Y","N"
8011331,"N","Y","Injury (Complaint of Pain)","N",2016,23.25,"Winter","N","Y","F","N","N","Y","N","N","N","N","N","Dark - Street Lights","Sideswipe","Pedestrian Right of Way","Other Motor Vehicle","N","N","N","N"
8011346,"N","Y","Injury (Other Visible)","N",2016,23.5,"Spring","N","Y","Th","Y","N","Y","N","N","N","N","N","Dark - Street Lights","Broadside","Pedestrian Violation","Other Motor Vehicle","N","N","N","N"
8011530,"N","N","Fatal","Y",2016,12.25,"Spring","N","N","W","N","N","Y","N","N","N","N","N","Daylight",NA,"Unsafe Starting or Backing","Other Motor Vehicle","N","N","N","N"
8011575,"N","N","Fatal","Y",2016,4,"Spring","N","Y","Sa","N","N","Y","N","N","N","N","N","Dark - Street Lights","Rear End","Wrong Side of Road","Parked Motor Vehicle","N","N","N","N"
8012285,"N","N","PDO (property damage only)","N",2016,16,"Winter","N","N","Su","N","N","Y","N","N","N","N","N","Daylight","Broadside","Pedestrian Violation","Other Motor Vehicle","N","N","N","N"
8013299,"N","Y","PDO (property damage only)","N",2016,20.75,"Spring","N","N","W","Y","N","Y","N","N","N","N","N","Dark - Street Lights","Rear End","Improper Passing","Other Motor Vehicle","N","N","N","N"
8013353,"N","N","Fatal","Y",2016,5.75,"Spring","N","N","M","N","N","Y","N","N","N","N","N","Daylight","Rear End","Impeding Traffic","Parked Motor Vehicle","N","N","N","N"
8013362,"N","Y","Injury (Complaint of Pain)","N",2016,14.3333333333333,"Spring","N","N","Th","N","N","Y","N","N","N","N","N","Daylight","Sideswipe","Wrong Side of Road","Other Motor Vehicle","N","N","N","N"
8013393,"N","Y","Injury (Complaint of Pain)","N",2016,8.91666666666667,"Spring","AM","N","Tu","N","N","Y","N","N","N","N","N","Daylight","Sideswipe","Code 19","Other Motor Vehicle","N","N","N","N"
8013416,"N","Y","Injury (Other Visible)","N",2016,1.25,"Spring","N","Y","F","N","N","N","Y","N","N","N","Y","Dark - Street Lights","Head-On","Wrong Side of Road","Other Object","N","N","N","N"
8013424,"N","Y","Injury (Complaint of Pain)","N",2016,16.3333333333333,"Spring","PM","N","W","N","N","Y","N","N","N","N","N","Daylight","Broadside","Wrong Side of Road","Parked Motor Vehicle","N","N","N","N"
8013877,"N","Y","Injury (Complaint of Pain)","N",2016,21.5,"Spring","N","N","M","Y","N","Y","N","N","N","N","N","Daylight","Rear End","Wrong Side of Road","Other Motor Vehicle","N","N","N","N"
8015292,"N","Y","Injury (Complaint of Pain)","N",2016,16.3333333333333,"Spring","N","N","Sa","N","N","Y","N","N","N","N",NA,"Daylight","Broadside","Pedestrian Violation","Other Motor Vehicle","N","N","N","N"
8015320,"N","Y","PDO (property damage only)","N",2016,7.75,"Winter","AM","N","M","Y","N","N","N","Y","N","Y","N","Daylight","Broadside","Pedestrian Right of Way","Other Motor Vehicle","N","N","N","N"
8015475,"N","Y","Injury (Other Visible)","N",2016,12.55,"Spring","N","N","F","Y","N","Y","N","N","N","N","N","Daylight","Broadside","Pedestrian Violation","Other Motor Vehicle","N","Y","N","N"
8015495,"N","Y","Injury (Complaint of Pain)","N",2016,14.4166666666667,"Spring","N","N","W","N","N","Y","N","N","N","N",NA,"Daylight","Broadside","Pedestrian Violation","Other Motor Vehicle","Y","N","N","N"
8015503,"N","Y","Injury (Other Visible)","N",2016,18.5,"Spring","PM","N","W","Y","N","Y","N","N","N","N","N","Daylight","Vehicle/Pedestrian","Wrong Side of Road",NA,"N","N","N","N"
8016032,"N","N","Injury (Complaint of Pain)","N",2016,13.0833333333333,"Spring","N","N","Tu","N","N","Y","N","N","N","N","N","Daylight","Sideswipe","Pedestrian Violation","Other Motor Vehicle","N","N","N","N"
8016048,"N","Y","PDO (property damage only)","N",2016,21.3333333333333,"Spring","N","N","Th","N","N","Y","N","N","N","N","N","Dark - Street Lights","Rear End","Improper Passing","Other Motor Vehicle","Y","N","N","N"
8016296,"N","Y","Injury (Complaint of Pain)","N",2016,0,"Spring","N","Y","Tu","Y","N","Y","N","N","N","N","N","Dark - Street Lights","Rear End","Unsafe Speed","Other Object","Y","N","N","N"
8016378,"N","Y","Injury (Complaint of Pain)","N",2016,2.91666666666667,"Spring","N","Y","Tu","N","N","Y","N","N","N","N","N","Dark - Street Lights","Hit Object","Unsafe Speed","Fixed Object","Y","N","N","N"
8016734,"N","Y","PDO (property damage only)","N",2016,9.75,"Spring","N","N","F","Y","N","Y","N","N","N","N","N","Daylight","Head-On","Lights","Other Motor Vehicle","N","N","N","N"
8016780,"N","Y","Injury (Other Visible)","N",2016,11.5833333333333,"Spring","N","N","Tu","Y","N","Y","N","N","N","N","N","Daylight","Broadside","Pedestrian Violation","Other Motor Vehicle","N","N","N","N"
8016955,"N","N","Fatal","Y",2016,20.8333333333333,"Spring","N","N","M","N","N","Y","N","N","N","N","N","Dark - No Street Lights","Sideswipe","Impeding Traffic","Parked Motor Vehicle","N","N","N","N"
8017380,"N","Y","Injury (Complaint of Pain)","N",2016,21.6666666666667,"Spring","N","N","F","N","N","Y","N","N","N","N","N","Dark - Street Lights","Broadside","Pedestrian Violation","Other Motor Vehicle","N","N","N","N"
8017438,"N","N","Injury (Complaint of Pain)","N",2016,7.66666666666667,"Spring","N","N","Sa","N","N","Y","N","N","N","N","N","Daylight","Sideswipe","Wrong Side of Road","Other Object","N","N","N","N"
8017456,"N","Y","Injury (Complaint of Pain)","N",2016,12.5,"Spring","N","N","F","N","N","Y","N","N","N","N","Y","Daylight","Broadside","Pedestrian Right of Way","Other Motor Vehicle","N","N","N","N"
8017472,"N","Y","PDO (property damage only)","N",2016,20.8333333333333,"Spring","N","N","Sa","Y","N","N","Y","N","N","N","N","Dark - Street Lights","Rear End","Improper Passing","Other Motor Vehicle","N","N","N","N"
8017538,"N","N","Fatal","Y",2016,0.0166666666666667,"Spring","N","Y","Sa","N","N","N","Y","N","N","Y","N","Dark - Street Lights","Sideswipe","Unsafe Speed","Other Motor Vehicle","Y","N","N","N"
8017633,"N","Y","Injury (Complaint of Pain)","N",2016,16.6666666666667,"Spring","PM","N","Th","Y","N","Y","N","N","N","Y","N","Daylight","Broadside","Pedestrian Right of Way","Other Motor Vehicle","N","N","N","N"
8017708,"N","Y","PDO (property damage only)","N",2016,17.0833333333333,"Spring","PM","N","M","N","N","Y","N","N","N","N","N","Daylight","Sideswipe","Improper Turning","Other Motor Vehicle","N","N","N","N"
8017722,"N","N","Fatal","Y",2016,7.5,"Spring","AM","N","Th","Y","N","Y","N","N","N","N","N","Daylight","Broadside","Pedestrian Violation","Other Motor Vehicle","N","N","N","N"
8018130,"N","Y","Injury (Other Visible)","N",2016,17.5,"Spring","N","N","Sa","Y","N","Y","N","N","N","N","N","Daylight","Hit Object","Wrong Side of Road","Parked Motor Vehicle","N","N","N","N"
8018153,"N","Y","Injury (Complaint of Pain)","N",2016,20.5833333333333,"Spring","N","N","W","N","N","Y","N","N","N","N","N","Dark - Street Lights","Sideswipe","Unsafe Speed","Other Motor Vehicle","Y","N","N","N"
8018158,"N","Y","Injury (Complaint of Pain)","N",2016,20.5833333333333,"Spring","N","N","W","Y","N","Y","N","N","N","N","N","Dark - Street Lights","Broadside","Pedestrian Violation","Other Motor Vehicle","N","N","N","N"
8018159,"N","Y","Injury (Other Visible)","N",2016,23.1666666666667,"Spring","N","Y","W","N","N","Y","N","N","N","N","N","Dark - Street Lights","Hit Object","Wrong Side of Road","Fixed Object","N","N","N","N"
8018164,"N","Y","Injury (Complaint of Pain)","N",2016,9.75,"Spring","N","N","M","Y","N","Y","N","N","N","N","N","Daylight","Broadside","Pedestrian Violation","Other Motor Vehicle","N","N","N","N"
8018600,"N","Y","Injury (Other Visible)","N",2016,8.91666666666667,"Spring","AM","N","F","N","N","N","Y","N","N","Y","N","Daylight","Head-On","Pedestrian Violation","Other Motor Vehicle","N","N","N","N"
8018613,"N","Y","Injury (Complaint of Pain)","N",2016,20.1666666666667,"Spring","N","N","W","Y","N","Y","N","N","N","N","N","Dark - Street Lights","Broadside","Pedestrian Violation","Other Motor Vehicle","N","N","N","N"
8018622,"N","Y","Injury (Complaint of Pain)","N",2016,9.83333333333333,"Spring","N","N","Sa","Y","N","Y","N","N","N","N","N","Daylight","Broadside","Pedestrian Violation","Other Motor Vehicle","N","N","N","N"
8018639,"N","Y","PDO (property damage only)","N",2016,10.4166666666667,"Spring","N","N","Sa","N","N","Y","N","N","N","N","N","Daylight","Broadside","Pedestrian Violation","Other Motor Vehicle","N","N","N","N"
8018660,"N","Y","PDO (property damage only)","N",2016,16.8333333333333,"Spring","PM","N","W","Y","N","Y","N","N","N","N","N","Daylight","Sideswipe","Driving or Bicycling Under the Influence of Alcohol or Drug","Other Motor Vehicle","N","N","N","N"
8018668,"N","Y","PDO (property damage only)","N",2016,16.5,"Spring","PM","N","Tu","Y","N","Y","N","N","N","N","N","Daylight","Other","Pedestrian Right of Way","Other Object","N","N","N","N"
8018789,"N","Y","Injury (Complaint of Pain)","N",2016,12.6666666666667,"Spring","N","N","Su","Y","N","Y","N","N","N","N","N","Daylight","Sideswipe","Pedestrian Violation","Other Motor Vehicle","N","N","N","N"
8019028,"N","Y","Injury (Complaint of Pain)","N",2016,14,"Spring","N","N","W","N","N","Y","N","N","N","N","N","Daylight","Broadside","Pedestrian Violation","Other Motor Vehicle","N","N","N","N"
8019211,"N","N","Fatal","Y",2016,20.3333333333333,"Spring","N","N","Sa","N","N","Y","N","N","N","N","N","Dark - Street Lights","Rear End","Impeding Traffic","Other Motor Vehicle","N","N","N","N"
8019401,"N","Y","Injury (Complaint of Pain)","N",2016,18.3333333333333,"Winter","N","N","Su","N","N","Y","N","N","N","N","N","Daylight","Hit Object","Impeding Traffic","Fixed Object","N","N","N","N"