"CASE_ID","mc_killed","mc_injured","collision_severity","severe","accident_year","hours_since_midnight","season","rush_hour","late_night","day_of_week","intersection","state_hwy_ind","w_clear","w_cloudy","w_rainy","w_other","road_not_dry","road_condition_issue","lighting","type_of_collision","pcf_viol_category","mviw","alcohol_involved","truck_accident","pedestrian_accident","bicycle_accident"
8064932,"N","Y","PDO (property damage only)","N",2016,9.75,"Spring","N","N","M","N","N","Y","N","N","N","N","N","Daylight","Rear End","Improper Passing","Other Motor Vehicle","N","N","N","N"
8064939,"N","Y","Injury (Complaint of Pain)","N",2016,20.9166666666667,"Spring","N","N","Th","Y","N","Y","N","N","N","N","N","Dark - Street Lights","Broadside","Pedestrian Violation","Other Motor Vehicle","N","N","N","N"
8066328,"N","Y","Injury (Complaint of Pain)","N",2016,20.25,"Spring","N","N","Sa","N","N","Y","N","N","N","N","N","Dark - Street Lights","Sideswipe","Impeding Traffic","Other Motor Vehicle","N","N","N","N"
8067469,"N","Y","PDO (property damage only)","N",2016,23.1666666666667,"Spring","N","Y","F","Y","N","Y","N","N","N","N","N","Dark - Street Lights","Broadside","Pedestrian Violation","Other Motor Vehicle","N","N","N","N"
8067696,"N","N","Fatal","Y",2016,14.0833333333333,"Spring","N","N","M","N","N","Y","N","N","N","N","N","Daylight","Rear End","Wrong Side of Road","Parked Motor Vehicle","N","N","N","N"
8067968,"N","Y","Injury (Complaint of Pain)","N",2016,18.5833333333333,"Spring","N","N","Sa","N","N","Y","N","N","N","N","N","Daylight","Other","Unsafe Starting or Backing","Other Motor Vehicle","N","N","N","N"
8067987,"N","Y","Injury (Complaint of Pain)","N",2016,16.5,"Spring","PM","N","M","Y","N","Y","N","N","N","N","N","Daylight","Broadside","Pedestrian Violation","Other Motor Vehicle","N","N","N","N"
8067992,"N","Y","Injury (Other Visible)","N",2016,22.4166666666667,"Spring","N","N","Th","N","N","N","Y","N","N","N","N","Dark - Street Lights","Broadside","Pedestrian Right of Way","Other Motor Vehicle","N","N","N","N"
8067996,"N","Y","PDO (property damage only)","N",2016,19.75,"Spring","N","N","M","Y","N","Y","N","N","N","N","N","Daylight","Other","Pedestrian Violation","Other Motor Vehicle","N","N","N","N"
8068025,"N","Y","Injury (Other Visible)","N",2016,23.25,"Spring","N","Y","M","N","N","Y","N","N","N","N","N","Dark - No Street Lights","Head-On","Wrong Side of Road","Fixed Object","N","N","N","N"
8068100,"N","Y","Injury (Complaint of Pain)","N",2016,20.4166666666667,"Spring","N","N","M","N","N","Y","N","N","N","N","N","Dark - Street Lights","Other","Pedestrian Right of Way","Fixed Object","N","N","N","N"
8068139,"N","Y","PDO (property damage only)","N",2016,15.5,"Spring","N","N","Sa","N","N","Y","N","N","N","N","N","Daylight","Head-On","Pedestrian Violation","Other Motor Vehicle","N","N","N","N"
8068391,"N","N","Fatal","Y",2016,18,"Spring","PM","N","M","Y","N","Y","N","N","N","N","N","Daylight","Sideswipe","Wrong Side of Road","Parked Motor Vehicle","N","N","N","N"
8068454,"N","Y","Injury (Complaint of Pain)","N",2016,17.6666666666667,"Spring","N","N","Sa","N","N","Y","N","N","N","N","N","Daylight","Sideswipe","Automobile Right of Way","Other Motor Vehicle","N","N","N","N"
8068543,"N","Y","Injury (Other Visible)","N",2016,15.5833333333333,"Spring","N","N","Sa","Y","N","Y","N","N","N","N","N","Daylight","Other","Wrong Side of Road","Fixed Object","N","N","N","N"
8068559,"N","Y","PDO (property damage only)","N",2016,17.5,"Spring","PM","N","M","Y","N","Y","N","N","N","N","N","Daylight","Broadside","Pedestrian Violation","Other Motor Vehicle","N","N","N","N"
8069850,"N","Y","Injury (Complaint of Pain)","N",2016,23,"Spring","N","Y","W","Y","N","Y","N","N","N","N","N","Dark - Street Lights","Rear End","Wrong Side of Road","Other Motor Vehicle","N","N","N","N"
8069853,"N","Y","PDO (property damage only)","N",2016,11.6666666666667,"Spring","N","N","F","Y","Y","Y","N","N","N","N","N","Daylight","Broadside","Pedestrian Violation","Other Motor Vehicle","N","N","N","N"
8069859,"N","Y","Injury (Complaint of Pain)","N",2016,18.5,"Spring","PM","N","Th","N","N","Y","N","N","N","N","N","Daylight","Sideswipe","Improper Turning","Other Motor Vehicle","N","N","N","N"
8069862,"N","Y","PDO (property damage only)","N",2016,12.5833333333333,"Spring","N","N","F","Y","N","Y","N","N","N","N","N","Daylight","Broadside","Pedestrian Violation","Other Motor Vehicle","N","N","N","N"
8069879,"N","Y","Injury (Complaint of Pain)","N",2016,19.1666666666667,"Summer","N","N","Su","Y","N","Y","N","N","N","N","N","Daylight",NA,"Pedestrian Violation","Other Motor Vehicle","N","N","N","N"
8069880,"N","Y","Injury (Complaint of Pain)","N",2016,16.4166666666667,"Spring","PM","N","W","N","N","Y","N","N","N","N","N","Daylight","Sideswipe","Automobile Right of Way","Other Motor Vehicle","N","N","N","N"
8069883,"N","Y","PDO (property damage only)","N",2016,21.1666666666667,"Spring","N","N","Tu","N","N","Y","N","N","N","N","N","Dark - Street Lights","Broadside","Pedestrian Right of Way","Other Motor Vehicle","N","N","N","N"
8069884,"N","Y","Injury (Complaint of Pain)","N",2016,11.25,"Spring","N","N","W","N","N","Y","N","N","N","N","N","Daylight","Broadside","Pedestrian Violation","Other Motor Vehicle","N","N","N","N"
8069911,"N","Y","Injury (Complaint of Pain)","N",2016,16.25,"Spring","PM","N","Tu","N","N","Y","N","N","N","N","N","Daylight","Broadside","Unsafe Lane Change","Other Motor Vehicle","N","N","N","N"
8069912,"N","Y","Injury (Complaint of Pain)","N",2016,11.25,"Spring","N","N","Th","Y","N","Y","N","N","N","N","N","Daylight","Broadside","Lights","Other Motor Vehicle","N","N","N","N"
8069913,"N","Y","Injury (Complaint of Pain)","N",2016,17,"Spring","N","N","Sa","N","N","Y","N","N","N","N","Y","Daylight","Hit Object","Code 20","Fixed Object","N","N","N","N"
8070296,"N","N","Fatal","Y",2016,12.75,"Spring","N","N","Th","Y","N","Y","N","N","N","N","N","Daylight","Rear End","Wrong Side of Road","Other Motor Vehicle","N","N","N","N"
8070481,"N","Y","Injury (Complaint of Pain)","N",2016,17.0833333333333,"Spring","PM","N","W","Y","N","Y","N","N","N","N","N","Daylight","Broadside","Pedestrian Violation","Other Motor Vehicle","N","N","N","N"
8070497,"N","Y","Injury (Complaint of Pain)","N",2016,16.4166666666667,"Spring","N","N","Su","Y","N","Y","N","N","N","N","N","Daylight","Hit Object","Wrong Side of Road","Fixed Object","N","N","N","N"
8070509,"N","Y","PDO (property damage only)","N",2016,16.3666666666667,"Spring","PM","N","Th","Y","N","Y","N","N","N","N","N","Daylight","Broadside","Pedestrian Violation","Other Motor Vehicle","N","N","N","N"
8070510,"N","Y","PDO (property damage only)","N",2016,19.75,"Summer","N","N","Th","N","N","Y","N","N","N","N","N","Daylight","Rear End","Wrong Side of Road","Other Motor Vehicle","N","N","N","N"
8070526,"N","N","Injury (Complaint of Pain)","N",2016,10.9166666666667,"Spring","N","N","F","Y","N","Y","N","N","N","N",NA,"Daylight","Broadside","Pedestrian Violation","Other Motor Vehicle","N","N","N","N"
8070537,"N","Y","PDO (property damage only)","N",2016,18.25,"Spring","PM","N","F","Y","N","Y","N","N","N","N",NA,"Daylight","Head-On","Pedestrian Right of Way","Other Motor Vehicle","N","N","N","N"
8070545,"N","Y","Injury (Complaint of Pain)","N",2016,11.5,"Spring","N","N","Th","Y","N","Y","N","N","N","N","N","Daylight","Broadside","Pedestrian Violation","Other Motor Vehicle","N","N","N","N"
8070601,"N","Y","Injury (Complaint of Pain)","N",2016,18.5,"Spring","PM","N","F","N","N","Y","N","N","N","Y","N","Daylight","Sideswipe","Pedestrian Right of Way","Other Motor Vehicle","N","N","N","N"
8070617,"N","Y","Injury (Complaint of Pain)","N",2016,16,"Spring","PM","N","W","N","N","Y","N","N","N","N","Y","Daylight","Other","Code 20",NA,"N","N","N","N"
8070625,"N","Y","Injury (Complaint of Pain)","N",2016,17.6666666666667,"Spring","N","N","Su","N","N","Y","N","N","N","Y","Y","Daylight","Other","Code 20","Non-Collision","N","N","N","N"
8070758,"N","Y","Injury (Complaint of Pain)","N",2016,23.6166666666667,"Spring","N","Y","F","N","N","Y","N","N","N","N","N","Dark - Street Lights","Overturned","Wrong Side of Road","Fixed Object","N","N","N","N"
8070797,"N","Y","Injury (Complaint of Pain)","N",2016,19.3333333333333,"Spring","N","N","Tu","Y","N","Y","N","N","N","N","N","Daylight","Broadside","Pedestrian Violation","Other Motor Vehicle","Y","N","N","N"
8071234,"N","Y","PDO (property damage only)","N",2016,18.0833333333333,"Spring","PM","N","M","N","N","Y","N","N","N","N","N","Daylight","Rear End","Wrong Side of Road","Parked Motor Vehicle","N","N","N","N"
8071371,"N","Y","Injury (Complaint of Pain)","N",2016,6.33333333333333,"Spring","N","N","Th","Y","N","Y","N","N","N","N","N","Daylight","Broadside","Pedestrian Violation","Other Motor Vehicle","N","N","N","N"
8071452,"N","N","Fatal","Y",2016,2.58333333333333,"Summer","N","Y","M","N","N","Y","N","N","N","N","N","Dark - Street Lights","Rear End","Wrong Side of Road","Parked Motor Vehicle","N","N","N","N"
8071486,"N","Y","PDO (property damage only)","N",2016,20.1666666666667,"Spring","N","N","Th","N","N","Y","N","N","N","N","N","Dark - Street Lights","Rear End","Wrong Side of Road","Other Motor Vehicle","N","N","N","N"
8071525,"N","Y","Injury (Complaint of Pain)","N",2016,21.25,"Spring","N","N","F","N","N","Y","N","N","N","N","N","Dark - Street Lights","Broadside","Pedestrian Violation","Other Motor Vehicle","N","N","N","N"
8071532,"N","Y","Injury (Other Visible)","N",2016,16.5,"Spring","PM","N","Th","Y","N","Y","N","N","N","N","N","Daylight","Sideswipe","Improper Turning","Other Motor Vehicle","N","N","N","N"
8071533,"N","Y","Injury (Complaint of Pain)","N",2016,7.08333333333333,"Spring","AM","N","Tu","N","N","Y","N","N","N","N","N","Daylight","Head-On","Wrong Side of Road","Parked Motor Vehicle","Y","N","N","N"
8071538,"N","Y","PDO (property damage only)","N",2016,21,"Spring","N","N","M","Y","N","Y","N","N","N","N","N","Dark - Street Lights","Broadside","Pedestrian Violation","Other Motor Vehicle","N","N","N","N"
8071555,"N","Y","Injury (Other Visible)","N",2016,20.4166666666667,"Spring","N","N","Sa","N","N","Y","N","N","N","N","N","Dark - Street Lights","Sideswipe","Automobile Right of Way","Other Motor Vehicle","N","N","N","N"
8071662,"N","N","PDO (property damage only)","N",2016,16.1666666666667,"Spring","PM","N","Tu","N","N","Y","N","N","N","N","N","Daylight","Rear End","Wrong Side of Road","Other Motor Vehicle","N","N","N","N"
8071709,"N","N","Injury (Complaint of Pain)","N",2016,21.1666666666667,"Summer","N","N","Th","N","N","Y","N","N","N","N","N","Dark - Street Lights",NA,"Pedestrian Violation","Other Motor Vehicle","N","N","N","N"
8071729,"N","Y","PDO (property damage only)","N",2016,11.7166666666667,"Summer","N","N","Tu","N","N","Y","N","N","N","N","N","Daylight","Broadside","Code 19","Other Motor Vehicle","N","N","N","N"
8071752,"N","N","PDO (property damage only)","N",2016,21.25,"Summer","N","N","W","N","Y","Y","N","N","N","N","N","Dark - Street Lights","Sideswipe","Automobile Right of Way","Other Motor Vehicle","N","N","N","N"
8071802,"N","Y","PDO (property damage only)","N",2016,17.25,"Summer","PM","N","Th","N","N","Y","N","N","N","N","N","Daylight","Rear End","Improper Passing","Other Motor Vehicle","N","N","N","N"
8071807,"N","Y","Injury (Other Visible)","N",2016,12.0833333333333,"Summer","N","N","F","N","N","Y","N","N","N","N","N","Daylight","Broadside","Pedestrian Violation","Other Motor Vehicle","N","N","N","N"
8071828,"N","Y","Injury (Complaint of Pain)","N",2016,14.6666666666667,"Summer","N","N","Tu","N","N","Y","N","N","N","N","N","Daylight","Sideswipe","Pedestrian Violation","Other Motor Vehicle","N","N","N","N"
8071837,"N","Y","Injury (Complaint of Pain)","N",2016,15.6666666666667,"Summer","PM","N","Th","Y","N","Y","N","N","N","N","N","Daylight","Broadside","Lights","Other Motor Vehicle","N","N","N","N"
8071851,"N","Y","PDO (property damage only)","N",2016,22.25,"Summer","N","N","Th","N","N","Y","N","N","N","N","N","Dark - Street Lights","Broadside","Pedestrian Violation","Other Motor Vehicle","N","N","N","N"
8071904,"N","Y","PDO (property damage only)","N",2016,7.66666666666667,"Summer","AM","N","W","Y","N","Y","N","N","N","N","N","Daylight","Head-On","Pedestrian Violation","Other Motor Vehicle","N","N","N","N"
8072354,"N","Y","Injury (Complaint of Pain)","N",2016,18.9166666666667,"Spring","PM","N","Tu","Y","N","Y","N","N","N","N","N","Daylight","Broadside","Pedestrian Violation","Other Motor Vehicle","N","N","N","N"
8072402,"N","Y","PDO (property damage only)","N",2016,22.75,"Spring","N","N","Th","N","N","Y","N","N","N","N","N","Dark - Street Lights","Sideswipe","Pedestrian Violation","Other Motor Vehicle","N","N","N","N"
8072418,"N","Y","PDO (property damage only)","N",2016,17.1666666666667,"Spring","PM","N","M","N","N","Y","N","N","N","N","N","Daylight","Sideswipe","Automobile Right of Way","Other Motor Vehicle","N","N","N","N"
8072473,"N","Y","Injury (Complaint of Pain)","N",2016,18.9166666666667,"Spring","PM","N","M","Y","N","Y","N","N","N","N","N","Daylight","Broadside","Lights","Other Motor Vehicle","N","N","N","N"
8073124,"N","Y","Injury (Complaint of Pain)","N",2016,13.9166666666667,"Spring","N","N","W","Y","N","Y","N","N","N","N","N","Daylight","Broadside","Pedestrian Violation","Other Motor Vehicle","N","N","N","N"
8073187,"N","N","Fatal","Y",2016,14.5,"Spring","N","N","Th","Y","N","Y","N","N","N","N","N","Daylight","Broadside","Pedestrian Violation","Other Motor Vehicle","N","N","N","N"
8073811,"N","Y","Injury (Complaint of Pain)","N",2016,20.5,"Spring","N","N","M","N","N","Y","N","N","N","N","N","Dark - Street Lights","Broadside","Pedestrian Violation","Other Motor Vehicle","N","N","N","N"
8074243,"N","Y","Injury (Complaint of Pain)","N",2016,10.0833333333333,"Summer","N","N","F","Y","N","Y","N","N","N","N","N","Daylight","Broadside","Wrong Side of Road","Other Motor Vehicle","N","N","N","N"
8074310,"N","Y","Injury (Complaint of Pain)","N",2016,18.5,"Summer","PM","N","F","Y","N","Y","N","N","N","N","N","Dark - Street Lights","Broadside","Pedestrian Violation","Other Motor Vehicle","N","N","N","N"
8074380,"N","Y","Injury (Complaint of Pain)","N",2016,7.58333333333333,"Spring","AM","N","Tu","Y","N","N","Y","N","N","N","N","Daylight","Broadside","Pedestrian Violation","Other Motor Vehicle","N","N","N","N"
8074575,"N","Y","PDO (property damage only)","N",2016,16.6666666666667,"Summer","N","N","Sa","Y","N","Y","N","N","N","N","N","Daylight","Broadside","Pedestrian Violation","Other Motor Vehicle","N","N","N","N"
8074590,"N","Y","Injury (Complaint of Pain)","N",2016,10,"Summer","N","N","Th","Y","N","Y","N","N","N","N","N","Daylight","Broadside","Lights","Other Motor Vehicle","N","N","N","N"
8075112,"N","Y","PDO (property damage only)","N",2016,9.5,"Summer","N","N","F","N","N","Y","N","N","N","N","N","Daylight","Broadside","Pedestrian Right of Way","Other Motor Vehicle","N","N","N","N"
8075376,"N","N","Injury (Complaint of Pain)","N",2016,9.91666666666667,"Summer","N","N","W","Y","N","Y","N","N","N","N","N","Daylight","Vehicle/Pedestrian","Hazardous Parking","Pedestrian","N","N","Y","N"
8075378,"N","Y","Injury (Other Visible)","N",2016,8.08333333333333,"Summer","AM","N","Tu","Y","N","Y","N","N","N","N","N","Daylight","Broadside","Pedestrian Violation","Other Motor Vehicle","N","N","N","N"
8075383,"N","Y","PDO (property damage only)","N",2016,13.1666666666667,"Summer","N","N","Su","Y","N","Y","N","N","N","N","N","Daylight","Other","Automobile Right of Way","Non-Collision","N","N","N","N"
8075426,"N","Y","Injury (Complaint of Pain)","N",2016,11.8333333333333,"Summer","N","N","W","Y","N","Y","N","N","N","N","N","Daylight","Broadside","Pedestrian Violation","Other Motor Vehicle","N","N","N","N"
8076172,"N","Y","PDO (property damage only)","N",2016,23,"Spring","N","Y","Su","Y","N","Y","N","N","N","N","N","Dark - Street Lights",NA,"Automobile Right of Way","Other Motor Vehicle","N","N","N","N"
8076250,"N","Y","PDO (property damage only)","N",2016,11.75,"Summer","N","N","F","Y","N","Y","N","N","N","N","N","Daylight","Rear End","Improper Passing","Other Motor Vehicle","N","N","N","N"
8076754,"N","Y","Injury (Complaint of Pain)","N",2016,19.8333333333333,"Spring","N","N","M","N","N","Y","N","N","N","N","N","Dusk or Dawn","Other","Wrong Side of Road","Fixed Object","N","N","N","N"
8076778,"N","Y","Injury (Complaint of Pain)","N",2016,21.3333333333333,"Spring","N","N","Su","N","N","Y","N","N","N","N","N","Dark - Street Lights",NA,"Pedestrian Right of Way","Other Motor Vehicle","Y","N","N","N"
8077400,"N","N","Fatal","Y",2016,10.5,"Summer","N","N","Tu","Y","N","Y","N","N","N","N","N","Daylight","Sideswipe","Automobile Right of Way","Other Motor Vehicle","N","N","N","N"
8077524,"N","Y","Injury (Complaint of Pain)","N",2016,10.3333333333333,"Summer","N","N","Sa","N","N","Y","N","N","N","N","N","Daylight","Broadside","Pedestrian Violation","Other Motor Vehicle","N","N","N","N"
8077551,"N","N","Injury (Complaint of Pain)","N",2016,11.1666666666667,"Summer","N","N","Sa","N","N","Y","N","N","N","N","N","Daylight","Broadside","Unsafe Lane Change","Pedestrian","N","N","Y","N"
8077560,"N","Y","Injury (Other Visible)","N",2016,20.5833333333333,"Summer","N","N","Th","Y","N","Y","N","N","N","N","N","Dark - Street Lights","Other","Wrong Side of Road","Fixed Object","N","N","N","N"
8077663,"N","N","Fatal","Y",2016,21.3333333333333,"Spring","N","N","Su","N","N","Y","N","N","N","N","N","Dark - Street Lights","Head-On","Wrong Side of Road","Other Motor Vehicle","N","N","N","N"
8077674,"N","N","Fatal","Y",2016,15.3333333333333,"Spring","PM","N","Th","N","N","Y","N","N","N","N","N","Daylight","Sideswipe","Automobile Right of Way","Other Motor Vehicle","N","N","N","N"
8078591,"N","Y","Injury (Complaint of Pain)","N",2016,8,"Summer","N","N","Sa","Y","N","Y","N","N","N","N","N","Daylight","Broadside","Automobile Right of Way","Other Motor Vehicle","N","N","N","N"
8079432,"N","N","Injury (Complaint of Pain)","N",2016,5.83333333333333,"Summer","N","N","Su","N","N","Y","N","N","N","N","N","Dusk or Dawn","Sideswipe","Automobile Right of Way","Parked Motor Vehicle","N","N","N","N"
8079510,"N","Y","Injury (Other Visible)","N",2016,21.8333333333333,"Summer","N","N","F","N","N","Y","N","N","N","N","N","Dark - Street Lights","Rear End","Wrong Side of Road","Other Motor Vehicle","N","N","N","N"
8079685,"N","Y","Injury (Complaint of Pain)","N",2016,13.5,"Summer","N","N","M","Y","N","Y","N","N","N","N","N","Daylight","Broadside","Pedestrian Violation","Other Motor Vehicle","N","N","N","N"
8080330,"N","Y","Injury (Complaint of Pain)","N",2016,14.25,"Spring","N","N","M","Y","N","Y","N","N","N","N","N","Daylight","Broadside","Pedestrian Right of Way","Other Motor Vehicle","N","N","N","N"
8080331,"N","Y","PDO (property damage only)","N",2016,11.6666666666667,"Spring","N","N","M","N","N","Y","N","N","N","N","N","Daylight","Rear End","Wrong Side of Road","Other Motor Vehicle","N","N","N","N"
8080487,"N","Y","PDO (property damage only)","N",2016,3,"Spring","N","Y","F","Y","N","Y","N","N","N","N","N","Dark - Street Lights","Other","Lights","Other Motor Vehicle","N","N","N","N"
8080494,"N","Y","Injury (Other Visible)","N",2016,17.8333333333333,"Spring","PM","N","M","N","N","Y","N","N","N","N","N","Daylight","Hit Object","Wrong Side of Road","Fixed Object","N","N","N","N"
8082512,"N","Y","Injury (Other Visible)","N",2016,7,"Summer","AM","N","Th","N","N","Y","N","N","N","N","N","Daylight","Broadside","Impeding Traffic","Other Motor Vehicle","N","N","N","N"
8082564,"N","Y","Injury (Complaint of Pain)","N",2016,17.8333333333333,"Summer","PM","N","Th","N","N","Y","N","N","N","N","N","Daylight","Sideswipe","Automobile Right of Way","Other Motor Vehicle","N","Y","N","N"
8082674,"N","Y","PDO (property damage only)","N",2016,10,"Summer","N","N","Su","N","N","Y","N","N","N","N","N","Daylight","Head-On","Lights","Other Motor Vehicle","N","N","N","N"
8082680,"N","Y","Injury (Complaint of Pain)","N",2016,9.66666666666667,"Summer","N","N","F","N","N","Y","N","N","N","N","N","Daylight","Broadside","Pedestrian Violation","Other Motor Vehicle","N","N","N","N"
8082682,"N","Y","PDO (property damage only)","N",2016,2.25,"Summer","N","Y","Sa","Y","N","Y","N","N","N","N","N","Dark - Street Lights","Rear End","Wrong Side of Road","Other Motor Vehicle","Y","N","N","N"
8082692,"N","Y","Injury (Complaint of Pain)","N",2016,21.6666666666667,"Summer","N","N","F","Y","N","Y","N","N","N","N","N","Dark - Street Lights","Other","Pedestrian Violation","Fixed Object","N","N","N","N"
8082703,"N","Y","PDO (property damage only)","N",2016,8.58333333333333,"Summer","N","N","Sa","Y","N","Y","N","N","N","N","N","Daylight","Rear End","Pedestrian Right of Way","Other Motor Vehicle","N","N","N","N"
8082718,"N","Y","Injury (Complaint of Pain)","N",2016,19.75,"Summer","N","N","Sa","Y","N","Y","N","N","N","N","N","Daylight","Sideswipe","Improper Turning","Other Motor Vehicle","N","N","N","N"
8082731,"N","Y","Injury (Other Visible)","N",2016,9.5,"Summer","N","N","Tu","N","N","Y","N","N","N","N","N","Daylight","Broadside","Impeding Traffic","Other Motor Vehicle","N","N","N","N"
8082978,"N","Y","PDO (property damage only)","N",2016,10.75,"Spring","N","N","M","Y","N","Y","N","N","N","N","N","Daylight","Sideswipe","Pedestrian Right of Way","Other Motor Vehicle","N","N","N","N"
8083010,"N","Y","Injury (Complaint of Pain)","N",2016,0.333333333333333,"Spring","N","Y","Su","N","N","Y","N","N","N","N","N","Dark - No Street Lights","Sideswipe","Wrong Side of Road","Parked Motor Vehicle","N","N","N","N"
8083074,"N","Y","Injury (Complaint of Pain)","N",2016,17.75,"Spring","PM","N","F","Y","N","Y","N","N","N","N","N","Daylight","Broadside","Pedestrian Violation","Other Motor Vehicle","N","N","N","N"
8084836,"N","Y","Injury (Other Visible)","N",2016,21.1666666666667,"Winter","N","N","Su","N","N","Y","N","N","N","N","N","Dark - Street Lights","Rear End","Wrong Side of Road","Other Motor Vehicle","N","N","N","N"
8085291,"N","Y","Injury (Other Visible)","N",2016,8.5,"Summer","N","N","Sa","N","N","Y","N","N","N","N","N","Daylight","Rear End","Wrong Side of Road","Other Motor Vehicle","N","Y","N","N"
8085352,"N","N","Fatal","Y",2016,22.2333333333333,"Summer","N","N","F","N","N","Y","N","N","N","N","N","Dark - Street Lights","Broadside","Unsafe Starting or Backing","Parked Motor Vehicle","N","N","N","N"
8085733,"N","Y","Injury (Complaint of Pain)","N",2016,12.25,"Summer","N","N","Th","Y","N","Y","N","N","N","N","N","Daylight","Broadside","Pedestrian Violation","Other Motor Vehicle","N","N","N","N"
8085947,"N","Y","Injury (Other Visible)","N",2016,0.25,"Summer","N","Y","Su","N","N","Y","N","N","N","N","N","Dark - Street Lights","Other","Pedestrian Right of Way","Other Object","N","N","N","N"
8086043,"N","N","Fatal","Y",2016,8.5,"Summer","AM","N","Th","Y","N","Y","N","N","N","N","N","Daylight","Sideswipe","Automobile Right of Way","Other Motor Vehicle","N","N","N","N"
8086714,"N","N","Fatal","Y",2016,22.9166666666667,"Summer","N","N","M","N","N","Y","N","N","N","N","N","Dark - Street Lights","Sideswipe","Wrong Side of Road","Parked Motor Vehicle","N","N","N","N"
8086858,"N","Y","Injury (Other Visible)","N",2016,15.5,"Summer","PM","N","F","N","N","Y","N","N","N","N","Y","Daylight","Other","Wrong Side of Road","Fixed Object","N","N","N","N"
8087415,"N","Y","Injury (Complaint of Pain)","N",2016,12.5,"Spring","N","N","W","N","N","Y","N","N","N","N","N","Daylight","Sideswipe","Automobile Right of Way","Other Motor Vehicle","N","N","N","N"
8087428,"N","Y","PDO (property damage only)","N",2016,23.5,"Summer","N","Y","Sa","N","N","Y","N","N","N","N","N","Dark - Street Lights","Rear End","Unsafe Speed","Other Motor Vehicle","Y","N","N","N"
8087497,"N","Y","PDO (property damage only)","N",2016,10.0833333333333,"Summer","N","N","F","Y","N","Y","N","N","N","N","N","Daylight","Broadside","Pedestrian Violation","Other Motor Vehicle","N","N","N","N"
8087734,"N","Y","PDO (property damage only)","N",2016,17,"Spring","PM","N","W","N","N","Y","N","N","N","N","N","Daylight","Broadside","Lights","Motor Vehicle on Other Roadway","N","N","N","N"
8087752,"N","Y","Injury (Complaint of Pain)","N",2016,8.83333333333333,"Summer","AM","N","W","Y","N","Y","N","N","N","N","N","Daylight","Broadside","Pedestrian Violation","Other Motor Vehicle","N","N","N","N"
8087753,"N","Y","Injury (Complaint of Pain)","N",2016,15.6666666666667,"Summer","PM","N","W","Y","N","Y","N","N","N","N","N","Daylight","Head-On","Pedestrian Violation","Other Motor Vehicle","N","N","N","N"
8087927,"N","Y","Injury (Other Visible)","N",2016,20.6666666666667,"Summer","N","N","M","Y","N","Y","N","N","N","N","N","Dark - Street Lights","Broadside","Lights","Other Motor Vehicle","N","N","N","N"
8088223,"N","N","Injury (Other Visible)","N",2016,23,"Summer","N","Y","F","Y","N","Y","N","N","N","N","N","Dark - Street Lights","Head-On","Pedestrian Violation","Other Motor Vehicle","N","N","N","N"
8088227,"N","Y","PDO (property damage only)","N",2016,16.25,"Summer","PM","N","F","Y","N","Y","N","N","N","N","N","Daylight","Broadside","Pedestrian Violation","Other Motor Vehicle","N","N","N","N"
8088233,"N","Y","Injury (Complaint of Pain)","N",2016,11.75,"Summer","N","N","M","Y","N","Y","N","N","N","N","N","Daylight","Broadside","Lights","Other Motor Vehicle","N","N","N","N"
8088235,"N","Y","PDO (property damage only)","N",2016,16.1666666666667,"Summer","PM","N","Tu","N","N","Y","N","N","N","N","N","Daylight","Broadside","Pedestrian Right of Way","Other Motor Vehicle","N","N","N","N"
8088237,"N","Y","Injury (Complaint of Pain)","N",2016,12.4166666666667,"Summer","N","N","Tu","N","N","Y","N","N","N","N","N","Daylight","Hit Object","Pedestrian Right of Way","Fixed Object","N","N","N","N"
8088729,"N","Y","Injury (Complaint of Pain)","N",2016,16.9166666666667,"Summer","N","N","Su","N","N","Y","N","N","N","N","N","Daylight","Broadside","Pedestrian Right of Way","Other Motor Vehicle","N","N","N","N"
8088997,"N","Y","Injury (Complaint of Pain)","N",2016,11.75,"Summer","N","N","W","N","N","Y","N","N","N","N","N","Daylight","Rear End","Improper Passing","Other Motor Vehicle","N","N","N","N"
8089030,"N","N","Fatal","Y",2016,20.25,"Summer","N","N","W","N","N","Y","N","N","N","N","N","Dusk or Dawn","Sideswipe","Improper Turning","Parked Motor Vehicle","N","N","N","N"
8089455,"N","Y","Injury (Complaint of Pain)","N",2016,16.8333333333333,"Summer","PM","N","M","Y","N","Y","N","N","N","N","N","Daylight","Broadside","Pedestrian Violation","Other Motor Vehicle","N","N","N","N"
8089836,"N","Y","PDO (property damage only)","N",2016,17,"Summer","PM","N","Th","N","N","Y","N","N","N","N","N","Daylight","Rear End","Wrong Side of Road","Other Motor Vehicle","N","N","N","N"
8089886,"N","N","Fatal","Y",2016,10.3333333333333,"Summer","N","N","F","Y","N","Y","N","N","N","N","N","Daylight","Sideswipe","Impeding Traffic","Other Motor Vehicle","N","N","N","N"
8090204,"N","Y","PDO (property damage only)","N",2016,5.91666666666667,"Summer","N","N","Su","N","N","Y","N","N","N","N","N","Dusk or Dawn","Broadside","Lights","Motor Vehicle on Other Roadway","N","N","N","N"
8090346,"N","Y","Injury (Complaint of Pain)","N",2016,18.75,"Summer","N","N","Su","N","N","Y","N","N","N","N","N","Daylight","Other","Pedestrian Violation","Other Object","N","N","N","N"