"CASE_ID","mc_killed","mc_injured","collision_severity","severe","accident_year","hours_since_midnight","season","rush_hour","late_night","day_of_week","intersection","state_hwy_ind","w_clear","w_cloudy","w_rainy","w_other","road_not_dry","road_condition_issue","lighting","type_of_collision","pcf_viol_category","mviw","alcohol_involved","truck_accident","pedestrian_accident","bicycle_accident"
8149459,"N","Y","Injury (Other Visible)","N",2016,13.5,"Fall","N","N","Sa","Y","N","Y","N","N","N","N",NA,"Daylight","Broadside","Lights","Other Motor Vehicle","N","N","N","N"
8149471,"N","Y","PDO (property damage only)","N",2016,8.33333333333333,"Fall","AM","N","M","Y","N","Y","N","N","N","N","N","Daylight","Rear End","Improper Passing","Other Motor Vehicle","N","N","N","N"
8149622,"N","Y","PDO (property damage only)","N",2016,15.5,"Summer","N","N","Su","N","N","Y","N","N","N","N","N","Daylight","Sideswipe","Pedestrian Violation","Other Motor Vehicle","N","N","N","N"
8149924,"N","N","Injury (Complaint of Pain)","N",2016,13.0833333333333,"Fall","N","N","Th","Y","N","Y","N","N","N","N","N","Daylight","Broadside","Pedestrian Violation","Other Motor Vehicle","N","N","N","N"
8149943,"N","N","Injury (Complaint of Pain)","N",2016,17.0833333333333,"Fall","PM","N","F","N","N","Y","N","N","N","N","N","Daylight","Rear End","Wrong Side of Road","Other Motor Vehicle","N","N","N","N"
8150025,"N","Y","PDO (property damage only)","N",2016,14.5,"Fall","N","N","Tu","N","N","Y","N","N","N","N","N","Daylight","Rear End","Improper Passing","Other Motor Vehicle","N","N","N","N"
8150333,"N","Y","Injury (Other Visible)","N",2016,13.6666666666667,"Summer","N","N","Sa","N","N","Y","N","N","N","N","N","Daylight","Broadside","Pedestrian Right of Way","Other Motor Vehicle","N","N","N","N"
8150338,"N","Y","PDO (property damage only)","N",2016,13.5,"Fall","N","N","W","N","N","Y","N","N","N","N","N","Daylight","Head-On","Pedestrian Right of Way","Other Motor Vehicle","N","N","N","N"
8150346,"N","Y","Injury (Complaint of Pain)","N",2016,10.5833333333333,"Fall","N","N","Su","N","N","Y","N","N","N","N","N","Daylight","Other","Lights","Fixed Object","N","N","N","N"
8150361,"N","Y","Injury (Complaint of Pain)","N",2016,19.3333333333333,"Summer","N","N","Tu","N","N","Y","N","N","N","N","N","Dark - Street Lights","Sideswipe","Impeding Traffic","Other Motor Vehicle","N","N","N","N"
8150365,"N","Y","PDO (property damage only)","N",2016,19.8333333333333,"Fall","N","N","F","Y","N","Y","N","N","N","N","N","Dark - Street Lights","Broadside","Pedestrian Violation","Other Motor Vehicle","N","N","N","N"
8150373,"N","Y","PDO (property damage only)","N",2016,9.75,"Summer","N","N","Th","N","N","Y","N","N","N","N","N","Daylight","Sideswipe","Impeding Traffic","Other Motor Vehicle","N","N","N","N"
8150377,"N","Y","Injury (Complaint of Pain)","N",2016,19.6666666666667,"Summer","N","N","Th","Y","N","Y","N","N","N","N","N","Dark - Street Lights","Sideswipe","Pedestrian Violation","Other Motor Vehicle","N","N","N","N"
8150388,"N","Y","Injury (Complaint of Pain)","N",2016,7,"Fall","AM","N","W","N","N","Y","N","N","N","N","N","Daylight","Sideswipe","Impeding Traffic","Other Motor Vehicle","N","N","N","N"
8150456,"N","Y","Injury (Complaint of Pain)","N",2016,23.8333333333333,"Summer","N","Y","Su","Y","Y","Y","N","N","N","N","N","Dark - Street Lights","Broadside","Lights","Other Motor Vehicle","N","N","N","N"
8150463,"N","Y","Injury (Complaint of Pain)","N",2016,19,"Fall","PM","N","W","Y","N","Y","N","N","N","N","N","Dark - Street Lights","Broadside","Pedestrian Violation","Other Motor Vehicle","N","N","N","N"
8150597,"N","Y","Injury (Complaint of Pain)","N",2016,0.166666666666667,"Fall","N","Y","Sa","Y","N","Y","N","N","N","N","Y","Dark - Street Lights","Hit Object","Code 20","Other Object","N","N","N","N"
8150621,"N","Y","Injury (Complaint of Pain)","N",2016,18.1666666666667,"Fall","PM","N","M","N","N","Y","N","N","N","N","N","Daylight","Other","Wrong Side of Road","Fixed Object","N","N","N","N"
8150766,"N","Y","Injury (Other Visible)","N",2016,18.3333333333333,"Fall","N","N","Sa","Y","N","Y","N","N","N","N","N","Dusk or Dawn","Head-On","Pedestrian Violation","Other Motor Vehicle","N","N","N","N"
8150852,"N","Y","Injury (Other Visible)","N",2016,8.5,"Summer","AM","N","Tu","N","N","Y","N","N","N","N","N","Daylight","Broadside","Unsafe Lane Change","Other Motor Vehicle","N","N","N","N"
8150864,"N","Y","Injury (Complaint of Pain)","N",2016,7.91666666666667,"Fall","AM","N","F","Y","N","Y","N","N","N","N","N","Daylight","Broadside","Pedestrian Violation","Motor Vehicle on Other Roadway","N","N","N","N"
8150883,"N","Y","PDO (property damage only)","N",2016,6,"Fall","N","N","M","N","N","Y","N","N","N","N","N","Dark - Street Lights","Broadside","Pedestrian Right of Way","Other Motor Vehicle","N","N","N","N"
8150908,"N","Y","Injury (Other Visible)","N",2016,8.91666666666667,"Fall","AM","N","Th","Y","N","Y","N","N","N","N","N","Daylight","Broadside","Pedestrian Violation","Other Motor Vehicle","N","N","N","N"
8150916,"N","Y","PDO (property damage only)","N",2016,12,"Fall","N","N","Th","N","N","Y","N","N","N","N","N","Daylight","Other","Pedestrian Violation","Motor Vehicle on Other Roadway","N","N","N","N"
8150931,"N","Y","Injury (Complaint of Pain)","N",2016,7.66666666666667,"Fall","N","N","Su","Y","N","Y","N","N","N","N","N","Daylight","Broadside","Lights","Other Motor Vehicle","N","N","N","N"
8150946,"N","Y","Injury (Complaint of Pain)","N",2016,12.9166666666667,"Fall","N","N","Su","N","N","Y","N","N","N","N","N","Daylight","Broadside","Unsafe Lane Change","Other Motor Vehicle","N","N","N","N"
8150950,"N","Y","Injury (Complaint of Pain)","N",2016,15.0833333333333,"Fall","PM","N","F","Y","N","Y","N","N","N","N","N","Daylight","Broadside","Pedestrian Violation","Other Motor Vehicle","N","N","N","N"
8150959,"N","Y","Injury (Complaint of Pain)","N",2016,13.25,"Fall","N","N","F","N","N","Y","N","N","N","N","N","Daylight","Head-On","Wrong Side of Road","Non-Collision","N","N","N","N"
8151349,"N","N","Fatal","Y",2016,2,"Fall","N","Y","W","N","N","Y","N","N","N","N","N","Dark - No Street Lights","Rear End","Wrong Side of Road","Parked Motor Vehicle","N","N","N","N"
8151388,"N","Y","Injury (Other Visible)","N",2016,20.3333333333333,"Fall","N","N","Th","N","N","Y","N","N","N","N","N","Dark - Street Lights","Broadside","Pedestrian Violation","Other Motor Vehicle","N","N","N","N"
8151411,"N","Y","Injury (Other Visible)","N",2016,16.9166666666667,"Fall","PM","N","F","Y","N","Y","N","N","N","N","N","Daylight","Sideswipe","Automobile Right of Way","Other Motor Vehicle","N","N","N","N"
8153717,"N","Y","Injury (Other Visible)","N",2016,22.1666666666667,"Fall","N","N","Sa","Y","N","Y","N","N","N","N","N","Dark - Street Lights","Broadside","Wrong Side of Road","Other Motor Vehicle","N","N","N","N"
8153898,"N","Y","Injury (Complaint of Pain)","N",2016,10.1666666666667,"Fall","N","N","Sa","Y","N","Y","N","N","N","N","N","Daylight","Broadside","Pedestrian Violation","Motor Vehicle on Other Roadway","N","N","N","N"
8154124,"N","Y","Injury (Other Visible)","N",2016,18.5833333333333,"Fall","N","N","Sa","Y","N","Y","N","N","N","N","N","Dusk or Dawn","Broadside","Unsafe Lane Change","Other Motor Vehicle","N","N","N","N"
8154144,"N","Y","PDO (property damage only)","N",2016,12,"Fall","N","N","Th","N","N","Y","N","N","N","N","N","Daylight","Rear End","Pedestrian Violation","Other Motor Vehicle","N","N","N","N"
8154145,"N","Y","PDO (property damage only)","N",2016,20,"Summer","N","N","W","Y","N","Y","N","N","N","N","N","Dark - Street Lights","Broadside","Code 19","Other Motor Vehicle","N","N","N","N"
8154176,"N","Y","Injury (Other Visible)","N",2016,8.25,"Fall","AM","N","W","Y","N",NA,NA,NA,NA,"N","N","Daylight",NA,"Lights",NA,"N","N","N","N"
8154183,"N","Y","Injury (Complaint of Pain)","N",2016,18.25,"Fall","PM","N","M","Y","N","Y","N","N","N","N","N","Daylight","Broadside","Pedestrian Violation","Other Motor Vehicle","N","N","N","N"
8154203,"N","Y","PDO (property damage only)","N",2016,10.3333333333333,"Fall","N","N","Sa","Y","N","Y","N","N","N","N","N","Daylight","Broadside","Pedestrian Right of Way","Other Motor Vehicle","N","N","N","N"
8155584,"N","Y","Injury (Complaint of Pain)","N",2016,23,"Fall","N","Y","W","Y","N","Y","N","N","N","N","N","Dark - Street Lights","Broadside","Pedestrian Right of Way","Other Motor Vehicle","N","N","N","N"
8155675,"N","Y","Injury (Complaint of Pain)","N",2016,18,"Fall","N","N","Su","N","N","Y","N","N","N","N","N","Daylight","Broadside","Impeding Traffic","Other Motor Vehicle","N","N","N","N"
8155679,"N","Y","Injury (Complaint of Pain)","N",2016,1.33333333333333,"Fall","N","Y","Tu","N","N","Y","N","N","N","N","N","Dark - Street Lights","Broadside","Automobile Right of Way","Other Motor Vehicle","N","N","N","N"
8155705,"N","Y","Injury (Complaint of Pain)","N",2016,16.6666666666667,"Summer","PM","N","F","N","N","Y","N","N","N","N","N","Daylight","Sideswipe","Pedestrian Right of Way","Other Motor Vehicle","N","N","N","N"
8156612,"N","Y","PDO (property damage only)","N",2016,5.66666666666667,"Summer","N","N","W","N","N","Y","N","N","N","N","N","Daylight","Broadside","Pedestrian Violation","Other Motor Vehicle","N","N","N","N"
8156616,"N","Y","PDO (property damage only)","N",2016,7.83333333333333,"Fall","AM","N","F","N","N","Y","N","N","N","N","N","Daylight","Sideswipe","Impeding Traffic","Other Motor Vehicle","N","N","N","N"
8156678,"N","Y","Injury (Complaint of Pain)","N",2016,9.78333333333333,"Fall","N","N","Tu","N","N","Y","N","N","N","N","N","Daylight","Sideswipe","Pedestrian Right of Way","Motor Vehicle on Other Roadway","N","N","N","N"
8157870,"N","Y","PDO (property damage only)","N",2016,14.4166666666667,"Fall","N","N","Sa","N","N","Y","N","N","N","N","N","Daylight","Rear End","Code 19","Other Motor Vehicle","N","N","N","N"
8158324,"N","Y","Injury (Complaint of Pain)","N",2016,21.8333333333333,"Fall","N","N","W","Y","N","Y","N","N","N","N","N","Dark - Street Lights","Broadside","Pedestrian Violation","Other Motor Vehicle","N","N","N","N"
8158335,"N","Y","PDO (property damage only)","N",2016,15.8333333333333,"Fall","N","N","Su","N","N","Y","N","N","N","N","N","Daylight","Sideswipe","Automobile Right of Way","Other Motor Vehicle","N","N","N","N"
8158388,"N","Y","Injury (Complaint of Pain)","N",2016,8.16666666666667,"Fall","AM","N","F","N","N","Y","N","N","N","N","N","Daylight","Broadside","Impeding Traffic","Other Motor Vehicle","N","N","N","N"
8158765,"N","Y","Injury (Complaint of Pain)","N",2016,20.3333333333333,"Fall","N","N","F","Y","N","Y","N","N","N","N","N","Dark - Street Lights","Broadside","Pedestrian Violation","Other Motor Vehicle","N","N","N","N"
8158773,"N","N","Injury (Complaint of Pain)","N",2016,23.1666666666667,"Fall","N","Y","Th","Y","N","N","Y","N","N","N","N","Dark - Street Lights","Head-On","Unsafe Speed","Motor Vehicle on Other Roadway","Y","N","N","N"
8158922,"N","Y","Injury (Complaint of Pain)","N",2016,14.5833333333333,"Fall","N","N","Su","N","N","Y","N","N","N","N","N","Daylight","Rear End","Wrong Side of Road","Other Motor Vehicle","N","N","N","N"
8158950,"N","Y","Injury (Complaint of Pain)","N",2016,9.5,"Fall","N","N","Tu","N","N","Y","N","N","N","N","N","Daylight","Head-On","Pedestrian Violation","Other Motor Vehicle","Y","N","N","N"
8159067,"N","N","Fatal","Y",2016,12.25,"Fall","N","N","Tu","N","N","Y","N","N","N","N","N","Daylight","Rear End","Impeding Traffic","Other Motor Vehicle","N","N","N","N"
8159358,"N","Y","PDO (property damage only)","N",2016,12.75,"Fall","N","N","M","N","N","N","Y","N","N","N","N","Daylight","Rear End","Wrong Side of Road","Parked Motor Vehicle","N","N","N","N"
8159568,"N","N","Fatal","Y",2016,16.4166666666667,"Fall","N","N","Su","Y","N","Y","N","N","N","N","N","Daylight","Broadside","Pedestrian Right of Way","Animal","N","N","N","N"
8160717,"N","Y","Injury (Other Visible)","N",2016,19.5,"Fall","N","N","Th","Y","N","Y","N","N","N","N","N","Dark - Street Lights","Broadside","Pedestrian Violation","Other Motor Vehicle","N","N","N","N"
8160722,"N","Y","PDO (property damage only)","N",2016,19,"Fall","PM","N","F","N","N","Y","N","N","N","N","N","Dark - Street Lights","Rear End","Wrong Side of Road","Other Motor Vehicle","N","N","N","N"
8160739,"N","Y","Injury (Complaint of Pain)","N",2016,8.75,"Fall","N","N","Sa","N","N","Y","N","N","N","N","N","Daylight","Sideswipe","Wrong Side of Road","Parked Motor Vehicle","N","N","Y","N"
8160746,"N","Y","PDO (property damage only)","N",2016,17.8333333333333,"Fall","N","N","Su","Y","N","N","Y","N","N","N","N","Daylight","Head-On","Pedestrian Violation","Other Motor Vehicle","N","N","N","N"
8160841,"N","Y","Injury (Complaint of Pain)","N",2016,8.08333333333333,"Fall","AM","N","Tu","Y","N","Y","N","N","N","N","N","Daylight","Head-On","Pedestrian Violation","Other Motor Vehicle","N","N","N","N"
8160842,"N","Y","Injury (Other Visible)","N",2016,20.5,"Fall","N","N","Sa","N","N","Y","N","N","N","N","N","Dark - Street Lights","Rear End","Wrong Side of Road","Parked Motor Vehicle","N","N","N","N"
8160866,"N","Y","Injury (Complaint of Pain)","N",2016,14.3333333333333,"Fall","N","N","Su","N","N","Y","N","N","N","N","N","Daylight","Sideswipe","Pedestrian Right of Way","Other Motor Vehicle","N","N","N","N"
8160870,"N","Y","PDO (property damage only)","N",2016,13.4166666666667,"Fall","N","N","Tu","N","N","Y","N","N","N","N","N","Daylight","Broadside","Automobile Right of Way","Other Motor Vehicle","N","N","N","N"
8160891,"N","Y","Injury (Complaint of Pain)","N",2016,17.5,"Fall","PM","N","Tu","Y","N","Y","N","N","N","N","N","Daylight","Broadside","Pedestrian Violation","Other Motor Vehicle","N","N","N","N"
8160897,"N","Y","Injury (Complaint of Pain)","N",2016,20.4166666666667,"Fall","N","N","Tu","Y","N","Y","N","N","N","N","N","Dark - Street Lights","Other","Pedestrian Violation","Other Motor Vehicle","N","N","N","N"
8160924,"N","Y","PDO (property damage only)","N",2016,9.5,"Fall","N","N","F","N","N","Y","N","N","N","N","N","Daylight","Sideswipe","Wrong Side of Road","Other Motor Vehicle","N","N","N","N"
8160940,"N","Y","Injury (Complaint of Pain)","N",2016,14.5,"Fall","N","N","Sa","Y","N","Y","N","N","N","N","N","Daylight","Other","Pedestrian Violation","Motor Vehicle on Other Roadway","N","N","N","N"
8161067,"N","Y","Injury (Complaint of Pain)","N",2016,17.6666666666667,"Fall","N","N","Sa","Y","N","Y","N","N","N","N","N","Daylight","Rear End","Wrong Side of Road","Other Motor Vehicle","N","N","N","N"
8161072,"N","Y","Injury (Complaint of Pain)","N",2016,15.4166666666667,"Summer","PM","N","Th","N","N","Y","N","N","N","N","N","Daylight","Broadside","Pedestrian Violation","Other Motor Vehicle","N","N","N","N"
8161485,"N","Y","Injury (Complaint of Pain)","N",2016,12.5,"Fall","N","N","Sa","Y","N","Y","N","N","N","N","N","Daylight","Hit Object","Wrong Side of Road","Fixed Object","N","N","N","N"
8161505,"N","Y","PDO (property damage only)","N",2016,20.3333333333333,"Fall","N","N","Th","N","N","Y","N","N","N","N","N","Daylight","Sideswipe","Pedestrian Right of Way","Other Motor Vehicle","N","N","N","N"
8161513,"N","Y","PDO (property damage only)","N",2016,19,"Fall","PM","N","Tu","Y","N","Y","N","N","N","N","N","Dark - Street Lights","Broadside","Pedestrian Violation","Other Motor Vehicle","N","N","N","N"
8161560,"N","Y","PDO (property damage only)","N",2016,5.66666666666667,"Fall","N","N","F","N","N","Y","N","N","N","N","N","Daylight","Sideswipe","Impeding Traffic","Other Motor Vehicle","N","N","N","N"
8161596,"N","Y","PDO (property damage only)","N",2016,16.6666666666667,"Fall","PM","N","F","N","N","Y","N","N","N","N","N","Daylight","Other","Automobile Right of Way","Other Object","N","N","N","N"
8161923,"N","Y","Injury (Complaint of Pain)","N",2016,16.8333333333333,"Fall","PM","N","F","N","N","Y","N","N","N","N","N","Daylight","Other","Wrong Side of Road","Fixed Object","N","N","N","N"
8161947,"N","Y","Injury (Other Visible)","N",2016,15.1666666666667,"Fall","PM","N","Tu","N","N","Y","N","N","N","N","N","Daylight","Rear End","Wrong Side of Road","Other Motor Vehicle","N","N","N","N"
8161967,"N","N","PDO (property damage only)","N",2016,13.8333333333333,"Fall","N","N","Tu","N","N","Y","N","N","N","N","N","Daylight","Sideswipe","Pedestrian Right of Way","Other Motor Vehicle","N","N","N","N"
8161970,"N","Y","Injury (Other Visible)","N",2016,7.33333333333333,"Fall","AM","N","Th","N","N","Y","N","N","N","N","N","Daylight","Rear End","Impeding Traffic","Other Motor Vehicle","N","N","N","N"
8161973,"N","Y","Injury (Complaint of Pain)","N",2016,16.25,"Fall","PM","N","Th","Y","N","Y","N","N","N","N","N","Daylight","Broadside","Pedestrian Violation","Other Motor Vehicle","N","N","N","N"
8162011,"N","Y","Injury (Complaint of Pain)","N",2016,19.9166666666667,"Fall","N","N","W","Y","N","Y","N","N","N","N","N","Daylight","Broadside","Pedestrian Violation","Other Motor Vehicle","N","N","N","N"
8162019,"N","Y","Injury (Complaint of Pain)","N",2016,17.8333333333333,"Fall","PM","N","W","Y","N","Y","N","N","N","N","N","Daylight","Broadside","Pedestrian Violation","Other Motor Vehicle","N","N","N","N"
8162023,"N","Y","Injury (Other Visible)","N",2016,17.3333333333333,"Fall","PM","N","W","Y","N","Y","N","N","N","N","N","Dusk or Dawn","Broadside","Lights","Other Motor Vehicle","N","N","N","N"
8162223,"N","Y","PDO (property damage only)","N",2016,16.75,"Fall","PM","N","W","Y","N","Y","N","N","N","N","N","Daylight","Broadside","Pedestrian Violation","Other Object","N","N","N","N"
8162269,"N","Y","PDO (property damage only)","N",2016,9.33333333333333,"Fall","N","N","Sa","N","Y","Y","N","N","N","N","N","Daylight","Other","Automobile Right of Way","Fixed Object","N","N","N","N"
8162271,"N","Y","Injury (Complaint of Pain)","N",2016,13.5,"Fall","N","N","F","N","N","Y","N","N","N","N","N","Daylight","Hit Object","Wrong Side of Road","Fixed Object","N","N","N","N"
8162316,"N","Y","Injury (Other Visible)","N",2016,23.4166666666667,"Fall","N","Y","F","N","N","Y","N","N","N","N","N","Dark - Street Lights","Broadside","Pedestrian Violation","Other Motor Vehicle","N","N","N","N"
8162328,"N","N","Fatal","Y",2016,18.75,"Fall","PM","N","M","N","N","Y","N","N","N","N","N","Daylight","Rear End","Impeding Traffic","Parked Motor Vehicle","N","N","N","N"
8162668,"N","N","Fatal","Y",2016,2.5,"Fall","N","Y","Tu","N","N","Y","N","N","N","N","N","Dark - Street Lights","Rear End","Automobile Right of Way","Parked Motor Vehicle","N","N","N","N"
8162820,"N","Y","Injury (Complaint of Pain)","N",2016,14.4166666666667,"Fall","N","N","Th","N","N","Y","N","N","N","N","N","Daylight","Hit Object","Pedestrian Violation","Fixed Object","N","N","N","N"
8163052,"N","Y","PDO (property damage only)","N",2016,18.9166666666667,"Fall","PM","N","Tu","N","N","Y","N","N","N","N","N","Dark - Street Lights","Head-On","Pedestrian Violation","Other Motor Vehicle","N","N","N","N"
8163069,"N","Y","PDO (property damage only)","N",2016,21.5,"Fall","N","N","M","N","N","Y","N","N","N","N","N","Dark - Street Lights","Broadside","Pedestrian Violation","Other Motor Vehicle","N","N","N","N"
8163086,"N","Y","Injury (Complaint of Pain)","N",2016,19.5,"Fall","N","N","W","N","N","Y","N","N","N","N","N","Dark - Street Lights","Broadside","Pedestrian Violation","Other Motor Vehicle","N","N","N","N"
8163093,"N","Y","PDO (property damage only)","N",2016,23.25,"Fall","N","Y","Sa","Y","N","Y","N","N","N","N","N","Dark - Street Lights","Rear End","Pedestrian Violation","Other Motor Vehicle","N","N","N","N"
8163117,"N","Y","Injury (Other Visible)","N",2016,18.25,"Fall","N","N","Sa","Y","N","Y","N","N","N","N","N","Dark - Street Lights","Broadside","Lights","Other Motor Vehicle","N","N","N","N"
8163166,"N","Y","Injury (Complaint of Pain)","N",2016,14.6666666666667,"Fall","N","N","W","N","N","Y","N","N","N","N","N","Daylight","Broadside","Pedestrian Violation","Other Motor Vehicle","N","N","N","N"
8163181,"N","N","Injury (Complaint of Pain)","N",2016,2.33333333333333,"Fall","N","Y","Su","N","N","Y","N","N","N","N","N","Dark - Street Lights","Sideswipe","Wrong Side of Road","Parked Motor Vehicle","N","N","N","N"
8163198,"N","Y","Injury (Complaint of Pain)","N",2016,17.1666666666667,"Fall","N","N","Su","Y","N","N","Y","N","N","N","N","Daylight","Broadside","Pedestrian Violation","Other Motor Vehicle","N","N","N","N"
8163201,"N","Y","Injury (Complaint of Pain)","N",2016,18,"Fall","PM","N","Tu","Y","N","Y","N","N","N","N","N","Daylight","Sideswipe","Pedestrian Right of Way","Other Motor Vehicle","N","N","N","N"
8163246,"N","Y","PDO (property damage only)","N",2016,17.5,"Fall","PM","N","F","N","N","Y","N","N","N","N","N","Dusk or Dawn","Sideswipe","Wrong Side of Road","Other Motor Vehicle","N","N","N","N"
8163292,"N","Y","PDO (property damage only)","N",2016,14.1666666666667,"Fall","N","N","M","Y","N","Y","N","N","N","N","N","Daylight",NA,"Wrong Side of Road","Fixed Object","N","N","N","N"
8163339,"N","Y","Injury (Complaint of Pain)","N",2016,16,"Fall","PM","N","F","N","N","Y","N","N","N","N","N","Daylight","Rear End","Wrong Side of Road","Other Motor Vehicle","N","N","N","N"
8163348,"N","Y","PDO (property damage only)","N",2016,0.333333333333333,"Fall","N","Y","F","Y","N","Y","N","N","N","N","N","Dark - Street Lights","Head-On","Pedestrian Violation","Other Motor Vehicle","N","N","N","N"
8163358,"N","Y","PDO (property damage only)","N",2016,12.75,"Fall","N","N","Su","N","N","Y","N","N","N","N","N","Daylight","Broadside","Pedestrian Violation","Other Motor Vehicle","N","N","N","N"
8163698,"N","Y","PDO (property damage only)","N",2016,17.5,"Fall","PM","N","M","N","N","Y","N","N","N","N","N","Daylight","Sideswipe","Pedestrian Right of Way","Other Motor Vehicle","N","N","N","N"
8163702,"N","N","PDO (property damage only)","N",2016,18.6666666666667,"Fall","PM","N","W","Y","N","Y","N","N","N","N","N","Dark - Street Lights","Broadside","Lights","Other Object","N","N","N","N"
8163752,"N","Y","Injury (Complaint of Pain)","N",2016,6.83333333333333,"Fall","N","N","Th","Y","N","Y","N","N","N","N","N","Daylight","Broadside","Pedestrian Violation","Other Motor Vehicle","N","N","N","N"
8164651,"N","Y","Injury (Other Visible)","N",2016,10.1666666666667,"Fall","N","N","F","Y","N","Y","N","N","N","N","Y","Daylight","Broadside","Pedestrian Violation","Motor Vehicle on Other Roadway","N","N","N","N"
8164677,"N","N","Fatal","Y",2016,14.5,"Fall","N","N","Su","Y","N","Y","N","N","N","N","N","Daylight","Sideswipe","Lights","Other Motor Vehicle","N","N","N","N"
8166582,"N","Y","Injury (Severe)","Y",2016,17.6666666666667,"Fall","PM","N","Tu","N","Y","Y","N","N","N","N","N","Dusk or Dawn","Vehicle/Pedestrian","Hazardous Parking","Pedestrian","N","N","Y","N"
8166633,"Y","N","Injury (Severe)","Y",2016,15.4166666666667,"Spring","PM","N","Th","N","N","Y","N","N","N","N","N","Daylight","Rear End","Wrong Side of Road","Other Motor Vehicle","N","N","N","N"
8166666,"Y","N","Injury (Severe)","Y",2016,19.5833333333333,"Fall","N","N","Tu","Y","Y","Y","N","N","N","N","N","Dark - Street Lights","Broadside","Pedestrian Violation","Other Motor Vehicle","Y","N","N","N"
8166674,"Y","N","Injury (Severe)","Y",2016,16.5,"Fall","PM","N","Tu","N","N","Y","N","N","N","N","N","Dark - Street Lights","Broadside","Pedestrian Violation","Other Motor Vehicle","N","N","N","N"
8168381,"N","Y","Injury (Other Visible)","N",2016,19.0833333333333,"Fall","N","N","Tu","N","N","Y","N","N","N","N","N","Dark - Street Lights","Head-On","Pedestrian Violation","Other Motor Vehicle","N","N","N","N"
8168499,"N","Y","PDO (property damage only)","N",2016,17,"Fall","PM","N","W","N","N","Y","N","N","N","N","N","Daylight","Rear End","Wrong Side of Road","Other Motor Vehicle","N","N","N","N"
8168531,"N","Y","PDO (property damage only)","N",2016,8.5,"Fall","N","N","Su","Y","N","Y","N","N","N","N","N","Daylight","Other","Unsafe Lane Change","Other Object","N","N","N","N"
8168544,"N","Y","Injury (Complaint of Pain)","N",2016,16.25,"Fall","N","N","Su","N","N","Y","N","N","N","N","N","Daylight","Other","Automobile Right of Way","Non-Collision","N","N","N","N"
8168618,"N","N","Fatal","Y",2016,15.5,"Fall","PM","N","W","Y","N","Y","N","N","N","N","N","Daylight","Broadside","Pedestrian Violation","Other Motor Vehicle","N","N","N","N"
8169921,"N","Y","Injury (Complaint of Pain)","N",2016,19.25,"Fall","N","N","Th","N","N","Y","N","N","N","N","N","Dark - Street Lights",NA,"Wrong Side of Road",NA,"N","N","N","N"
8169969,"N","Y","PDO (property damage only)","N",2016,13,"Fall","N","N","F","N","N","Y","N","N","N","N","N","Daylight","Other","Wrong Side of Road","Other Object","N","N","N","N"
8170003,"N","Y","PDO (property damage only)","N",2016,21.25,"Fall","N","N","Su","N","N","Y","N","N","N","N","N","Dark - Street Lights","Rear End","Wrong Side of Road","Other Motor Vehicle","N","N","N","N"
8170767,"N","Y","Injury (Complaint of Pain)","N",2016,21.5833333333333,"Fall","N","N","M","Y","N","Y","N","N","N","N","N","Dark - Street Lights","Other","Lights","Non-Collision","N","N","N","N"
8171558,"N","N","Injury (Other Visible)","N",2016,2.33333333333333,"Fall","N","Y","Th","N","N","Y","N","N","N","N","N","Dark - Street Lights","Rear End","Improper Passing","Bicycle","N","N","N","Y"
8173616,"N","N","Fatal","Y",2016,3.5,"Fall","N","Y","Sa","N","N","Y","N","N","N","N","N","Dark - Street Lights","Rear End","Wrong Side of Road","Parked Motor Vehicle","N","N","N","N"
8173657,"N","Y","Injury (Other Visible)","N",2016,16.8333333333333,"Fall","PM","N","M","Y","N","N","Y","N","N","N","N","Daylight","Broadside","Impeding Traffic","Other Motor Vehicle","N","N","N","N"
8174445,"N","Y","Injury (Other Visible)","N",2016,19.25,"Fall","N","N","Th","Y","N","N","Y","N","N","N","N","Dark - Street Lights","Broadside","Pedestrian Violation","Other Motor Vehicle","N","N","N","N"
8174455,"N","Y","Injury (Other Visible)","N",2016,19.6666666666667,"Fall","N","N","W","N","N","Y","N","N","N","N","N","Dark - Street Lights","Broadside","Pedestrian Violation","Other Motor Vehicle","N","N","N","N"
8174484,"N","Y","Injury (Other Visible)","N",2016,23.5,"Fall","N","Y","W","N","N","Y","N","N","N","N","N","Dark - Street Lights","Broadside","Pedestrian Violation","Other Motor Vehicle","N","N","N","N"
8174525,"N","Y","Injury (Complaint of Pain)","N",2016,19.4166666666667,"Fall","N","N","W","N","N","Y","N","N","N","N","N","Dark - Street Lights","Sideswipe","Pedestrian Violation","Other Motor Vehicle","N","N","N","N"
8174536,"N","Y","Injury (Other Visible)","N",2016,14.5,"Fall","N","N","Tu","Y","N","Y","N","N","N","N","N","Daylight","Head-On","Wrong Side of Road","Other Motor Vehicle","N","N","N","N"
8174546,"N","Y","PDO (property damage only)","N",2016,11,"Fall","N","N","W","N","N","Y","N","N","N","N","N","Daylight","Rear End","Wrong Side of Road","Other Motor Vehicle","N","N","N","N"
8174562,"N","Y","Injury (Complaint of Pain)","N",2016,20.25,"Fall","N","N","M","Y","N","Y","N","N","N","N","N","Dark - Street Lights","Broadside","Pedestrian Violation","Other Motor Vehicle","N","N","N","N"
8174563,"N","Y","PDO (property damage only)","N",2016,17.25,"Fall","PM","N","Th","Y","N","Y","N","N","N","N","N","Daylight","Head-On","Pedestrian Violation","Other Motor Vehicle","N","N","N","N"