"CASE_ID","mc_killed","mc_injured","collision_severity","severe","accident_year","hours_since_midnight","season","rush_hour","late_night","day_of_week","intersection","state_hwy_ind","w_clear","w_cloudy","w_rainy","w_other","road_not_dry","road_condition_issue","lighting","type_of_collision","pcf_viol_category","mviw","alcohol_involved","truck_accident","pedestrian_accident","bicycle_accident"
8205352,"N","Y","Injury (Other Visible)","N",2016,22.4166666666667,"Winter","N","N","F","N","N","Y","N","N","N","N","N","Dark - Street Lights","Broadside","Wrong Side of Road","Parked Motor Vehicle","N","N","N","N"
8205591,"N","Y","Injury (Other Visible)","N",2016,7.16666666666667,"Fall","N","N","Su","Y","Y","Y","N","N","N","N","N","Daylight","Broadside","Pedestrian Violation","Other Motor Vehicle","N","N","N","N"
8205722,"N","Y","Injury (Other Visible)","N",2016,15.6666666666667,"Winter","PM","N","M","Y","N","Y","N","N","N","N","N","Daylight","Broadside","Pedestrian Violation","Other Motor Vehicle","N","N","N","N"
8281302,"N","Y","Injury (Other Visible)","N",2016,14.25,"Fall","N","N","F","Y","N","N","Y","N","N","N","N","Daylight","Broadside","Pedestrian Violation","Other Motor Vehicle","Y","N","N","N"
8283051,"N","Y","PDO (property damage only)","N",2016,10.8333333333333,"Fall","N","N","Tu","N","N","Y","N","N","N","N","N","Daylight","Sideswipe","Improper Turning","Other Motor Vehicle","N","Y","N","N"
8283149,"N","Y","Injury (Complaint of Pain)","N",2016,8,"Fall","AM","N","W","Y","N","Y","N","N","N","N","N","Daylight","Rear End","Improper Passing","Other Motor Vehicle","N","N","N","N"
8283151,"N","Y","PDO (property damage only)","N",2016,14.8333333333333,"Fall","N","N","Th","N","N","Y","N","N","N","N","N","Daylight","Broadside","Pedestrian Violation","Other Motor Vehicle","N","N","N","N"
8283224,"N","Y","Injury (Complaint of Pain)","N",2016,17.75,"Fall","PM","N","F","N","N","Y","N","N","N","Y","Y","Dark - Street Lights","Sideswipe","Automobile Right of Way","Other Motor Vehicle","N","N","N","N"
8283240,"N","Y","Injury (Complaint of Pain)","N",2016,0.0833333333333333,"Winter","N","Y","Sa","N","N","N","Y","Y","N","Y",NA,"Dark - Street Lights","Rear End","Unsafe Speed","Other Motor Vehicle","Y","N","N","N"
8283243,"N","Y","Injury (Other Visible)","N",2016,17.6666666666667,"Winter","PM","N","M","Y","N","Y","N","N","N","N","N","Dark - Street Lights","Head-On","Pedestrian Violation","Other Motor Vehicle","N","N","N","N"
8283253,"N","Y","PDO (property damage only)","N",2016,9.83333333333333,"Fall","N","N","W","N","Y","Y","N","N","N","N","N","Daylight","Rear End","Wrong Side of Road","Other Motor Vehicle","N","N","N","N"
8283271,"N","Y","Injury (Complaint of Pain)","N",2016,16.5,"Winter","PM","N","W","N","N","Y","N","N","N","N","N","Daylight","Rear End","Automobile Right of Way","Other Motor Vehicle","N","N","N","N"
8283359,"N","Y","Injury (Complaint of Pain)","N",2016,21.1666666666667,"Fall","N","N","Su","N","N","Y","N","N","N","N","N","Dark - Street Lights","Sideswipe","Pedestrian Right of Way","Other Motor Vehicle","N","N","N","N"
8283366,"N","Y","Injury (Complaint of Pain)","N",2016,0.166666666666667,"Fall","N","Y","Tu","N","N","Y","N","N","N","N","N","Dark - Street Lights","Broadside","Pedestrian Violation","Other Motor Vehicle","N","N","N","N"
8283368,"N","Y","PDO (property damage only)","N",2016,21,"Fall","N","N","M","Y","N","Y","N","N","N","N","N","Dark - Street Lights","Sideswipe","Pedestrian Violation","Other Motor Vehicle","N","N","N","N"
8283370,"N","Y","PDO (property damage only)","N",2016,11,"Fall","N","N","Tu","N","N","Y","N","N","N","N","N","Daylight","Rear End","Wrong Side of Road","Other Motor Vehicle","N","N","N","N"
8283372,"N","Y","PDO (property damage only)","N",2016,19.0833333333333,"Fall","N","N","Th","N","N","Y","N","N","N","N","N","Dark - Street Lights","Broadside","Pedestrian Right of Way","Other Motor Vehicle","N","N","N","N"
8283382,"N","Y","PDO (property damage only)","N",2016,22.8333333333333,"Fall","N","N","F","N","N","Y","N","N","N","N","N","Dark - Street Lights","Overturned","Wrong Side of Road","Fixed Object","N","N","N","N"
8283396,"N","Y","Injury (Complaint of Pain)","N",2016,19,"Fall","PM","N","M","N","N","Y","N","N","N","N","N","Dark - Street Lights","Broadside","Pedestrian Right of Way","Other Motor Vehicle","N","N","N","N"
8283442,"N","N","PDO (property damage only)","N",2016,14,"Fall","N","N","M","N","N","Y","N","N","N","N","N","Daylight","Rear End","Wrong Side of Road","Other Motor Vehicle","N","N","N","N"
8283458,"N","Y","PDO (property damage only)","N",2016,21.25,"Fall","N","N","M","N","N","Y","N","N","N","N","N","Daylight","Other","Pedestrian Violation","Non-Collision","N","N","N","N"
8283478,"N","Y","Injury (Complaint of Pain)","N",2016,15.9166666666667,"Fall","PM","N","M","Y","N","Y","N","N","N","N","N","Daylight","Broadside","Pedestrian Violation","Other Motor Vehicle","N","N","N","N"
8283494,"N","Y","Injury (Complaint of Pain)","N",2016,12.1666666666667,"Fall","N","N","Su","N","Y","Y","N","N","N","N","N","Daylight","Rear End","Wrong Side of Road","Other Motor Vehicle","N","N","N","N"
8283661,"N","N","Fatal","Y",2016,22.5,"Winter","N","N","F","N","N","Y","N","N","N","N","N","Dark - Street Lights","Sideswipe","Wrong Side of Road","Other Motor Vehicle","N","N","N","N"
8283970,"N","Y","PDO (property damage only)","N",2016,18.0833333333333,"Fall","PM","N","F","Y","N","Y","N","N","N","N","N","Daylight","Broadside","Pedestrian Violation","Other Motor Vehicle","N","N","N","N"
8283987,"N","Y","PDO (property damage only)","N",2016,16.9166666666667,"Fall","PM","N","F","N","N","Y","N","N","N","N","N","Dusk or Dawn","Sideswipe","Automobile Right of Way","Other Motor Vehicle","N","N","N","N"
8284007,"N","Y","Injury (Other Visible)","N",2016,19.5,"Fall","N","N","Sa","Y","N","Y","N","N","N","N","N","Dark - Street Lights","Head-On","Pedestrian Right of Way","Other Motor Vehicle","N","N","N","N"
8284019,"N","Y","PDO (property damage only)","N",2016,1,"Fall","N","Y","Sa","Y","N","Y","N","N","N","N","N","Dark - Street Lights","Rear End","Improper Passing","Other Motor Vehicle","N","N","N","N"
8284044,"N","Y","Injury (Complaint of Pain)","N",2016,13.9166666666667,"Winter","N","N","M","N","N","Y","N","N","N","N","N","Daylight","Hit Object","Wrong Side of Road","Fixed Object","N","N","N","N"
8284048,"N","Y","PDO (property damage only)","N",2016,17.8333333333333,"Winter","N","N","Su","N","N","Y","N","N","N","N","N","Dark - Street Lights","Broadside","Pedestrian Right of Way","Other Motor Vehicle","N","N","N","N"
8284338,"N","Y","Injury (Complaint of Pain)","N",2016,14.0833333333333,"Fall","N","N","F","N","N","Y","N","N","N","N","N","Daylight","Rear End","Improper Passing","Other Motor Vehicle","N","N","N","N"
8284405,"N","Y","PDO (property damage only)","N",2016,10.5,"Fall","N","N","Sa","N","N","Y","N","N","N","N","N","Daylight","Rear End","Improper Passing","Other Motor Vehicle","N","N","N","N"
8284490,"N","Y","Injury (Complaint of Pain)","N",2016,11.6666666666667,"Fall","N","N","Tu","Y","Y","Y","N","N","N","N","N","Daylight","Broadside","Lights","Other Motor Vehicle","N","N","N","N"
8284623,"N","Y","PDO (property damage only)","N",2016,16.3333333333333,"Fall","N","N","Su","Y","N","Y","N","N","N","Y","N","Daylight","Head-On","Pedestrian Violation","Other Motor Vehicle","N","N","N","N"
8284957,"N","Y","Injury (Complaint of Pain)","N",2016,17.5,"Winter","PM","N","F","N","N","Y","N","N","N","N","N","Dark - Street Lights","Rear End","Wrong Side of Road","Other Motor Vehicle","N","N","N","N"
8285041,"N","Y","Injury (Complaint of Pain)","N",2016,19.4166666666667,"Winter","N","N","W","Y","N","N","N","Y","N","Y","N","Dark - Street Lights","Broadside","Pedestrian Violation","Other Motor Vehicle","N","N","N","N"
8285049,"N","Y","Injury (Complaint of Pain)","N",2016,6.83333333333333,"Winter","N","N","Tu","N","N","Y","N","N","N","N","N","Daylight","Sideswipe","Impeding Traffic","Other Motor Vehicle","N","N","N","N"
8285066,"N","Y","Injury (Complaint of Pain)","N",2016,10.3333333333333,"Fall","N","N","Sa","N","N","Y","N","N","N","N","N","Daylight","Sideswipe","Automobile Right of Way","Other Motor Vehicle","N","N","N","N"
8285071,"N","N","Injury (Complaint of Pain)","N",2016,10.5833333333333,"Fall","N","N","Sa","N","N","Y","N","N","N","N","N","Daylight","Sideswipe","Code 19","Other Motor Vehicle","N","N","N","N"
8285085,"N","Y","Injury (Complaint of Pain)","N",2016,20.8333333333333,"Winter","N","N","Th","Y","N","N","N","Y","N","Y","N","Dark - Street Lights","Other","Wrong Side of Road","Other Object","N","N","N","N"
8285097,"N","Y","PDO (property damage only)","N",2016,19.8333333333333,"Fall","N","N","F","Y","N","Y","N","N","N","N","N","Dark - Street Lights","Head-On","Pedestrian Violation","Other Motor Vehicle","N","N","N","N"
8285099,"N","Y","Injury (Complaint of Pain)","N",2016,18.0833333333333,"Fall","PM","N","Tu","Y","N","Y","N","N","N","N","Y","Dark - Street Lights","Broadside","Pedestrian Violation","Other Motor Vehicle","N","N","N","N"
8285131,"N","Y","PDO (property damage only)","N",2016,8.25,"Fall","AM","N","F","N","N","Y","N","N","N","N","N","Daylight","Broadside","Pedestrian Violation","Other Motor Vehicle","Y","N","N","N"
8285202,"N","Y","Injury (Other Visible)","N",2016,18,"Fall","PM","N","Th","N","N","Y","N","N","N","N","N","Dark - Street Lights","Broadside","Pedestrian Violation","Other Motor Vehicle","N","N","N","N"
8285743,"N","N","Fatal","Y",2016,10,"Winter","N","N","Tu","N","N","Y","N","N","N","N","N","Daylight","Rear End","Wrong Side of Road","Other Motor Vehicle","N","N","N","N"
8286037,"N","Y","Injury (Other Visible)","N",2016,16.5,"Fall","PM","N","F","Y","N","Y","N","N","N","N","N","Daylight","Broadside","Pedestrian Violation","Other Motor Vehicle","N","N","N","N"
8286069,"N","Y","Injury (Complaint of Pain)","N",2016,13.25,"Fall","N","N","F","Y","N","Y","N","N","N","N","N","Daylight","Broadside","Pedestrian Violation","Other Motor Vehicle","N","N","N","N"
8286131,"N","Y","Injury (Other Visible)","N",2016,18.75,"Fall","PM","N","Th","Y","N","Y","N","N","N","N","N","Daylight","Broadside","Pedestrian Violation","Other Motor Vehicle","N","N","N","N"
8286155,"N","Y","Injury (Complaint of Pain)","N",2016,13.1666666666667,"Fall","N","N","Tu","N","N","Y","N","N","N","N","N","Daylight","Broadside","Lights","Other Motor Vehicle","N","N","N","N"
8286163,"N","Y","Injury (Complaint of Pain)","N",2016,23.3333333333333,"Fall","N","Y","Th","N","N","Y","N","N","N","N","N","Dark - Street Lights","Broadside","Pedestrian Right of Way","Other Motor Vehicle","N","N","N","N"
8286166,"N","Y","Injury (Complaint of Pain)","N",2016,12.5,"Fall","N","N","F","N","N","Y","N","N","N","N",NA,"Daylight","Broadside","Lights","Other Motor Vehicle","Y","N","N","N"
8286187,"N","Y","Injury (Complaint of Pain)","N",2016,10.8333333333333,"Fall","N","N","Su","N","N","Y","N","N","N","N","N","Daylight","Other","Automobile Right of Way","Non-Collision","N","N","N","N"
8286188,"N","Y","PDO (property damage only)","N",2016,18.9166666666667,"Fall","N","N","Su","N","N","Y","N","N","N","N","N","Daylight","Broadside","Pedestrian Right of Way","Other Motor Vehicle","N","N","N","N"
8286190,"N","Y","PDO (property damage only)","N",2016,12.4166666666667,"Fall","N","N","Th","N","N","Y","N","N","N","N","N","Daylight","Overturned","Wrong Side of Road","Non-Collision","N","N","N","N"
8286204,"N","Y","Injury (Complaint of Pain)","N",2016,18.6666666666667,"Fall","PM","N","M","Y","N","Y","N","N","N","N","N","Daylight","Head-On","Pedestrian Violation","Other Motor Vehicle","N","N","N","N"
8286210,"N","Y","Injury (Complaint of Pain)","N",2016,12.0833333333333,"Fall","N","N","F","Y","N","Y","N","N","N","N","Y","Daylight","Broadside","Lights","Other Motor Vehicle","N","N","N","N"
8286223,"N","N","Injury (Complaint of Pain)","N",2016,22.5833333333333,"Fall","N","N","F","N","N","Y","N","N","N","N","N","Daylight","Sideswipe","Wrong Side of Road","Bicycle","N","N","N","Y"
8286235,"N","Y","Injury (Complaint of Pain)","N",2016,9.58333333333333,"Fall","N","N","M","N","N","Y","N","N","N","N","N","Daylight","Broadside","Automobile Right of Way","Other Motor Vehicle","Y","N","N","N"
8286633,"N","Y","PDO (property damage only)","N",2016,7.33333333333333,"Winter","AM","N","Tu","N","N","Y","N","N","N","N","N","Daylight","Broadside","Pedestrian Violation","Parked Motor Vehicle","N","N","N","N"
8286791,"N","Y","Injury (Complaint of Pain)","N",2016,14.5833333333333,"Winter","N","N","Su","Y","N","Y","N","N","N","N","N","Daylight","Broadside","Wrong Side of Road","Other Motor Vehicle","N","N","N","N"
8287502,"N","N","Fatal","Y",2016,23.75,"Fall","N","Y","Sa","Y","N","Y","N","N","N","N","N","Dark - Street Lights","Broadside","Wrong Side of Road","Other Motor Vehicle","N","N","N","N"
8287923,"N","Y","Injury (Complaint of Pain)","N",2016,15.9166666666667,"Fall","PM","N","W","Y","N","Y","N","N","N","N","N","Daylight","Rear End","Improper Passing","Other Motor Vehicle","N","N","N","N"
8289693,"N","Y","Injury (Other Visible)","N",2016,20.3333333333333,"Fall","N","N","Sa","N","N","Y","N","N","N","N","N","Dark - Street Lights","Head-On","Code 19","Other Motor Vehicle","N","N","N","N"
8289967,"N","Y","PDO (property damage only)","N",2016,5.5,"Winter","N","N","W","Y","N","Y","N","N","N","N","N","Dark - Street Lights","Broadside","Lights","Other Motor Vehicle","N","N","N","N"
8290780,"N","Y","Injury (Complaint of Pain)","N",2016,18.75,"Winter","N","N","Sa","N","N","Y","N","N","N","N","N","Dark - Street Lights","Hit Object","Wrong Side of Road","Fixed Object","N","N","N","N"
8290788,"N","Y","Injury (Complaint of Pain)","N",2016,15.1666666666667,"Winter","PM","N","Tu","N","N","Y","N","N","N","N","N","Daylight","Broadside","Improper Turning","Other Motor Vehicle","N","N","N","N"
8291216,"N","Y","Injury (Complaint of Pain)","N",2016,12.1666666666667,"Fall","N","N","M","Y","N","N","Y","N","N","N","N","Daylight","Sideswipe","Pedestrian Right of Way","Other Motor Vehicle","N","N","N","N"
8291222,"N","Y","Injury (Complaint of Pain)","N",2016,15.8333333333333,"Fall","PM","N","Tu","N","N","Y","N","N","N","N","N","Daylight","Rear End","Impeding Traffic","Bicycle","N","N","N","Y"
8291230,"N","Y","Injury (Other Visible)","N",2016,23,"Fall","N","Y","Th","N","N","Y","N","N","N","N","N","Dark - Street Lights","Broadside","Lights","Other Motor Vehicle","N","N","N","N"
8291249,"N","Y","Injury (Complaint of Pain)","N",2016,17.8333333333333,"Fall","PM","N","F","Y","N","Y","N","N","N","N","N","Dusk or Dawn","Broadside","Pedestrian Violation","Motor Vehicle on Other Roadway","N","N","N","N"
8291293,"N","Y","Injury (Complaint of Pain)","N",2016,15,"Fall","N","N","Su","Y","N","Y","N","N","N","N","N","Daylight","Broadside","Pedestrian Violation","Other Motor Vehicle","N","N","N","N"
8291342,"N","Y","Injury (Complaint of Pain)","N",2016,10,"Fall","N","N","Su","N","N","Y","N","N","N","N","N","Daylight","Broadside","Pedestrian Violation","Motor Vehicle on Other Roadway","N","N","N","N"
8293635,"N","Y","Injury (Complaint of Pain)","N",2016,7.83333333333333,"Fall","AM","N","Tu","Y","N","Y","N","N","N","N","N","Daylight","Sideswipe","Pedestrian Violation","Other Motor Vehicle","Y","N","N","N"
8293636,"N","Y","Injury (Complaint of Pain)","N",2016,11.8333333333333,"Winter","N","N","Su","Y","N","Y","N","N","N","N","Y","Daylight","Sideswipe","Pedestrian Right of Way","Other Motor Vehicle","N","N","N","N"
8293681,"N","N","Fatal","Y",2016,8.75,"Winter","AM","N","M","Y","N","Y","N","N","N","N","N","Daylight","Broadside","Pedestrian Violation","Other Motor Vehicle","N","N","N","N"
8293771,"N","N","Fatal","Y",2016,22.6666666666667,"Fall","N","N","W","N","N","Y","N","N","N","N","N","Dark - Street Lights","Other","Impeding Traffic",NA,"N","N","N","N"
8296703,"N","Y","Injury (Complaint of Pain)","N",2016,21.75,"Winter","N","N","Sa","Y","N","Y","N","N","N","N","N","Dark - Street Lights","Sideswipe","Pedestrian Right of Way","Other Motor Vehicle","N","N","N","N"
8296818,"N","Y","Injury (Complaint of Pain)","N",2016,9,"Winter","N","N","Sa","Y","N","Y","N","N","N","N","N","Daylight","Broadside","Pedestrian Violation","Other Motor Vehicle","N","N","N","N"
8296837,"N","Y","Injury (Complaint of Pain)","N",2016,17.8333333333333,"Winter","N","N","Sa","Y","N","Y","N","N","N","N","N","Dark - Street Lights","Broadside","Lights","Other Motor Vehicle","N","N","N","N"
8296841,"N","Y","Injury (Complaint of Pain)","N",2016,9.33333333333333,"Winter","N","N","Su","N","N","Y","N","N","N","N","N","Daylight","Broadside","Pedestrian Violation","Other Motor Vehicle","N","N","N","N"
8297427,"N","Y","PDO (property damage only)","N",2016,18,"Fall","PM","N","M","Y","Y","Y","N","N","N","N","N","Dark - Street Lights","Head-On","Lights","Other Motor Vehicle","N","N","N","N"
8299943,"N","Y","Injury (Other Visible)","N",2016,21.9166666666667,"Fall","N","N","Sa","N","N","Y","N","N","N","N","N","Dark - Street Lights","Rear End","Wrong Side of Road","Parked Motor Vehicle","N","N","N","N"
8302118,"N","Y","Injury (Complaint of Pain)","N",2016,11.0833333333333,"Winter","N","N","Th","N","N","N","Y","N","N","N","Y","Daylight","Broadside","Pedestrian Right of Way","Other Motor Vehicle","N","N","N","N"
8302223,"N","Y","Injury (Complaint of Pain)","N",2016,21.3333333333333,"Fall","N","N","Su","Y","N","Y","N","N","N","N","N","Dark - Street Lights","Broadside","Improper Passing","Other Motor Vehicle","N","N","N","N"
8302386,"N","N","Fatal","Y",2016,19.5833333333333,"Winter","N","N","Tu","N","N","Y","N","N","N","N","N","Dark - Street Lights","Rear End","Wrong Side of Road","Other Motor Vehicle","N","N","N","N"
8303920,"N","N","Injury (Complaint of Pain)","N",2016,17,"Fall","PM","N","F","Y","N","Y","N","N","N","N","N","Daylight","Vehicle/Pedestrian","Hazardous Parking","Pedestrian","N","N","Y","N"
8303930,"N","Y","Injury (Complaint of Pain)","N",2016,12.8333333333333,"Fall","N","N","Th","Y","N","Y","N","N","N","N","N","Daylight","Broadside","Pedestrian Violation","Other Motor Vehicle","N","N","N","N"
8303933,"N","Y","PDO (property damage only)","N",2016,18.8333333333333,"Fall","PM","N","M","N","N","Y","N","N","N","N","N","Dark - Street Lights","Broadside","Pedestrian Right of Way","Other Motor Vehicle","N","N","N","N"
8303961,"N","Y","PDO (property damage only)","N",2016,11.6666666666667,"Fall","N","N","Tu","N","N","Y","N","N","N","N","N","Daylight","Sideswipe","Pedestrian Right of Way","Other Motor Vehicle","N","N","N","N"
8303985,"N","Y","Injury (Complaint of Pain)","N",2016,18.4166666666667,"Fall","N","N","Su","N","N","Y","N","N","N","N","N","Dark - No Street Lights","Other","Wrong Side of Road","Other Object","N","N","N","N"
8304246,"N","Y","Injury (Complaint of Pain)","N",2016,18,"Fall","PM","N","W","N","N","Y","N","N","N","N","N","Dark - Street Lights","Sideswipe","Automobile Right of Way","Other Motor Vehicle","N","N","N","N"
8304309,"N","Y","PDO (property damage only)","N",2016,23.8333333333333,"Winter","N","Y","Th","N","N","Y","N","N","N","N","N","Dark - Street Lights","Hit Object","Wrong Side of Road","Fixed Object","N","N","N","N"
8304342,"N","N","Fatal","Y",2016,18.75,"Fall","N","N","Su","N","N","N","Y","N","N","N","N","Dark - Street Lights","Broadside","Wrong Side of Road","Parked Motor Vehicle","N","N","N","N"
8304732,"N","Y","Injury (Complaint of Pain)","N",2016,12,"Winter","N","N","F","N","N","N","Y","N","N","Y","N","Daylight","Rear End","Pedestrian Right of Way","Other Motor Vehicle","N","N","N","N"
8304740,"N","Y","Injury (Complaint of Pain)","N",2016,14.3333333333333,"Fall","N","N","M","Y","N","N","Y","N","N","N","N","Daylight","Broadside","Impeding Traffic","Other Motor Vehicle","N","N","N","N"
8308370,"N","N","Fatal","Y",2016,18,"Winter","N","N","Sa","N","N","N","N","Y","N","Y","N","Dark - Street Lights","Other","Unsafe Starting or Backing","Parked Motor Vehicle","N","N","N","N"
8308695,"N","Y","Injury (Complaint of Pain)","N",2016,20.1666666666667,"Winter","N","N","Sa","N","N","N","Y","N","N","Y","N","Dark - Street Lights","Sideswipe","Automobile Right of Way","Other Motor Vehicle","N","N","N","N"
8309771,"N","Y","Injury (Complaint of Pain)","N",2016,18.1666666666667,"Winter","PM","N","Tu","N","N","Y","N","N","N","N","N","Daylight","Broadside","Impeding Traffic","Other Motor Vehicle","N","N","N","N"
8309823,"N","Y","Injury (Complaint of Pain)","N",2016,7.83333333333333,"Winter","AM","N","Tu","Y","N","Y","N","N","N","N","N","Daylight","Rear End","Pedestrian Violation","Other Motor Vehicle","N","N","N","N"
8310704,"N","Y","PDO (property damage only)","N",2016,13.4166666666667,"Fall","N","N","Sa","Y","N","Y","N","N","N","N","N","Daylight","Hit Object","Pedestrian Violation","Other Object","N","N","N","N"
90092866,"N","Y","PDO (property damage only)","N",2016,16.5833333333333,"Winter","PM","N","F","N","Y","N","Y","N","N","N","N","Daylight","Sideswipe","Automobile Right of Way","Other Motor Vehicle","N","N","N","N"
90097007,"N","Y","Injury (Complaint of Pain)","N",2016,23.1666666666667,"Winter","N","Y","Sa","N","Y","Y","N","N","N","N","N","Dark - Street Lights","Rear End","Unsafe Speed","Other Motor Vehicle","Y","N","N","N"
90098147,"N","Y","Injury (Other Visible)","N",2016,21.3333333333333,"Winter","N","N","Sa","N","Y","Y","N","N","N","N","N","Dark - Street Lights","Overturned","Unsafe Speed","Non-Collision","Y","N","N","N"
90098422,"N","Y","Injury (Complaint of Pain)","N",2016,12.6666666666667,"Winter","N","N","Sa","N","Y","Y","N","N","N","N","N","Daylight","Hit Object","Wrong Side of Road","Other Object","N","N","N","N"
90099747,"N","Y","PDO (property damage only)","N",2016,10.6666666666667,"Winter","N","N","Th","N","Y","Y","N","N","N","N","N","Daylight","Hit Object","Automobile Right of Way","Fixed Object","N","N","N","N"
90100195,"N","Y","PDO (property damage only)","N",2016,12.25,"Winter","N","N","W","N","Y","Y","N","N","N","N","N","Daylight","Sideswipe","Automobile Right of Way","Other Motor Vehicle","N","N","N","N"
90102196,"N","Y","Injury (Complaint of Pain)","N",2016,12,"Winter","N","N","Su","N","Y","Y","N","N","N","N","N","Daylight","Rear End","Wrong Side of Road","Other Motor Vehicle","N","N","N","N"
90103725,"N","Y","Injury (Other Visible)","N",2016,16.3333333333333,"Winter","PM","N","W","N","Y","Y","N","N","N","N","N","Daylight","Sideswipe","Automobile Right of Way","Other Motor Vehicle","N","N","N","N"
90105207,"N","Y","PDO (property damage only)","N",2016,5.66666666666667,"Winter","N","N","Su","N","Y","Y","N","N","N","N","N","Dark - No Street Lights","Hit Object","Code 20","Other Object","N","N","N","N"
90107016,"N","Y","PDO (property damage only)","N",2016,17.5833333333333,"Winter","PM","N","Tu","N","Y","Y","Y","N","N","N","N","Dark - No Street Lights","Sideswipe","Automobile Right of Way","Other Motor Vehicle","N","N","N","N"
90107021,"N","Y","PDO (property damage only)","N",2016,14.5833333333333,"Winter","N","N","Sa","N","Y","N","Y","N","N","N","N","Daylight","Sideswipe","Impeding Traffic","Other Motor Vehicle","N","N","N","N"
90108948,"N","Y","Injury (Complaint of Pain)","N",2016,20.3333333333333,"Winter","N","N","F","N","Y","Y","N","N","N","N","N","Dark - Street Lights","Sideswipe","Automobile Right of Way","Other Motor Vehicle","N","N","N","N"
90109161,"N","Y","PDO (property damage only)","N",2016,15.5,"Winter","PM","N","W","N","Y","N","Y","N","N","N","N","Daylight","Sideswipe","Impeding Traffic","Other Motor Vehicle","N","N","N","N"
90110539,"N","Y","Injury (Other Visible)","N",2016,16.3333333333333,"Winter","PM","N","F","N","Y","Y","N","N","N","N","N","Daylight","Rear End","Pedestrian Right of Way","Other Motor Vehicle","N","N","N","N"
90110619,"N","Y","PDO (property damage only)","N",2016,16.25,"Winter","PM","N","M","N","Y","Y","N","N","N","N","N","Daylight","Rear End","Wrong Side of Road","Other Motor Vehicle","N","N","N","N"
90110665,"N","Y","Injury (Complaint of Pain)","N",2016,15.0833333333333,"Winter","N","N","Sa","N","Y","N","Y","N","N","N","N","Daylight","Sideswipe","Automobile Right of Way","Other Motor Vehicle","N","N","N","N"
90110872,"N","Y","Injury (Complaint of Pain)","N",2016,18.5,"Winter","PM","N","M","N","Y","Y","N","N","N","N","N","Dark - Street Lights","Rear End","Wrong Side of Road","Other Motor Vehicle","N","N","N","N"
90111799,"N","Y","Injury (Complaint of Pain)","N",2016,2.06666666666667,"Winter","N","Y","Th","N","Y","Y","N","N","N","N","N","Dark - Street Lights","Overturned","Unsafe Speed","Non-Collision","Y","N","N","N"
90111981,"N","Y","PDO (property damage only)","N",2016,15,"Winter","PM","N","F","N","Y","Y","N","N","N","N","N","Daylight","Sideswipe","Automobile Right of Way","Other Motor Vehicle","N","N","N","N"
90112148,"N","Y","Injury (Other Visible)","N",2016,7.11666666666667,"Winter","N","N","Sa","N","Y","N","Y","N","N","N","Y","Daylight","Broadside","Pedestrian Right of Way","Fixed Object","N","N","N","N"
90112603,"N","Y","PDO (property damage only)","N",2016,12.4166666666667,"Winter","N","N","Su","N","N","Y","N","N","N","N","N","Daylight","Sideswipe","Unsafe Lane Change","Other Motor Vehicle","N","Y","N","N"
90114252,"N","Y","Injury (Complaint of Pain)","N",2016,14.5,"Winter","N","N","W","N","Y","Y","N","N","N","N","N","Daylight","Sideswipe","Wrong Side of Road","Other Motor Vehicle","N","N","N","N"
90114955,"N","Y","PDO (property damage only)","N",2016,7.75,"Winter","AM","N","Th","N","Y","Y","N","N","N","N","N","Daylight","Rear End","Automobile Right of Way","Other Motor Vehicle","N","N","N","N"
90115119,"N","N","Fatal","Y",2016,12.3,"Winter","N","N","Th","N","Y","Y","N","N","N","N","N","Daylight","Overturned","Pedestrian Right of Way","Non-Collision","N","N","N","N"
90115386,"Y","N","Injury (Severe)","Y",2016,13.4166666666667,"Winter","N","N","Su","N","Y","Y","N","N","N","N","N","Daylight","Rear End","Wrong Side of Road","Other Motor Vehicle","N","N","N","N"
90115780,"N","Y","Injury (Complaint of Pain)","N",2016,17.5,"Winter","PM","N","Tu","N","Y","Y","N","N","N","N","N","Dark - No Street Lights","Hit Object","Code 20","Other Object","N","N","N","N"
90118132,"N","Y","Injury (Complaint of Pain)","N",2016,16.4166666666667,"Winter","PM","N","M","N","Y","Y","N","N","N","N","N","Daylight","Sideswipe","Automobile Right of Way","Other Motor Vehicle","N","N","N","N"
90118529,"N","Y","Injury (Other Visible)","N",2016,8.33333333333333,"Winter","AM","N","W","N","Y","Y","N","N","N","N","N","Daylight","Sideswipe","Pedestrian Right of Way","Other Motor Vehicle","N","N","N","N"
90119029,"N","Y","PDO (property damage only)","N",2016,9.25,"Winter","N","N","Tu","N","Y","N","Y","N","N","N","N","Daylight","Rear End","Wrong Side of Road","Other Motor Vehicle","N","N","N","N"
90119037,"N","Y","PDO (property damage only)","N",2016,18.5,"Winter","PM","N","F","N","Y","N","Y","N","N","N","N","Dark - No Street Lights","Sideswipe","Wrong Side of Road","Other Motor Vehicle","N","N","N","N"
90119524,"N","Y","Injury (Complaint of Pain)","N",2016,9.21666666666667,"Winter","N","N","Su","N","Y","Y","N","N","N","N","N","Daylight","Rear End","Wrong Side of Road","Other Motor Vehicle","N","N","N","N"
90119529,"N","Y","Injury (Complaint of Pain)","N",2016,11.75,"Winter","N","N","Su","N","Y","Y","N","N","N","N","N","Daylight","Overturned","Pedestrian Right of Way","Non-Collision","N","N","N","N"
90120056,"N","N","Fatal","Y",2016,9.5,"Winter","N","N","Su","N","Y","Y","N","N","N","N","N","Daylight","Rear End","Wrong Side of Road","Other Motor Vehicle","N","N","N","N"