"CASE_ID","mc_killed","mc_injured","collision_severity","severe","accident_year","hours_since_midnight","season","rush_hour","late_night","day_of_week","intersection","state_hwy_ind","w_clear","w_cloudy","w_rainy","w_other","road_not_dry","road_condition_issue","lighting","type_of_collision","pcf_viol_category","mviw","alcohol_involved","truck_accident","pedestrian_accident","bicycle_accident"
90120144,"N","Y","Injury (Complaint of Pain)","N",2016,7.05,"Winter","AM","N","Th","N","Y","Y","N","N","N","N","N","Daylight","Overturned","Wrong Side of Road","Non-Collision","N","N","N","N"
90120274,"N","Y","PDO (property damage only)","N",2016,15.25,"Winter","PM","N","M","N","Y","Y","N","N","N","N","N","Daylight","Rear End","Automobile Right of Way","Other Motor Vehicle","N","N","N","N"
90120674,"N","Y","Injury (Complaint of Pain)","N",2016,4.25,"Winter","N","Y","Tu","N","Y","N","Y","N","N","N","N","Dark - No Street Lights","Overturned","Pedestrian Right of Way","Fixed Object","N","N","N","N"
90121182,"N","Y","PDO (property damage only)","N",2016,18.25,"Winter","PM","N","F","N","Y","Y","N","N","N","N","N","Dark - Street Lights","Sideswipe","Pedestrian Right of Way","Other Motor Vehicle","N","N","N","N"
90121254,"N","Y","PDO (property damage only)","N",2016,18.1666666666667,"Winter","PM","N","Th","N","Y","Y","N","N","N","N","N","Dusk or Dawn","Sideswipe","Automobile Right of Way","Other Motor Vehicle","N","N","N","N"
90121500,"N","Y","Injury (Complaint of Pain)","N",2016,21.25,"Winter","N","N","Sa","N","Y","Y","N","N","N","N","N","Dark - Street Lights","Overturned","Code 20","Non-Collision","N","N","N","N"
90121751,"N","Y","Injury (Complaint of Pain)","N",2016,4.48333333333333,"Winter","N","Y","Sa","N","Y","Y","N","N","N","N","N","Dark - No Street Lights","Hit Object","Wrong Side of Road","Other Object","N","N","N","N"
90122242,"N","Y","PDO (property damage only)","N",2016,17.6666666666667,"Winter","PM","N","Tu","N","Y","Y","N","N","N","N","N","Dark - No Street Lights","Sideswipe","Automobile Right of Way","Other Motor Vehicle","N","N","N","N"
90122534,"N","N","Fatal","Y",2016,9.25,"Winter","N","N","Th","N","Y","Y","N","N","N","N","N","Daylight","Overturned","Pedestrian Right of Way","Other Motor Vehicle","N","N","N","N"
90122582,"N","N","Fatal","Y",2016,13.6666666666667,"Winter","N","N","M","N","Y","Y","N","N","N","N","N","Daylight","Sideswipe","Pedestrian Right of Way","Other Motor Vehicle","N","N","N","N"
90122612,"N","Y","Injury (Other Visible)","N",2016,0.583333333333333,"Winter","N","Y","W","N","Y","Y","N","N","N","N","N","Dark - Street Lights","Hit Object","Pedestrian Right of Way","Other Object","N","N","N","N"
90122772,"N","N","Fatal","Y",2016,14.75,"Winter","N","N","F","N","Y","Y","N","N","N","N","N","Daylight","Overturned","Automobile Right of Way","Non-Collision","N","N","N","N"
90123256,"N","Y","Injury (Complaint of Pain)","N",2016,6.58333333333333,"Winter","N","N","M","N","Y","Y","N","N","N","N","N","Daylight","Rear End","Improper Turning","Other Motor Vehicle","N","N","N","N"
90123274,"N","Y","PDO (property damage only)","N",2016,16.15,"Winter","PM","N","Tu","N","Y","Y","N","N","N","N","N","Daylight","Rear End","Wrong Side of Road","Other Motor Vehicle","N","Y","N","N"
90123279,"N","Y","Injury (Complaint of Pain)","N",2016,15.4166666666667,"Winter","PM","N","Th","N","Y","Y","N","N","N","N","N","Daylight","Overturned","Wrong Side of Road","Non-Collision","N","N","N","N"
90123284,"N","Y","PDO (property damage only)","N",2016,6.15,"Winter","N","N","Tu","N","Y","Y","N","N","N","N","N","Dusk or Dawn","Rear End","Automobile Right of Way","Other Motor Vehicle","N","N","N","N"
90123430,"N","Y","PDO (property damage only)","N",2016,20.5833333333333,"Winter","N","N","Tu","N","Y","Y","N","N","N","N","N","Dark - Street Lights","Sideswipe","Automobile Right of Way","Other Motor Vehicle","N","N","N","N"
90123758,"N","Y","Injury (Complaint of Pain)","N",2016,17.9166666666667,"Winter","PM","N","W","N","Y","Y","N","N","N","N","N","Dark - Street Lights","Sideswipe","Automobile Right of Way","Other Motor Vehicle","N","N","N","N"
90123934,"N","Y","PDO (property damage only)","N",2016,14.75,"Winter","N","N","Th","N","Y","Y","N","N","N","N","N","Daylight","Sideswipe","Automobile Right of Way","Other Motor Vehicle","N","N","N","N"
90123987,"N","N","PDO (property damage only)","N",2016,7.78333333333333,"Winter","AM","N","W","N","Y","Y","N","N","N","N","N","Daylight","Rear End","Wrong Side of Road","Other Motor Vehicle","N","N","N","N"
90124006,"N","Y","Injury (Complaint of Pain)","N",2016,7.83333333333333,"Winter","AM","N","Th","N","Y","Y","N","N","N","N","N","Daylight","Overturned","Wrong Side of Road","Non-Collision","N","N","N","N"
90124073,"N","Y","Injury (Complaint of Pain)","N",2016,10,"Winter","N","N","Su","N","Y","Y","N","N","N","N","N","Daylight","Hit Object","Wrong Side of Road","Other Object","N","N","N","N"
90124275,"N","Y","PDO (property damage only)","N",2016,17.9166666666667,"Winter","PM","N","F","N","Y","Y","N","N","N","N","N","Dark - No Street Lights","Sideswipe","Automobile Right of Way","Other Motor Vehicle","N","N","N","N"
90124719,"N","Y","PDO (property damage only)","N",2016,7.25,"Winter","AM","N","Tu","N","Y","Y","N","N","N","N","N","Daylight","Rear End","Wrong Side of Road","Other Motor Vehicle","N","N","N","N"
90124968,"N","Y","Injury (Complaint of Pain)","N",2016,13.1666666666667,"Winter","N","N","Th","N","Y","Y","N","N","N","N","N","Daylight","Rear End","Wrong Side of Road","Other Motor Vehicle","N","N","N","N"
90125891,"N","Y","PDO (property damage only)","N",2016,16.6666666666667,"Winter","PM","N","Tu","N","Y","Y","N","N","N","N","N","Daylight","Overturned","Wrong Side of Road","Non-Collision","N","N","N","N"
90126659,"N","Y","PDO (property damage only)","N",2016,13,"Winter","N","N","F","N","Y","Y","N","N","N","N","N","Daylight","Sideswipe","Automobile Right of Way","Other Motor Vehicle","N","N","N","N"
90126773,"N","Y","Injury (Complaint of Pain)","N",2016,13.25,"Winter","N","N","Sa","N","Y","Y","N","N","N","N","N","Daylight","Overturned","Wrong Side of Road","Non-Collision","N","N","N","N"
90127080,"N","Y","PDO (property damage only)","N",2016,12.9666666666667,"Winter","N","N","Sa","N","Y","Y","N","N","N","N","N","Daylight","Overturned","Pedestrian Right of Way","Non-Collision","N","N","N","N"
90127225,"N","Y","PDO (property damage only)","N",2016,7.75,"Winter","AM","N","Th","N","Y","Y","N","N","N","N","N","Daylight","Rear End","Wrong Side of Road","Other Motor Vehicle","N","N","N","N"
90127444,"N","Y","Injury (Complaint of Pain)","N",2016,16.3333333333333,"Winter","PM","N","Tu","N","Y","Y","N","N","N","N","N","Daylight","Sideswipe","Automobile Right of Way","Other Motor Vehicle","N","N","N","N"
90127451,"N","Y","Injury (Complaint of Pain)","N",2016,15.3333333333333,"Winter","PM","N","M","N","Y","N","Y","N","N","N","N","Daylight","Sideswipe","Automobile Right of Way","Other Motor Vehicle","N","N","N","N"
90127741,"N","N","Fatal","Y",2016,10.75,"Winter","N","N","W","N","Y","Y","N","N","N","N","N","Daylight","Rear End","Wrong Side of Road","Other Motor Vehicle","N","N","N","N"
90127962,"N","Y","Injury (Other Visible)","N",2016,13.75,"Winter","N","N","Th","N","Y","Y","N","N","N","N","N","Daylight","Sideswipe","Pedestrian Right of Way","Other Motor Vehicle","N","N","N","N"
90127963,"N","N","Fatal","Y",2016,8.5,"Winter","AM","N","Tu","N","Y","Y","N","N","N","N","N","Daylight","Sideswipe","Improper Turning","Other Motor Vehicle","N","N","N","N"
90128183,"N","N","Fatal","Y",2016,6.66666666666667,"Winter","N","N","W","N","Y","Y","N","N","N","N","N","Daylight","Sideswipe","Automobile Right of Way","Other Motor Vehicle","N","N","N","N"
90128275,"N","Y","Injury (Complaint of Pain)","N",2016,8.33333333333333,"Winter","AM","N","Tu","N","Y","Y","N","N","N","N","N","Daylight","Sideswipe","Automobile Right of Way","Other Motor Vehicle","N","N","N","N"
90128345,"N","Y","Injury (Complaint of Pain)","N",2016,11.1666666666667,"Winter","N","N","Tu","N","Y","Y","N","N","N","N","N","Daylight","Sideswipe","Impeding Traffic","Other Motor Vehicle","N","N","N","N"
90128652,"N","N","Fatal","Y",2016,7.53333333333333,"Winter","AM","N","Tu","N","Y","Y","N","N","N","N","N","Daylight","Rear End","Wrong Side of Road","Other Motor Vehicle","N","N","N","N"
90129046,"N","Y","PDO (property damage only)","N",2016,19.3333333333333,"Winter","N","N","Su","N","Y","Y","N","N","N","N","N","Dark - Street Lights","Overturned","Pedestrian Right of Way","Non-Collision","N","N","N","N"
90129611,"N","Y","PDO (property damage only)","N",2016,6.16666666666667,"Winter","N","N","M","N","Y","Y","N","N","N","N","N","Dusk or Dawn","Sideswipe","Wrong Side of Road","Other Motor Vehicle","N","N","N","N"
90129873,"N","Y","PDO (property damage only)","N",2016,14.25,"Winter","N","N","M","N","Y","Y","N","N","N","N","N","Daylight","Rear End","Wrong Side of Road","Other Motor Vehicle","N","N","N","N"
90129923,"N","Y","PDO (property damage only)","N",2016,14.5,"Winter","N","N","Su","N","Y","Y","N","N","N","N","N","Daylight","Sideswipe","Automobile Right of Way","Other Motor Vehicle","N","N","N","N"
90130055,"N","N","Fatal","Y",2016,6.83333333333333,"Winter","N","N","M","N","Y","Y","N","N","N","N","N","Daylight","Rear End","Wrong Side of Road","Other Motor Vehicle","N","N","N","N"
90130115,"N","Y","Injury (Complaint of Pain)","N",2016,15.75,"Winter","N","N","Sa","N","Y","Y","N","N","N","N","N","Daylight","Sideswipe","Automobile Right of Way","Other Motor Vehicle","N","N","N","N"
90130473,"N","Y","Injury (Other Visible)","N",2016,4.9,"Winter","N","Y","F","N","Y","Y","N","N","N","N","N","Dark - Street Lights","Sideswipe","Unsafe Speed","Other Motor Vehicle","N","N","N","N"
90131166,"N","Y","PDO (property damage only)","N",2016,7.83333333333333,"Winter","AM","N","M","N","Y","N","Y","N","N","Y","N","Daylight","Sideswipe","Wrong Side of Road","Other Motor Vehicle","N","N","N","N"
90131327,"N","Y","PDO (property damage only)","N",2016,17.75,"Winter","PM","N","F","N","Y","Y","N","N","N","N","N","Dusk or Dawn","Overturned","Wrong Side of Road","Other Motor Vehicle","N","N","N","N"
90131921,"N","Y","PDO (property damage only)","N",2016,17.25,"Winter","PM","N","M","N","Y","Y","N","N","N","N","N","Dusk or Dawn","Rear End","Automobile Right of Way","Other Motor Vehicle","N","N","N","N"
90132807,"N","Y","Injury (Other Visible)","N",2016,14.9166666666667,"Winter","N","N","M","N","Y","Y","N","N","N","N","N","Daylight","Rear End","Automobile Right of Way","Other Motor Vehicle","N","N","N","N"
90133044,"N","N","Fatal","Y",2016,7.75,"Winter","AM","N","W","N","Y","Y","N","N","N","N","N","Daylight","Sideswipe","Automobile Right of Way","Other Motor Vehicle","N","N","N","N"
90133063,"N","N","Fatal","Y",2016,15.6666666666667,"Winter","PM","N","Th","N","Y","Y","N","N","N","N","N","Daylight","Sideswipe","Automobile Right of Way","Other Motor Vehicle","N","N","N","N"
90133275,"N","Y","PDO (property damage only)","N",2016,17.5,"Winter","PM","N","W","N","Y","Y","N","N","N","N","N","Daylight","Sideswipe","Automobile Right of Way","Other Motor Vehicle","N","N","N","N"
90134011,"N","Y","Injury (Other Visible)","N",2016,23.3333333333333,"Winter","N","Y","W","N","Y","Y","N","N","N","N","N","Dark - No Street Lights","Hit Object","Wrong Side of Road","Fixed Object","N","N","N","N"
90134146,"N","Y","Injury (Complaint of Pain)","N",2016,11.75,"Winter","N","N","Th","N","Y","Y","N","N","N","N","N","Daylight","Rear End","Wrong Side of Road","Other Motor Vehicle","N","N","N","N"
90134280,"N","Y","Injury (Complaint of Pain)","N",2016,9.5,"Winter","N","N","W","N","Y","Y","N","N","N","N","N","Daylight","Overturned","Wrong Side of Road","Non-Collision","N","N","N","N"
90134909,"N","Y","PDO (property damage only)","N",2016,8.75,"Winter","AM","N","M","N","Y","Y","N","N","N","N","N","Daylight","Sideswipe","Automobile Right of Way","Other Motor Vehicle","N","N","N","N"
90135155,"N","N","Fatal","Y",2016,9.23333333333333,"Winter","N","N","Tu","N","Y","Y","N","N","N","N","N","Daylight","Sideswipe","Pedestrian Right of Way","Other Motor Vehicle","N","N","N","N"
90135562,"N","Y","PDO (property damage only)","N",2016,8.75,"Winter","AM","N","Tu","N","Y","Y","N","N","N","N","N","Daylight","Sideswipe","Pedestrian Right of Way","Other Motor Vehicle","N","N","N","N"
90136157,"N","Y","Injury (Complaint of Pain)","N",2016,9.41666666666667,"Winter","N","N","Th","N","Y","Y","N","N","N","N","N","Daylight","Sideswipe","Automobile Right of Way","Other Motor Vehicle","N","N","N","N"
90136291,"N","Y","PDO (property damage only)","N",2016,16.1666666666667,"Winter","N","N","Su","N","Y","Y","N","N","N","N","N","Daylight","Rear End","Wrong Side of Road","Other Motor Vehicle","N","N","N","N"
90136415,"N","N","Fatal","Y",2016,22.5,"Winter","N","N","F","N","Y","Y","N","N","N","N","N","Dark - Street Lights","Rear End","Wrong Side of Road","Other Motor Vehicle","Y","N","N","N"
90136436,"N","Y","PDO (property damage only)","N",2016,18.8333333333333,"Winter","PM","N","F","N","Y","Y","N","N","N","N","N","Dark - Street Lights","Overturned","Pedestrian Right of Way","Fixed Object","N","N","N","N"
90136473,"N","Y","Injury (Other Visible)","N",2016,7.66666666666667,"Winter","AM","N","F","N","Y","Y","N","N","N","N","N","Daylight","Sideswipe","Automobile Right of Way","Other Motor Vehicle","N","N","N","N"
90137003,"N","Y","PDO (property damage only)","N",2016,8.75,"Winter","AM","N","F","N","Y","Y","N","N","N","N","N","Daylight","Sideswipe","Wrong Side of Road","Other Motor Vehicle","N","N","N","N"
90137561,"N","Y","Injury (Other Visible)","N",2016,8.83333333333333,"Winter","AM","N","Th","N","Y","Y","N","N","N","N","N","Daylight","Sideswipe","Automobile Right of Way","Other Motor Vehicle","N","N","N","N"
90137979,"N","Y","PDO (property damage only)","N",2016,8.1,"Winter","AM","N","Tu","N","Y","Y","N","N","N","N","N","Daylight","Overturned","Wrong Side of Road","Non-Collision","N","N","N","N"
90139851,"N","Y","PDO (property damage only)","N",2016,17.7666666666667,"Winter","PM","N","Th","N","Y","N","Y","N","N","N","N","Dusk or Dawn","Sideswipe","Automobile Right of Way","Other Motor Vehicle","N","N","N","N"
90139941,"N","N","Fatal","Y",2016,19.5,"Winter","N","N","Sa","N","Y","Y","N","N","N","N","N","Dark - No Street Lights","Hit Object","Pedestrian Right of Way","Fixed Object","N","N","N","N"
90140223,"N","Y","Injury (Complaint of Pain)","N",2016,19.8333333333333,"Winter","N","N","Th","N","Y","Y","N","N","N","N","N","Dark - No Street Lights","Sideswipe","Automobile Right of Way","Other Motor Vehicle","N","N","N","N"
90140372,"N","Y","Injury (Other Visible)","N",2016,7.41666666666667,"Spring","AM","N","F","N","Y","Y","N","N","N","N","N","Daylight","Hit Object","Wrong Side of Road","Other Motor Vehicle","N","N","N","N"
90140774,"N","Y","Injury (Complaint of Pain)","N",2016,17.5,"Winter","PM","N","W","N","Y","Y","N","N","N","N","N","Daylight","Overturned","Pedestrian Right of Way","Non-Collision","N","N","N","N"
90140844,"N","N","Fatal","Y",2016,15.9166666666667,"Winter","PM","N","Th","N","Y","Y","N","N","N","N","N","Daylight","Sideswipe","Automobile Right of Way","Other Motor Vehicle","N","N","N","N"
90142137,"N","Y","PDO (property damage only)","N",2016,8,"Winter","AM","N","Th","N","Y","Y","N","N","N","N","N","Daylight","Rear End","Automobile Right of Way","Other Motor Vehicle","N","N","N","N"
90142479,"N","N","Fatal","Y",2016,21.45,"Spring","N","N","W","N","Y","Y","N","N","N","N","N","Dark - Street Lights","Rear End","Wrong Side of Road","Other Motor Vehicle","N","N","N","N"
90142482,"N","N","Fatal","Y",2016,16.0333333333333,"Spring","PM","N","F","N","Y","Y","N","N","N","N","N","Daylight","Sideswipe","Wrong Side of Road","Other Motor Vehicle","N","N","N","N"
90142542,"N","Y","PDO (property damage only)","N",2016,15.5,"Winter","PM","N","Th","N","Y","Y","N","N","N","N","N","Daylight","Sideswipe","Pedestrian Right of Way","Other Motor Vehicle","N","N","N","N"
90143256,"N","N","Fatal","Y",2016,5.5,"Spring","N","N","Tu","N","Y","Y","N","N","N","N","N","Daylight","Rear End","Wrong Side of Road","Other Motor Vehicle","N","N","N","N"
90144413,"N","Y","Injury (Complaint of Pain)","N",2016,16.8333333333333,"Winter","PM","N","F","N","Y","Y","N","N","N","N","N","Daylight","Other","Automobile Right of Way","Non-Collision","N","N","N","N"
90144481,"N","Y","Injury (Complaint of Pain)","N",2016,7.5,"Winter","AM","N","Th","N","Y","Y","N","N","N","N","N","Daylight","Rear End","Automobile Right of Way","Other Motor Vehicle","N","N","N","N"
90144500,"N","Y","Injury (Complaint of Pain)","N",2016,7.66666666666667,"Spring","AM","N","W","N","Y","Y","N","N","N","N","N","Daylight","Sideswipe","Automobile Right of Way","Other Motor Vehicle","N","N","N","N"
90144697,"N","Y","PDO (property damage only)","N",2016,9.53333333333333,"Winter","N","N","W","N","Y","Y","N","N","N","N","N","Daylight","Sideswipe","Wrong Side of Road","Other Motor Vehicle","N","N","N","N"
90145239,"N","N","Fatal","Y",2016,15.8333333333333,"Winter","PM","N","F","N","Y","Y","N","N","N","N","N","Daylight","Sideswipe","Automobile Right of Way","Other Motor Vehicle","N","N","N","N"
90145482,"N","Y","Injury (Complaint of Pain)","N",2016,7.1,"Spring","AM","N","Th","N","Y","Y","N","N","N","N","N","Daylight","Sideswipe","Automobile Right of Way","Other Motor Vehicle","N","N","N","N"
90145768,"N","Y","Injury (Complaint of Pain)","N",2016,16.1666666666667,"Winter","PM","N","W","N","Y","Y","N","N","N","N","N","Daylight","Sideswipe","Automobile Right of Way","Other Motor Vehicle","N","N","N","N"
90146355,"Y","N","Injury (Severe)","Y",2016,19.2,"Winter","N","N","F","N","Y","Y","N","N","N","N","N","Dark - No Street Lights","Hit Object","Pedestrian Right of Way","Fixed Object","Y","N","N","N"
90148521,"N","Y","PDO (property damage only)","N",2016,15.6666666666667,"Winter","PM","N","W","N","Y","Y","N","N","N","N","N","Daylight","Sideswipe","Automobile Right of Way","Other Motor Vehicle","N","N","N","N"
90148565,"N","Y","Injury (Complaint of Pain)","N",2016,0.166666666666667,"Winter","N","Y","Su","N","Y","Y","N","N","N","N","N","Dark - No Street Lights","Overturned","Unsafe Speed","Fixed Object","Y","N","N","N"
90148686,"N","Y","PDO (property damage only)","N",2016,14.4166666666667,"Winter","N","N","Sa","N","Y","Y","N","N","N","N","N","Daylight","Overturned","Automobile Right of Way","Non-Collision","N","N","N","N"
90148714,"N","N","Fatal","Y",2016,11,"Spring","N","N","W","N","Y","Y","N","N","N","N","N","Daylight","Sideswipe","Automobile Right of Way","Other Motor Vehicle","N","N","N","N"
90149450,"N","Y","Injury (Complaint of Pain)","N",2016,14.3333333333333,"Spring","N","N","W","N","N","Y","N","N","N","N","N","Daylight","Overturned","Impeding Traffic","Fixed Object","N","N","N","N"
90149639,"N","Y","PDO (property damage only)","N",2016,11.6666666666667,"Winter","N","N","Sa","N","Y","Y","N","N","N","N","N","Daylight","Sideswipe","Pedestrian Right of Way","Other Motor Vehicle","N","N","N","N"
90149840,"N","Y","PDO (property damage only)","N",2016,0.916666666666667,"Spring","N","Y","Su","N","Y","Y","N","N","N","N","N","Dark - Street Lights","Hit Object","Pedestrian Right of Way","Fixed Object","N","N","N","N"
90151226,"N","N","Fatal","Y",2016,7.75,"Winter","AM","N","Tu","N","Y","Y","N","N","N","N","N","Daylight","Sideswipe","Impeding Traffic","Other Motor Vehicle","N","N","N","N"
90151434,"N","Y","PDO (property damage only)","N",2016,16.1666666666667,"Spring","PM","N","Th","N","Y","Y","N","N","N","N","N","Daylight","Sideswipe","Automobile Right of Way","Other Motor Vehicle","N","N","N","N"
90151573,"N","N","Fatal","Y",2016,16.6666666666667,"Spring","PM","N","Tu","N","Y","Y","N","N","N","N","N","Daylight","Sideswipe","Wrong Side of Road","Other Motor Vehicle","N","N","N","N"
90152521,"N","N","Fatal","Y",2016,15.9166666666667,"Spring","PM","N","Th","N","Y","Y","N","N","N","N","N","Daylight","Sideswipe","Pedestrian Right of Way","Other Motor Vehicle","N","N","N","N"
90152534,"N","Y","PDO (property damage only)","N",2016,8.75,"Spring","AM","N","Th","N","Y","Y","N","N","N","N","N","Daylight","Sideswipe","Automobile Right of Way","Other Motor Vehicle","N","N","N","N"
90152798,"N","Y","PDO (property damage only)","N",2016,11.2833333333333,"Spring","N","N","Th","N","Y","Y","N","N","N","N","N","Daylight","Rear End","Wrong Side of Road","Other Motor Vehicle","N","N","N","N"
90153539,"N","Y","PDO (property damage only)","N",2016,0.416666666666667,"Winter","N","Y","Su","N","Y","Y","N","N","N","N","Y","Dark - Street Lights","Hit Object","Wrong Side of Road","Other Object","N","N","N","N"
90153640,"N","Y","Injury (Complaint of Pain)","N",2016,0.666666666666667,"Winter","N","Y","F","N","Y","Y","N","N","N","N","N","Dark - No Street Lights","Rear End","Automobile Right of Way","Other Motor Vehicle","N","N","N","N"
90153997,"N","Y","Injury (Complaint of Pain)","N",2016,18,"Spring","PM","N","Tu","N","Y","Y","N","N","N","N","N","Daylight","Rear End","Wrong Side of Road","Other Motor Vehicle","N","N","N","N"
90154000,"N","Y","PDO (property damage only)","N",2016,8.58333333333333,"Spring","AM","N","W","N","Y","Y","N","N","N","N","N","Daylight","Sideswipe","Automobile Right of Way","Other Motor Vehicle","N","N","N","N"
90154018,"N","Y","PDO (property damage only)","N",2016,10.75,"Spring","N","N","Th","N","Y","Y","N","N","N","N","N","Daylight","Sideswipe","Automobile Right of Way","Other Motor Vehicle","N","N","N","N"
90154066,"N","Y","Injury (Complaint of Pain)","N",2016,23.05,"Winter","N","Y","M","N","Y","Y","N","N","N","N","N","Dark - Street Lights","Rear End","Pedestrian Right of Way","Other Motor Vehicle","N","N","N","N"
90154265,"N","Y","PDO (property damage only)","N",2016,14.5,"Winter","N","N","Su","N","Y","Y","N","N","N","N","N","Daylight","Hit Object","Wrong Side of Road","Non-Collision","N","N","N","N"
90154591,"N","Y","Injury (Complaint of Pain)","N",2016,18.4166666666667,"Winter","PM","N","M","N","Y","Y","N","N","N","N","N","Dusk or Dawn","Sideswipe","Automobile Right of Way","Other Motor Vehicle","N","N","N","N"
90154917,"N","N","Fatal","Y",2016,12.9166666666667,"Winter","N","N","Sa","N","Y","Y","N","N","N","N","N","Daylight","Overturned","Pedestrian Right of Way","Non-Collision","N","N","N","N"
90155206,"Y","N","Injury (Severe)","Y",2016,6.41666666666667,"Winter","N","N","Tu","N","Y","Y","N","N","N","N","N","Dusk or Dawn","Sideswipe","Code 19","Other Motor Vehicle","N","Y","N","N"
90155321,"N","Y","Injury (Complaint of Pain)","N",2016,18.5833333333333,"Spring","PM","N","W","N","Y","Y","N","N","N","N","N","Daylight","Sideswipe","Automobile Right of Way","Other Motor Vehicle","N","N","N","N"
90155698,"N","Y","Injury (Complaint of Pain)","N",2016,15.6666666666667,"Winter","PM","N","Th","N","Y","N","Y","N","N","N","N","Daylight","Sideswipe","Automobile Right of Way","Other Motor Vehicle","N","N","N","N"
90156442,"N","Y","Injury (Complaint of Pain)","N",2016,15.5833333333333,"Spring","PM","N","Tu","N","Y","Y","N","N","N","N","N","Daylight","Overturned","Wrong Side of Road","Non-Collision","N","N","N","N"
90156590,"N","Y","PDO (property damage only)","N",2016,17,"Winter","PM","N","M","N","Y","Y","N","N","N","N","N","Dark - Street Lights","Sideswipe","Automobile Right of Way","Other Motor Vehicle","N","N","N","N"
90157052,"N","Y","Injury (Complaint of Pain)","N",2016,17.0833333333333,"Winter","PM","N","F","N","Y","Y","N","N","N","N","N","Dark - Street Lights","Overturned","Pedestrian Right of Way","Non-Collision","N","N","N","N"
90157339,"N","Y","PDO (property damage only)","N",2016,17.75,"Spring","PM","N","Tu","N","Y","Y","N","N","N","N","N","Daylight","Sideswipe","Wrong Side of Road","Other Motor Vehicle","N","N","N","N"
90157416,"N","N","Fatal","Y",2016,13.5833333333333,"Spring","N","N","F","N","Y","N","N","Y","N","Y","N","Daylight","Sideswipe","Pedestrian Right of Way","Other Motor Vehicle","N","N","N","N"
90157680,"N","Y","PDO (property damage only)","N",2016,11.3333333333333,"Winter","N","N","W","N","Y","Y","N","N","N","N","N","Daylight","Sideswipe","Wrong Side of Road","Other Motor Vehicle","N","N","N","N"
90157855,"N","Y","PDO (property damage only)","N",2016,8.5,"Spring","AM","N","F","N","Y","Y","N","N","N","N","N","Daylight","Sideswipe","Automobile Right of Way","Other Motor Vehicle","N","N","N","N"
90157936,"N","Y","Injury (Complaint of Pain)","N",2016,18.8333333333333,"Winter","PM","N","Tu","N","Y","Y","N","N","N","N","N","Dark - Street Lights","Sideswipe","Impeding Traffic","Other Motor Vehicle","N","N","N","N"
90158929,"N","Y","Injury (Complaint of Pain)","N",2016,14.0833333333333,"Winter","N","N","Tu","N","Y","Y","N","N","N","N","N","Daylight","Overturned","Automobile Right of Way","Non-Collision","N","N","N","N"
90159089,"N","Y","PDO (property damage only)","N",2016,15.3333333333333,"Winter","PM","N","W","N","Y","Y","N","N","N","N","N","Daylight","Sideswipe","Automobile Right of Way","Other Motor Vehicle","N","N","N","N"
90159293,"Y","N","Injury (Severe)","Y",2016,19.75,"Spring","N","N","W","N","Y","Y","N","N","N","N","N","Dark - Street Lights","Hit Object","Pedestrian Right of Way","Fixed Object","N","N","N","N"
90159447,"N","Y","PDO (property damage only)","N",2016,11.3333333333333,"Spring","N","N","Su","N","N","Y","N","N","N","N","N","Daylight","Head-On","Unsafe Lane Change","Other Motor Vehicle","N","N","N","N"
90159544,"N","Y","Injury (Complaint of Pain)","N",2016,11.3,"Winter","N","N","F","N","Y","Y","N","N","N","N","N","Daylight","Rear End","Wrong Side of Road","Other Motor Vehicle","N","N","N","N"
90159745,"N","Y","PDO (property damage only)","N",2016,11.9166666666667,"Spring","N","N","Tu","N","Y","Y","N","N","N","N","N","Daylight","Hit Object","Pedestrian Right of Way","Fixed Object","N","N","N","N"
90160225,"N","Y","Injury (Complaint of Pain)","N",2016,10.3333333333333,"Spring","N","N","Tu","N","Y","Y","N","N","N","N","N","Daylight","Sideswipe","Automobile Right of Way","Other Motor Vehicle","N","N","N","N"
90161234,"N","Y","Injury (Complaint of Pain)","N",2016,7.75,"Spring","AM","N","Tu","N","Y","Y","N","N","N","N","N","Daylight","Sideswipe","Automobile Right of Way","Other Motor Vehicle","N","N","N","N"
90161301,"N","Y","Injury (Complaint of Pain)","N",2016,7.3,"Spring","AM","N","W","N","Y","Y","N","N","N","N","N","Daylight","Sideswipe","Automobile Right of Way","Other Motor Vehicle","N","N","N","N"
90161715,"N","Y","PDO (property damage only)","N",2016,18,"Spring","PM","N","W","N","Y","Y","N","N","N","N","N","Daylight","Sideswipe","Automobile Right of Way","Other Motor Vehicle","N","N","N","N"
90161889,"N","Y","PDO (property damage only)","N",2016,9.08333333333333,"Spring","N","N","F","N","Y","Y","N","N","Y","N","N","Daylight","Rear End","Wrong Side of Road","Other Motor Vehicle","N","N","N","N"
90162522,"N","Y","Injury (Complaint of Pain)","N",2016,8.21666666666667,"Spring","AM","N","W","N","Y","Y","N","N","N","N","N","Daylight","Overturned","Automobile Right of Way","Non-Collision","N","N","N","N"
90163217,"N","Y","Injury (Complaint of Pain)","N",2016,16.25,"Spring","PM","N","Tu","N","Y","Y","N","N","N","N","N","Daylight","Rear End","Impeding Traffic","Other Motor Vehicle","N","N","N","N"
90163287,"N","Y","Injury (Complaint of Pain)","N",2016,6.95,"Winter","N","N","Tu","N","Y","Y","N","N","N","N","N","Daylight","Sideswipe","Automobile Right of Way","Other Motor Vehicle","N","N","N","N"