"CASE_ID","mc_killed","mc_injured","collision_severity","severe","accident_year","hours_since_midnight","season","rush_hour","late_night","day_of_week","intersection","state_hwy_ind","w_clear","w_cloudy","w_rainy","w_other","road_not_dry","road_condition_issue","lighting","type_of_collision","pcf_viol_category","mviw","alcohol_involved","truck_accident","pedestrian_accident","bicycle_accident"
90230476,"N","Y","Injury (Complaint of Pain)","N",2016,16.3166666666667,"Spring","N","N","Su","N","Y","Y","N","N","N","N","N","Daylight","Rear End","Wrong Side of Road","Other Motor Vehicle","N","N","N","N"
90231003,"N","Y","PDO (property damage only)","N",2016,19.8333333333333,"Spring","N","N","Sa","N","Y","Y","N","N","N","N","N","Dark - Street Lights","Rear End","Pedestrian Right of Way","Other Motor Vehicle","N","N","N","N"
90231031,"N","Y","Injury (Other Visible)","N",2016,7.83333333333333,"Summer","AM","N","M","N","Y","Y","N","N","N","N","N","Daylight","Sideswipe","Wrong Side of Road","Other Motor Vehicle","N","N","N","N"
90231105,"N","N","Fatal","Y",2016,9.33333333333333,"Summer","N","N","M","N","Y","Y","N","N","N","N","N","Daylight","Overturned","Automobile Right of Way","Non-Collision","N","N","N","N"
90231257,"N","Y","PDO (property damage only)","N",2016,11.7333333333333,"Summer","N","N","Th","N","Y","Y","N","N","N","N","N","Daylight","Rear End","Automobile Right of Way","Other Motor Vehicle","N","N","N","N"
90231273,"N","Y","PDO (property damage only)","N",2016,7.5,"Summer","AM","N","M","N","Y","Y","N","N","N","N","N","Daylight","Sideswipe","Automobile Right of Way","Other Motor Vehicle","N","N","N","N"
90231361,"N","Y","Injury (Complaint of Pain)","N",2016,12.9166666666667,"Spring","N","N","W","N","Y","Y","N","N","N","N","N","Daylight","Sideswipe","Pedestrian Right of Way","Other Motor Vehicle","N","N","N","N"
90231846,"N","Y","Injury (Other Visible)","N",2016,14.75,"Summer","N","N","F","N","Y","Y","N","N","N","N","N","Daylight","Rear End","Automobile Right of Way","Motor Vehicle on Other Roadway","N","N","N","N"
90231910,"N","Y","Injury (Complaint of Pain)","N",2016,23.9166666666667,"Summer","N","Y","F","N","Y","Y","N","N","N","N","N","Dark - Street Lights","Overturned","Wrong Side of Road","Fixed Object","N","N","N","N"
90231939,"N","Y","Injury (Other Visible)","N",2016,16.75,"Summer","PM","N","F","N","Y","Y","N","N","N","N","N","Daylight","Sideswipe","Pedestrian Right of Way","Other Motor Vehicle","N","N","N","N"
90231984,"N","Y","PDO (property damage only)","N",2016,21.75,"Summer","N","N","Th","N","Y","Y","N","N","N","N","N","Dark - Street Lights","Rear End","Wrong Side of Road","Other Motor Vehicle","N","N","N","N"
90231992,"N","Y","Injury (Other Visible)","N",2016,16.0833333333333,"Summer","PM","N","F","N","Y","Y","N","N","N","N","N","Daylight","Broadside","Pedestrian Right of Way","Other Motor Vehicle","N","N","N","N"
90232526,"N","Y","Injury (Complaint of Pain)","N",2016,13.9166666666667,"Spring","N","N","Sa","N","Y","Y","N","N","N","N","N","Daylight","Sideswipe","Automobile Right of Way","Other Motor Vehicle","N","N","N","N"
90232625,"N","Y","Injury (Other Visible)","N",2016,12,"Summer","N","N","Su","N","N","Y","N","N","N","N","N","Daylight","Hit Object","Wrong Side of Road","Fixed Object","N","N","N","N"
90232743,"N","Y","Injury (Complaint of Pain)","N",2016,18.1666666666667,"Summer","N","N","Sa","N","Y","Y","N","N","N","N","N","Daylight","Sideswipe","Automobile Right of Way","Other Motor Vehicle","N","N","N","N"
90233089,"N","N","Fatal","Y",2016,8.33333333333333,"Summer","AM","N","Th","N","Y","Y","N","N","N","N","N","Daylight","Rear End","Wrong Side of Road","Other Motor Vehicle","Y","N","N","N"
90233504,"N","Y","PDO (property damage only)","N",2016,21,"Spring","N","N","Th","N","Y","Y","N","N","N","N","N","Dark - No Street Lights","Sideswipe","Automobile Right of Way","Other Motor Vehicle","N","Y","N","N"
90233713,"N","Y","Injury (Complaint of Pain)","N",2016,15.5,"Summer","PM","N","W","N","Y","Y","N","N","N","N","N","Daylight","Sideswipe","Wrong Side of Road","Other Motor Vehicle","N","N","N","N"
90233783,"N","Y","Injury (Complaint of Pain)","N",2016,6.33333333333333,"Summer","N","N","Su","N","Y","Y","N","N","N","N","N","Dusk or Dawn","Hit Object","Code 20","Other Object","N","N","N","N"
90233845,"N","Y","Injury (Complaint of Pain)","N",2016,12.8333333333333,"Summer","N","N","Tu","N","Y","Y","N","N","N","N","N","Daylight","Hit Object","Wrong Side of Road","Fixed Object","N","N","N","N"
90233879,"N","Y","Injury (Complaint of Pain)","N",2016,15.75,"Summer","PM","N","Tu","N","Y","Y","N","N","N","N","N","Daylight","Rear End","Wrong Side of Road","Other Motor Vehicle","N","N","N","N"
90233919,"N","Y","Injury (Complaint of Pain)","N",2016,18.1666666666667,"Summer","PM","N","F","N","Y","Y","N","N","N","N","N","Daylight","Sideswipe","Automobile Right of Way","Other Motor Vehicle","N","N","N","N"
90234243,"N","Y","PDO (property damage only)","N",2016,19.75,"Summer","N","N","Th","N","Y","Y","N","N","N","N","N","Dusk or Dawn","Rear End","Wrong Side of Road","Other Motor Vehicle","N","N","N","N"
90234408,"N","N","Fatal","Y",2016,15,"Summer","N","N","Sa","N","Y","Y","N","N","N","N","N","Daylight","Rear End","Wrong Side of Road","Other Motor Vehicle","Y","N","N","N"
90234571,"N","Y","PDO (property damage only)","N",2016,15.8333333333333,"Spring","PM","N","F","N","Y","Y","N","N","N","N","N","Daylight","Rear End","Automobile Right of Way","Other Motor Vehicle","N","N","N","N"
90234691,"N","Y","PDO (property damage only)","N",2016,16.75,"Summer","PM","N","F","N","Y","Y","N","N","N","N","N","Daylight","Sideswipe","Automobile Right of Way","Other Motor Vehicle","N","N","N","N"
90234717,"N","Y","Injury (Complaint of Pain)","N",2016,4.83333333333333,"Summer","N","Y","W","N","Y","Y","N","N","N","N","N","Dark - No Street Lights","Overturned","Wrong Side of Road","Other Object","N","N","N","N"
90234938,"N","Y","Injury (Complaint of Pain)","N",2016,17.5833333333333,"Summer","PM","N","M","N","Y","Y","N","N","N","N","N","Daylight","Rear End","Automobile Right of Way","Other Motor Vehicle","N","N","N","N"
90235767,"N","Y","Injury (Complaint of Pain)","N",2016,18.6666666666667,"Summer","N","N","Sa","N","Y","Y","N","N","N","N","N","Dark - No Street Lights","Rear End","Pedestrian Right of Way","Other Motor Vehicle","N","N","N","N"
90235881,"N","Y","Injury (Complaint of Pain)","N",2016,7.91666666666667,"Summer","AM","N","Th","N","Y","Y","N","N","N","N","N","Daylight","Sideswipe","Automobile Right of Way","Other Motor Vehicle","N","N","N","N"
90236125,"N","Y","Injury (Other Visible)","N",2016,16.75,"Summer","PM","N","Th","N","Y","Y","N","N","N","N","N","Daylight","Overturned","Automobile Right of Way","Non-Collision","Y","N","N","N"
90236577,"N","Y","Injury (Complaint of Pain)","N",2016,0.833333333333333,"Summer","N","Y","Tu","N","Y","Y","N","N","N","N","N","Dark - Street Lights","Rear End","Unsafe Speed","Other Motor Vehicle","Y","N","N","N"
90236706,"N","Y","PDO (property damage only)","N",2016,21.75,"Spring","N","N","Sa","N","Y","Y","N","N","N","N","N","Dark - Street Lights","Rear End","Wrong Side of Road","Other Motor Vehicle","N","N","N","N"
90236739,"N","N","Fatal","Y",2016,11.1666666666667,"Summer","N","N","F","N","Y","Y","N","N","N","N","N","Daylight","Sideswipe","Pedestrian Right of Way","Other Motor Vehicle","N","N","N","N"
90236914,"N","Y","Injury (Complaint of Pain)","N",2016,18.9166666666667,"Spring","PM","N","M","N","Y","Y","N","N","N","N","N","Daylight","Sideswipe","Automobile Right of Way","Other Motor Vehicle","N","N","N","N"
90237083,"N","N","Fatal","Y",2016,9.16666666666667,"Summer","N","N","F","N","Y","Y","N","N","N","N","N","Daylight","Sideswipe","Automobile Right of Way","Other Motor Vehicle","N","N","N","N"
90237085,"N","Y","Injury (Complaint of Pain)","N",2016,12.6666666666667,"Summer","N","N","F","N","Y","Y","N","N","N","N","N","Daylight","Overturned","Wrong Side of Road","Non-Collision","N","N","N","N"
90237107,"N","N","Fatal","Y",2016,16.6666666666667,"Summer","PM","N","W","N","Y","Y","N","N","N","N","N","Daylight","Sideswipe","Wrong Side of Road","Other Motor Vehicle","N","N","N","N"
90237307,"N","N","Fatal","Y",2016,8.41666666666667,"Summer","AM","N","W","N","Y","Y","N","N","N","N","N","Daylight","Sideswipe","Automobile Right of Way","Other Motor Vehicle","N","N","N","N"
90237333,"N","Y","PDO (property damage only)","N",2016,8.08333333333333,"Summer","AM","N","W","N","Y","Y","N","N","N","N","N","Daylight","Hit Object","Wrong Side of Road","Fixed Object","N","N","N","N"
90237389,"N","Y","Injury (Complaint of Pain)","N",2016,20.5,"Summer","N","N","M","N","Y","Y","N","N","N","N","N","Dark - Street Lights","Sideswipe","Wrong Side of Road","Other Motor Vehicle","N","N","N","N"
90238101,"N","Y","PDO (property damage only)","N",2016,18.5666666666667,"Spring","N","N","Sa","N","Y","Y","N","N","N","N","N","Daylight","Sideswipe","Automobile Right of Way","Other Motor Vehicle","N","N","N","N"
90238103,"N","Y","Injury (Other Visible)","N",2016,19.8333333333333,"Spring","N","N","Sa","N","Y","Y","N","N","N","N","N","Dark - Street Lights","Sideswipe","Automobile Right of Way","Other Motor Vehicle","N","N","N","N"
90238179,"N","Y","Injury (Complaint of Pain)","N",2016,14,"Summer","N","N","Th","N","Y","Y","N","N","N","N","N","Daylight","Overturned","Wrong Side of Road","Non-Collision","N","N","N","N"
90238198,"N","Y","Injury (Complaint of Pain)","N",2016,3.66666666666667,"Summer","N","Y","Sa","N","Y","Y","N","N","N","N","N","Dark - Street Lights","Hit Object","Pedestrian Right of Way","Fixed Object","N","N","N","N"
90238225,"N","Y","Injury (Complaint of Pain)","N",2016,18.6666666666667,"Summer","N","N","Sa","N","Y","Y","N","N","N","N","N","Daylight","Hit Object","Pedestrian Right of Way","Fixed Object","N","N","N","N"
90238494,"N","Y","Injury (Complaint of Pain)","N",2016,21.1666666666667,"Summer","N","N","Tu","N","Y","Y","N","N","N","N","N","Dark - No Street Lights","Hit Object","Pedestrian Right of Way","Fixed Object","N","N","N","N"
90238528,"N","Y","Injury (Complaint of Pain)","N",2016,21.9166666666667,"Summer","N","N","Tu","N","Y","Y","N","N","N","N","N","Dark - No Street Lights","Hit Object","Automobile Right of Way","Fixed Object","N","N","N","N"
90238561,"N","Y","Injury (Complaint of Pain)","N",2016,18.0833333333333,"Summer","N","N","Su","N","Y","Y","N","N","N","N","N","Daylight","Sideswipe","Pedestrian Right of Way","Other Motor Vehicle","N","N","N","N"
90238577,"N","N","Fatal","Y",2016,8.25,"Spring","AM","N","M","N","Y","Y","N","N","N","N","N","Daylight","Rear End","Automobile Right of Way","Other Motor Vehicle","N","N","N","N"
90238605,"N","Y","PDO (property damage only)","N",2016,9.33333333333333,"Summer","N","N","W","N","Y","Y","N","N","N","N","N","Daylight","Sideswipe","Improper Turning","Other Motor Vehicle","N","N","N","N"
90238942,"N","Y","PDO (property damage only)","N",2016,6.66666666666667,"Summer","N","N","Tu","N","Y","Y","N","N","N","N","N","Daylight","Sideswipe","Improper Turning","Other Motor Vehicle","N","N","N","N"
90238954,"N","N","Fatal","Y",2016,13.8,"Summer","N","N","F","N","Y","Y","N","N","N","N","N","Daylight","Sideswipe","Wrong Side of Road","Other Motor Vehicle","N","Y","N","N"
90239030,"N","Y","Injury (Complaint of Pain)","N",2016,0.416666666666667,"Summer","N","Y","Su","N","Y","Y","N","N","N","N","N","Dark - Street Lights","Hit Object","Pedestrian Right of Way","Fixed Object","N","N","N","N"
90239268,"N","Y","PDO (property damage only)","N",2016,19.75,"Summer","N","N","Sa","N","Y","Y","N","N","N","N","N","Daylight","Rear End","Wrong Side of Road","Other Motor Vehicle","N","N","N","N"
90239375,"N","N","Fatal","Y",2016,17.5833333333333,"Summer","PM","N","W","N","Y","Y","N","N","N","N","N","Daylight","Rear End","Wrong Side of Road","Other Motor Vehicle","N","N","N","N"
90239663,"N","Y","Injury (Other Visible)","N",2016,9.75,"Summer","N","N","W","N","Y","Y","N","N","N","N","N","Daylight","Sideswipe","Automobile Right of Way","Other Motor Vehicle","N","N","N","N"
90239702,"N","Y","Injury (Complaint of Pain)","N",2016,10.25,"Summer","N","N","Sa","N","Y","Y","N","N","N","N","N","Daylight","Overturned","Wrong Side of Road","Fixed Object","N","N","N","N"
90240687,"N","Y","Injury (Complaint of Pain)","N",2016,6.75,"Summer","N","N","F","N","Y","Y","N","N","N","N","N","Daylight","Rear End","Pedestrian Right of Way","Other Motor Vehicle","N","N","N","N"
90240799,"N","Y","PDO (property damage only)","N",2016,13.6833333333333,"Summer","N","N","Sa","N","Y","Y","N","N","N","N","N","Daylight","Rear End","Wrong Side of Road","Other Motor Vehicle","N","N","N","N"
90241966,"N","N","Fatal","Y",2016,15.8333333333333,"Summer","PM","N","M","N","Y","Y","N","N","N","N","N","Daylight","Sideswipe","Wrong Side of Road","Other Motor Vehicle","N","N","N","N"
90242108,"N","Y","PDO (property damage only)","N",2016,14.75,"Summer","N","N","Tu","N","Y","Y","N","N","N","N","N","Daylight","Sideswipe","Wrong Side of Road","Other Motor Vehicle","N","N","N","N"
90242192,"N","Y","Injury (Other Visible)","N",2016,16.25,"Summer","PM","N","Th","N","N","Y","N","N","N","N","N","Daylight","Hit Object","Wrong Side of Road","Fixed Object","N","N","N","N"
90242279,"N","Y","PDO (property damage only)","N",2016,12.9666666666667,"Summer","N","N","Su","N","Y","Y","N","N","N","N","N","Daylight","Rear End","Wrong Side of Road","Other Motor Vehicle","N","N","N","N"
90243132,"N","Y","PDO (property damage only)","N",2016,19.25,"Summer","N","N","W","N","Y","Y","N","N","N","N","N","Daylight","Sideswipe","Automobile Right of Way","Other Motor Vehicle","N","N","N","N"
90243201,"N","N","Fatal","Y",2016,16.1666666666667,"Summer","N","N","Su","N","Y","Y","N","N","N","N","N","Daylight","Overturned","Wrong Side of Road","Non-Collision","N","N","N","N"
90243234,"N","N","Fatal","Y",2016,16.1833333333333,"Summer","N","N","Su","N","Y","Y","N","N","N","N","N","Daylight","Hit Object","Wrong Side of Road","Fixed Object","N","N","N","N"
90243253,"N","Y","PDO (property damage only)","N",2016,16.2,"Summer","N","N","Su","N","Y","Y","N","N","N","N","N","Daylight","Hit Object","Wrong Side of Road","Fixed Object","N","N","N","N"
90243670,"N","Y","PDO (property damage only)","N",2016,17.05,"Summer","PM","N","W","N","Y","Y","N","N","N","N","N","Daylight","Sideswipe","Automobile Right of Way","Other Motor Vehicle","N","N","N","N"
90243756,"N","Y","Injury (Complaint of Pain)","N",2016,15.6666666666667,"Summer","N","N","Sa","N","Y","Y","N","N","N","N","N","Daylight","Rear End","Wrong Side of Road","Other Motor Vehicle","N","N","N","N"
90244010,"N","N","Fatal","Y",2016,17.75,"Summer","PM","N","Th","N","Y","Y","N","N","N","N","N","Daylight","Sideswipe","Pedestrian Right of Way","Other Motor Vehicle","N","N","N","N"
90244243,"N","Y","Injury (Complaint of Pain)","N",2016,14.5,"Summer","N","N","Sa","N","Y","Y","N","N","N","N","N","Daylight","Hit Object","Wrong Side of Road","Fixed Object","N","N","N","N"
90244357,"N","Y","PDO (property damage only)","N",2016,11.05,"Summer","N","N","F","N","Y","Y","N","N","N","N","N","Daylight","Overturned","Wrong Side of Road","Non-Collision","N","N","N","N"
90245068,"N","Y","Injury (Complaint of Pain)","N",2016,11.1666666666667,"Summer","N","N","Su","N","Y","Y","N","N","N","N","N","Daylight","Overturned","Wrong Side of Road","Non-Collision","N","N","N","N"
90245422,"N","Y","Injury (Complaint of Pain)","N",2016,7,"Summer","AM","N","M","N","Y","Y","N","N","N","N","N","Daylight","Rear End","Automobile Right of Way","Other Motor Vehicle","N","N","N","N"
90245740,"N","Y","Injury (Other Visible)","N",2016,6.75,"Summer","N","N","Th","N","Y","Y","N","N","N","N","N","Daylight","Sideswipe","Automobile Right of Way","Other Motor Vehicle","N","N","N","N"
90245950,"N","Y","Injury (Complaint of Pain)","N",2016,17.8333333333333,"Summer","PM","N","Th","N","Y","Y","N","N","N","N","N","Daylight","Overturned","Impeding Traffic","Non-Collision","N","N","N","N"
90245973,"N","Y","Injury (Complaint of Pain)","N",2016,16.1666666666667,"Summer","PM","N","F","N","Y","Y","N","N","N","N","N","Daylight","Overturned","Pedestrian Right of Way","Non-Collision","N","N","N","N"
90247244,"N","Y","Injury (Complaint of Pain)","N",2016,17.1666666666667,"Summer","PM","N","Tu","N","Y","Y","N","N","N","N","N","Daylight","Hit Object","Wrong Side of Road","Fixed Object","N","N","N","N"
90247617,"N","Y","Injury (Complaint of Pain)","N",2016,7,"Summer","AM","N","Tu","N","Y","Y","N","N","N","N","N","Daylight","Rear End","Wrong Side of Road","Other Motor Vehicle","N","N","N","N"
90247862,"N","N","Fatal","Y",2016,20.5833333333333,"Summer","N","N","Su","N","Y","Y","N","N","N","N","N","Dark - No Street Lights","Rear End","Wrong Side of Road","Other Motor Vehicle","N","N","N","N"
90248091,"N","Y","Injury (Complaint of Pain)","N",2016,7.33333333333333,"Summer","AM","N","Th","N","Y","Y","N","N","N","N","N","Daylight","Rear End","Pedestrian Right of Way","Other Motor Vehicle","N","N","N","N"
90248119,"N","Y","PDO (property damage only)","N",2016,16.1666666666667,"Summer","PM","N","W","N","Y","Y","N","N","N","N","N","Daylight","Sideswipe","Wrong Side of Road","Other Motor Vehicle","N","N","N","N"
90248120,"N","Y","PDO (property damage only)","N",2016,17.75,"Summer","PM","N","Tu","N","Y","Y","N","N","N","N","N","Daylight","Sideswipe","Automobile Right of Way","Other Motor Vehicle","N","N","N","N"
90248133,"N","N","Fatal","Y",2016,10.9166666666667,"Summer","N","N","W","N","Y","Y","N","N","N","N","N","Daylight","Rear End","Automobile Right of Way","Other Motor Vehicle","N","N","N","N"
90248985,"N","Y","Injury (Other Visible)","N",2016,22.5833333333333,"Summer","N","N","F","N","Y","Y","N","N","N","N","N","Dark - Street Lights","Hit Object","Pedestrian Right of Way","Fixed Object","N","N","N","N"
90249019,"N","Y","PDO (property damage only)","N",2016,8.91666666666667,"Summer","AM","N","F","N","Y","N","Y","N","N","N","N","Daylight","Sideswipe","Automobile Right of Way","Other Motor Vehicle","N","N","N","N"
90249227,"N","Y","Injury (Complaint of Pain)","N",2016,17.6666666666667,"Summer","PM","N","F","N","Y","Y","N","N","N","N","N","Daylight","Sideswipe","Pedestrian Right of Way","Other Motor Vehicle","N","N","N","N"
90249574,"N","Y","PDO (property damage only)","N",2016,9.58333333333333,"Summer","N","N","F","N","Y","Y","N","N","N","N","N","Daylight","Rear End","Automobile Right of Way","Other Motor Vehicle","N","Y","N","N"
90249884,"Y","N","Injury (Severe)","Y",2016,10.2333333333333,"Winter","N","N","F","N","Y","Y","N","N","N","N","N","Daylight","Rear End","Wrong Side of Road","Other Motor Vehicle","N","Y","N","N"
90250331,"N","Y","Injury (Complaint of Pain)","N",2016,20.3166666666667,"Summer","N","N","Su","N","Y","Y","N","N","N","N","N","Dark - Street Lights","Rear End","Unsafe Speed","Other Motor Vehicle","Y","N","N","N"
90250408,"N","Y","PDO (property damage only)","N",2016,18.5166666666667,"Summer","PM","N","M","N","Y","Y","N","N","N","N","N","Daylight","Rear End","Wrong Side of Road","Other Motor Vehicle","N","N","N","N"
90250515,"N","N","Fatal","Y",2016,15.3333333333333,"Summer","PM","N","W","N","Y","Y","N","N","N","N","N","Daylight","Sideswipe","Wrong Side of Road","Other Motor Vehicle","N","N","N","N"
90250530,"N","Y","PDO (property damage only)","N",2016,14.75,"Summer","N","N","Th","N","Y","Y","N","N","N","N","N","Daylight","Overturned","Wrong Side of Road","Fixed Object","N","N","N","N"
90250836,"N","N","Fatal","Y",2016,15.75,"Summer","N","N","Sa","N","Y","Y","N","N","N","N","N","Daylight","Sideswipe","Pedestrian Right of Way","Other Motor Vehicle","N","N","N","N"
90251315,"N","N","Fatal","Y",2016,15.3333333333333,"Summer","PM","N","Tu","N","Y","Y","N","N","N","N","N","Daylight","Rear End","Automobile Right of Way","Other Motor Vehicle","N","N","N","N"
90251531,"N","Y","PDO (property damage only)","N",2016,8.33333333333333,"Summer","AM","N","Tu","N","Y","Y","N","N","N","N","N","Daylight","Overturned","Automobile Right of Way","Non-Collision","N","N","N","N"
90251738,"N","Y","PDO (property damage only)","N",2016,22.1666666666667,"Summer","N","N","Su","N","Y","Y","N","N","N","N","N","Dark - Street Lights","Overturned","Pedestrian Right of Way","Non-Collision","Y","N","N","N"
90251861,"N","Y","Injury (Complaint of Pain)","N",2016,19.5833333333333,"Summer","N","N","W","N","Y","Y","N","N","N","N","N","Dusk or Dawn","Overturned","Automobile Right of Way","Non-Collision","N","N","N","N"
90251956,"N","Y","Injury (Complaint of Pain)","N",2016,14.8333333333333,"Summer","N","N","Tu","N","Y","Y","N","N","N","N","N","Daylight","Sideswipe","Automobile Right of Way","Other Motor Vehicle","N","N","N","N"
90251981,"N","Y","Injury (Complaint of Pain)","N",2016,15.1666666666667,"Summer","PM","N","W","N","Y","Y","N","N","N","N","N","Daylight","Rear End","Wrong Side of Road","Other Motor Vehicle","N","N","N","N"
90252213,"N","Y","Injury (Complaint of Pain)","N",2016,15.4166666666667,"Summer","PM","N","Tu","N","Y","Y","N","N","N","N","N","Daylight","Rear End","Improper Passing","Other Motor Vehicle","N","N","N","N"
90252240,"N","Y","PDO (property damage only)","N",2016,20.9833333333333,"Summer","N","N","W","N","Y","Y","N","N","N","N","N","Dark - Street Lights","Sideswipe","Automobile Right of Way","Other Motor Vehicle","N","N","N","N"
90252263,"N","N","Fatal","Y",2016,16.8333333333333,"Summer","PM","N","Th","N","Y","Y","N","N","N","N","N","Daylight","Sideswipe","Automobile Right of Way","Other Motor Vehicle","N","N","N","N"
90252767,"N","Y","PDO (property damage only)","N",2016,18.3333333333333,"Summer","PM","N","Tu","N","Y","N","Y","N","N","N","N","Daylight","Sideswipe","Wrong Side of Road","Other Motor Vehicle","N","N","N","N"
90252876,"N","N","Injury (Complaint of Pain)","N",2016,18.6666666666667,"Summer","PM","N","M","N","Y","Y","N","N","N","N","N","Daylight","Sideswipe","Pedestrian Right of Way","Other Motor Vehicle","N","N","N","N"
90253193,"N","N","Fatal","Y",2016,9.33333333333333,"Summer","N","N","W","N","Y","Y","N","N","N","N","N","Daylight","Sideswipe","Pedestrian Right of Way","Other Motor Vehicle","N","N","N","N"
90254283,"N","Y","Injury (Other Visible)","N",2016,12.7166666666667,"Summer","N","N","Sa","N","Y","Y","N","N","N","N","N","Daylight","Broadside","Impeding Traffic","Other Motor Vehicle","N","N","N","N"
90254597,"N","Y","Injury (Other Visible)","N",2016,6.58333333333333,"Summer","N","N","Tu","N","Y","Y","N","N","N","N","N","Daylight","Sideswipe","Automobile Right of Way","Other Motor Vehicle","N","N","N","N"
90254753,"N","Y","Injury (Complaint of Pain)","N",2016,19.8333333333333,"Summer","N","N","Tu","N","Y","Y","N","N","N","N","N","Dusk or Dawn","Rear End","Wrong Side of Road","Other Motor Vehicle","N","N","N","N"
90255152,"N","Y","PDO (property damage only)","N",2016,19,"Summer","PM","N","F","N","Y","Y","N","N","N","N","N","Dark - Street Lights","Sideswipe","Automobile Right of Way","Other Motor Vehicle","N","N","N","N"
90256160,"N","N","Fatal","Y",2016,2.21666666666667,"Summer","N","Y","Su","Y","N","Y","N","N","N","N","N","Dark - Street Lights","Overturned","Pedestrian Right of Way","Non-Collision","N","N","N","N"
90256322,"N","Y","Injury (Complaint of Pain)","N",2016,8.25,"Summer","AM","N","W","N","Y","Y","N","N","N","N","N","Daylight","Sideswipe","Automobile Right of Way","Other Motor Vehicle","N","N","N","N"
90256712,"N","Y","PDO (property damage only)","N",2016,8.33333333333333,"Summer","AM","N","Tu","Y","N","Y","N","N","N","N","N","Daylight","Broadside","Pedestrian Violation","Other Motor Vehicle","N","N","N","N"
90256789,"N","Y","Injury (Other Visible)","N",2016,19.3333333333333,"Summer","N","N","Tu","N","Y","Y","N","N","N","N","N","Daylight","Overturned","Automobile Right of Way","Non-Collision","N","N","N","N"
90257033,"N","N","Fatal","Y",2016,18.0166666666667,"Summer","PM","N","F","N","Y","Y","N","N","N","N","N","Daylight","Rear End","Automobile Right of Way","Other Motor Vehicle","N","N","N","N"
90257855,"N","Y","Injury (Complaint of Pain)","N",2016,9.25,"Summer","N","N","W","N","Y","Y","N","N","N","N","N","Daylight","Overturned","Wrong Side of Road","Non-Collision","N","N","N","N"
90258206,"N","Y","Injury (Complaint of Pain)","N",2016,16.6166666666667,"Summer","PM","N","Tu","N","Y","Y","N","N","N","N","N","Daylight","Rear End","Wrong Side of Road","Other Motor Vehicle","N","N","N","N"
90258415,"N","Y","PDO (property damage only)","N",2016,10.4166666666667,"Summer","N","N","Su","N","Y","Y","N","N","N","N","N","Daylight","Sideswipe","Wrong Side of Road","Other Motor Vehicle","N","N","N","N"
90258425,"N","N","Fatal","Y",2016,22,"Summer","N","N","Su","N","Y","Y","N","N","N","N","N","Dark - Street Lights","Sideswipe","Automobile Right of Way","Other Motor Vehicle","N","N","N","N"
90258990,"N","Y","Injury (Complaint of Pain)","N",2016,18.8333333333333,"Summer","PM","N","Tu","N","Y","Y","N","N","N","N","N","Dusk or Dawn","Rear End","Wrong Side of Road","Other Motor Vehicle","N","N","N","N"
90259322,"N","N","Fatal","Y",2016,12.75,"Summer","N","N","Tu","N","Y","Y","N","N","N","N","N","Daylight","Sideswipe","Automobile Right of Way","Other Motor Vehicle","N","N","N","N"
90259568,"N","Y","Injury (Complaint of Pain)","N",2016,17.8333333333333,"Summer","PM","N","F","N","Y","Y","N","N","N","N","N","Daylight","Sideswipe","Automobile Right of Way","Other Motor Vehicle","N","N","N","N"
90259651,"N","Y","Injury (Complaint of Pain)","N",2016,10.75,"Summer","N","N","Tu","N","Y","Y","N","N","N","N","N","Daylight","Sideswipe","Automobile Right of Way","Other Motor Vehicle","N","Y","N","N"
90260192,"N","Y","Injury (Complaint of Pain)","N",2016,8.91666666666667,"Summer","AM","N","W","N","Y","Y","N","N","N","N","N","Daylight","Rear End","Automobile Right of Way","Other Motor Vehicle","N","N","N","N"
90260195,"N","Y","PDO (property damage only)","N",2016,7.33333333333333,"Summer","AM","N","Th","N","Y","Y","N","N","N","N","N","Daylight","Sideswipe","Impeding Traffic","Other Motor Vehicle","N","N","N","N"
90260238,"N","Y","PDO (property damage only)","N",2016,14.1666666666667,"Summer","N","N","F","N","Y","Y","N","N","N","N","N","Daylight","Rear End","Wrong Side of Road","Other Motor Vehicle","N","N","N","N"
90260347,"N","N","Fatal","Y",2016,17.8333333333333,"Summer","PM","N","F","N","Y","Y","N","N","N","N","N","Daylight","Overturned","Wrong Side of Road","Non-Collision","N","N","N","N"
90260425,"N","Y","PDO (property damage only)","N",2016,6.66666666666667,"Summer","N","N","Tu","N","Y","Y","N","N","N","N","N","Daylight","Rear End","Automobile Right of Way","Other Motor Vehicle","N","N","N","N"
90260458,"N","N","Fatal","Y",2016,14.75,"Summer","N","N","F","N","Y","Y","N","N","N","N","N","Daylight","Sideswipe","Impeding Traffic","Other Motor Vehicle","N","N","N","N"
90260846,"N","N","Fatal","Y",2016,14.5,"Summer","N","N","Tu","N","Y","Y","N","N","N","N","N","Daylight","Sideswipe","Impeding Traffic","Other Motor Vehicle","N","N","N","N"
90261022,"N","Y","Injury (Complaint of Pain)","N",2016,6.58333333333333,"Summer","N","N","Tu","N","Y","Y","N","N","N","N","N","Daylight","Hit Object","Pedestrian Right of Way","Fixed Object","N","N","N","N"
90261175,"N","Y","Injury (Complaint of Pain)","N",2016,19.8333333333333,"Summer","N","N","F","N","Y","Y","N","N","N","N","N","Dark - Street Lights","Sideswipe","Pedestrian Right of Way","Other Motor Vehicle","N","N","N","N"