"CASE_ID","mc_killed","mc_injured","collision_severity","severe","accident_year","hours_since_midnight","season","rush_hour","late_night","day_of_week","intersection","state_hwy_ind","w_clear","w_cloudy","w_rainy","w_other","road_not_dry","road_condition_issue","lighting","type_of_collision","pcf_viol_category","mviw","alcohol_involved","truck_accident","pedestrian_accident","bicycle_accident"
90342903,"N","Y","PDO (property damage only)","N",2016,7.83333333333333,"Fall","AM","N","F","N","Y","Y","N","N","N","N","N","Daylight","Overturned","Wrong Side of Road","Non-Collision","N","N","N","N"
90343047,"N","N","Fatal","Y",2016,16.95,"Fall","PM","N","F","N","Y","N","Y","N","N","N","N","Dusk or Dawn","Sideswipe","Pedestrian Right of Way","Other Motor Vehicle","N","N","N","N"
90343417,"N","Y","Injury (Complaint of Pain)","N",2016,9.46666666666667,"Fall","N","N","W","N","Y","Y","N","N","N","N","N","Daylight","Rear End","Automobile Right of Way","Other Motor Vehicle","N","N","N","N"
90343751,"N","Y","PDO (property damage only)","N",2016,19,"Fall","PM","N","F","N","Y","Y","N","N","N","N","N","Dark - No Street Lights","Sideswipe","Pedestrian Right of Way","Other Motor Vehicle","N","N","N","N"
90345545,"N","Y","PDO (property damage only)","N",2016,17.5,"Fall","PM","N","Tu","N","Y","Y","N","N","N","N","N","Dark - Street Lights","Rear End","Pedestrian Right of Way","Other Motor Vehicle","N","N","N","N"
90346409,"N","Y","PDO (property damage only)","N",2016,8,"Fall","AM","N","Th","N","Y","Y","N","N","N","N","N","Daylight","Rear End","Automobile Right of Way","Other Motor Vehicle","N","N","N","N"
90347322,"N","Y","Injury (Complaint of Pain)","N",2016,3.16666666666667,"Fall","N","Y","M","N","Y","N","Y","N","N","N","N","Dark - Street Lights","Overturned","Wrong Side of Road","Non-Collision","N","N","N","N"
90347324,"N","Y","PDO (property damage only)","N",2016,12.25,"Fall","N","N","Su","N","Y","N","Y","N","N","N","N","Daylight","Rear End","Automobile Right of Way","Other Motor Vehicle","N","N","N","N"
90347664,"N","N","Fatal","Y",2016,16.75,"Fall","PM","N","F","N","Y","Y","N","N","N","N","N","Dusk or Dawn","Sideswipe","Wrong Side of Road","Other Motor Vehicle","N","N","N","N"
90347864,"Y","N","Injury (Severe)","Y",2016,18.55,"Fall","PM","N","M","N","Y","Y","N","N","N","N","N","Dark - No Street Lights","Overturned","Wrong Side of Road","Non-Collision","N","N","N","N"
90348545,"N","Y","Injury (Complaint of Pain)","N",2016,17.7833333333333,"Fall","PM","N","F","N","Y","Y","N","N","N","N","N","Dark - No Street Lights","Sideswipe","Automobile Right of Way","Other Motor Vehicle","N","N","N","N"
90348895,"N","Y","Injury (Complaint of Pain)","N",2016,17.1666666666667,"Fall","N","N","Sa","N","Y","Y","N","N","N","N","N","Dark - Street Lights","Sideswipe","Automobile Right of Way","Other Motor Vehicle","N","N","N","N"
90349140,"N","Y","PDO (property damage only)","N",2016,12.25,"Fall","N","N","W","N","Y","Y","N","N","N","N","N","Daylight","Rear End","Wrong Side of Road","Other Motor Vehicle","N","N","N","N"
90350562,"N","N","Fatal","Y",2016,21.0833333333333,"Fall","N","N","F","N","Y","Y","N","N","N","N","N","Dark - Street Lights","Rear End","Automobile Right of Way","Other Motor Vehicle","N","N","N","N"
90352657,"N","N","Fatal","Y",2016,15.2666666666667,"Fall","PM","N","F","N","Y","Y","N","N","N","N","N","Daylight","Rear End","Wrong Side of Road","Other Motor Vehicle","N","N","N","N"
90353411,"N","Y","Injury (Complaint of Pain)","N",2016,21,"Fall","N","N","Su","N","Y","Y","N","N","N","N","N","Dark - Street Lights","Overturned","Unsafe Speed","Non-Collision","Y","N","N","N"
90353703,"N","Y","PDO (property damage only)","N",2016,7.08333333333333,"Fall","AM","N","M","N","Y","Y","N","N","N","N","N","Daylight","Rear End","Wrong Side of Road","Other Motor Vehicle","N","N","N","N"
90353706,"N","Y","Injury (Complaint of Pain)","N",2016,16.0833333333333,"Fall","PM","N","M","N","Y","Y","N","N","N","N","N","Daylight","Overturned","Automobile Right of Way","Non-Collision","N","N","N","N"
90353955,"N","Y","PDO (property damage only)","N",2016,16.8333333333333,"Fall","PM","N","F","N","Y","Y","N","N","N","N","N","Dark - Street Lights","Sideswipe","Automobile Right of Way","Other Motor Vehicle","N","N","N","N"
90354437,"N","Y","PDO (property damage only)","N",2016,18.1333333333333,"Fall","PM","N","F","N","Y","Y","N","N","N","N","N","Dark - Street Lights","Rear End","Unsafe Speed","Other Motor Vehicle","Y","N","N","N"
90355079,"N","N","Fatal","Y",2016,15.1833333333333,"Fall","PM","N","W","N","Y","Y","N","N","N","N","N","Daylight","Sideswipe","Automobile Right of Way","Other Motor Vehicle","N","N","N","N"
90355665,"N","Y","PDO (property damage only)","N",2016,17.9166666666667,"Fall","PM","N","F","N","Y","Y","N","N","N","N","N","Dark - Street Lights","Rear End","Wrong Side of Road","Other Motor Vehicle","N","N","N","N"
90355666,"N","Y","Injury (Complaint of Pain)","N",2016,12.5,"Fall","N","N","Sa","N","N","N","Y","N","N","N","N","Daylight","Overturned","Wrong Side of Road","Non-Collision","N","N","N","N"
90355702,"N","Y","Injury (Complaint of Pain)","N",2016,7.75,"Fall","N","N","Sa","N","Y","Y","N","N","N","N","N","Daylight","Sideswipe","Wrong Side of Road","Other Motor Vehicle","N","N","N","N"
90356302,"N","Y","Injury (Complaint of Pain)","N",2016,15.3833333333333,"Winter","N","N","Su","N","Y","Y","N","N","N","N","N","Daylight","Sideswipe","Automobile Right of Way","Other Motor Vehicle","N","N","N","N"
90357355,"N","N","Fatal","Y",2016,17,"Winter","PM","N","F","N","Y","N","Y","N","N","N","N","Dark - Street Lights","Overturned","Automobile Right of Way","Non-Collision","N","N","N","N"
90359465,"N","Y","PDO (property damage only)","N",2016,14.6666666666667,"Winter","N","N","Th","N","Y","Y","N","N","N","N","N","Daylight","Sideswipe","Pedestrian Right of Way","Other Motor Vehicle","N","N","N","N"
90360075,"N","Y","Injury (Complaint of Pain)","N",2016,15,"Fall","PM","N","M","N","Y","Y","N","N","N","N","N","Daylight","Rear End","Wrong Side of Road","Other Motor Vehicle","N","N","N","N"
90360675,"N","Y","PDO (property damage only)","N",2016,16.8166666666667,"Winter","PM","N","Tu","N","Y","Y","N","N","N","N","N","Dusk or Dawn","Sideswipe","Impeding Traffic","Other Motor Vehicle","N","N","N","N"
90362750,"N","N","Fatal","Y",2016,18.5,"Winter","PM","N","F","N","Y","Y","N","N","N","N","N","Dark - Street Lights","Sideswipe","Automobile Right of Way","Other Motor Vehicle","N","N","N","N"
90364654,"N","Y","Injury (Complaint of Pain)","N",2016,17.5,"Winter","N","N","Sa","N","Y","N","N","Y","N","Y","N","Dark - Street Lights","Overturned","Wrong Side of Road","Non-Collision","N","N","N","N"
90365741,"N","N","Fatal","Y",2016,10.8333333333333,"Winter","N","N","W","N","Y","Y","N","N","N","N","N","Daylight","Sideswipe","Automobile Right of Way","Other Motor Vehicle","N","N","N","N"
90365886,"N","Y","Injury (Complaint of Pain)","N",2016,18.1666666666667,"Fall","N","N","Sa","N","Y","Y","N","N","N","N","N","Dark - Street Lights","Sideswipe","Automobile Right of Way","Other Motor Vehicle","N","N","N","N"
90366545,"N","N","Fatal","Y",2016,17.8333333333333,"Winter","PM","N","W","N","Y","Y","N","N","N","N","N","Dark - No Street Lights","Rear End","Wrong Side of Road","Other Motor Vehicle","N","N","N","N"
90369764,"N","Y","Injury (Complaint of Pain)","N",2016,3.16666666666667,"Winter","N","Y","Sa","N","Y","N","Y","N","N","Y","N","Dark - Street Lights","Overturned","Unsafe Speed","Non-Collision","Y","N","N","N"
90374261,"N","Y","Injury (Complaint of Pain)","N",2016,9.33333333333333,"Fall","N","N","W","N","Y","Y","N","N","N","N","N","Daylight","Sideswipe","Automobile Right of Way","Other Motor Vehicle","N","N","N","N"
90374485,"N","Y","PDO (property damage only)","N",2016,12.8333333333333,"Winter","N","N","F","N","Y","N","Y","N","N","N","N","Daylight","Rear End","Wrong Side of Road","Other Motor Vehicle","N","N","N","N"
90375155,"Y","N","Injury (Severe)","Y",2016,18.5,"Fall","PM","N","W","N","Y","Y","N","N","N","N","N","Dusk or Dawn","Hit Object","Pedestrian Right of Way","Fixed Object","N","N","N","N"
90375677,"N","Y","PDO (property damage only)","N",2016,13,"Winter","N","N","Tu","N","Y","Y","N","N","N","N","N","Daylight","Overturned","Wrong Side of Road","Non-Collision","N","N","N","N"
7199896,"Y","N","Injury (Severe)","Y",2017,17.75,"Winter","N","N","Su","N","N","Y","N","N","N","N","N","Dark - Street Lights","Sideswipe","Improper Turning","Other Motor Vehicle","N","N","N","N"
7199929,"Y","N","Injury (Severe)","Y",2017,18.3333333333333,"Winter","N","N","Su","N","N","Y","N","N","N","N","N","Dark - Street Lights","Head-On","Unsafe Lane Change","Other Motor Vehicle","N","N","N","N"
8195501,"N","Y","Injury (Other Visible)","N",2017,17.1666666666667,"Winter","N","N","Su","N","Y","N","Y","N","N","N","N","Dark - Street Lights","Broadside","Pedestrian Violation","Other Motor Vehicle","N","N","N","N"
8285650,"N","Y","Injury (Other Visible)","N",2017,13,"Winter","N","N","F","N","N","Y","N","N","N","N","N","Daylight","Broadside","Impeding Traffic","Other Motor Vehicle","N","N","N","N"
8285854,"N","Y","PDO (property damage only)","N",2017,17.3333333333333,"Winter","N","N","Sa","Y","N","Y","N","N","N","N","N","Daylight","Sideswipe","Pedestrian Violation","Other Motor Vehicle","N","N","N","N"
8285860,"N","Y","Injury (Complaint of Pain)","N",2017,15.1666666666667,"Winter","PM","N","F","N","N","N","Y","N","N","N","N","Daylight","Rear End","Improper Passing","Other Motor Vehicle","N","N","N","N"
8286114,"N","Y","Injury (Other Visible)","N",2017,19,"Winter","PM","N","Tu","Y","N","N","Y","N","N","N","N","Dark - Street Lights","Broadside","Pedestrian Violation","Other Motor Vehicle","N","N","N","N"
8286993,"N","Y","Injury (Other Visible)","N",2017,12.9166666666667,"Winter","N","N","Su","N","N","Y","N","N","N","N","N","Daylight","Broadside","Pedestrian Violation","Other Motor Vehicle","N","N","N","N"
8287021,"N","Y","Injury (Other Visible)","N",2017,14.25,"Winter","N","N","M","N","N","Y","N","N","N","N","N","Daylight","Rear End","Improper Passing","Other Motor Vehicle","N","N","N","N"
8289228,"N","Y","Injury (Complaint of Pain)","N",2017,5.75,"Winter","N","N","Tu","Y","N","N","Y","N","N","Y","N","Dark - Street Lights","Sideswipe","Unsafe Lane Change","Other Motor Vehicle","N","N","N","N"
8289236,"N","Y","Injury (Other Visible)","N",2017,13.3333333333333,"Winter","N","N","Sa","N","N","Y","N","N","N","N","N","Daylight","Other","Wrong Side of Road","Other Object","N","N","N","N"
8291381,"N","Y","PDO (property damage only)","N",2017,13.8333333333333,"Winter","N","N","Tu","N","N","Y","N","N","N","N","N","Daylight","Sideswipe","Unsafe Lane Change","Other Motor Vehicle","N","N","N","N"
8293167,"N","Y","Injury (Other Visible)","N",2017,16,"Winter","N","N","Su","N","N","Y","N","N","N","N","N","Daylight","Overturned","Wrong Side of Road","Other Object","N","N","N","N"
8293584,"N","Y","Injury (Other Visible)","N",2017,11.25,"Winter","N","N","F","N","N","N","Y","N","N","N","N","Daylight","Rear End","Wrong Side of Road","Other Motor Vehicle","N","N","N","N"
8296876,"N","Y","Injury (Other Visible)","N",2017,19.8333333333333,"Winter","N","N","M","N","N","Y","N","N","N","N","Y","Dark - Street Lights","Broadside","Pedestrian Right of Way","Other Motor Vehicle","N","N","N","N"
8297455,"N","Y","Injury (Complaint of Pain)","N",2017,11,"Winter","N","N","Sa","N","N","Y","N","N","N","N","N","Daylight","Other","Wrong Side of Road","Other Object","N","N","N","N"
8297543,"N","Y","Injury (Other Visible)","N",2017,21.3333333333333,"Winter","N","N","F","Y","N","Y","N","N","N","N","N","Dark - Street Lights","Broadside","Pedestrian Violation","Other Motor Vehicle","N","N","N","N"
8297554,"N","Y","Injury (Complaint of Pain)","N",2017,21.75,"Winter","N","N","Tu","N","N","Y","N","N","N","N","N","Dark - Street Lights","Broadside","Pedestrian Violation","Other Motor Vehicle","N","N","N","N"
8297555,"N","Y","PDO (property damage only)","N",2017,6.91666666666667,"Winter","N","N","F","N","N","Y","N","N","N","N","N","Daylight","Other","Automobile Right of Way","Other Motor Vehicle","N","N","N","N"
8297585,"N","Y","PDO (property damage only)","N",2017,9.5,"Winter","N","N","F","Y","N","Y","N","N","N","N","N","Daylight","Head-On","Lights","Other Motor Vehicle","N","N","N","N"
8298449,"N","Y","PDO (property damage only)","N",2017,9.83333333333333,"Winter","N","N","Su","N","N","N","Y","N","N","N","N","Daylight","Other","Pedestrian Violation","Fixed Object","N","N","N","N"
8300436,"N","N","Fatal","Y",2017,8.83333333333333,"Winter","N","N","Su","N","N","Y","N","N","N","N","N","Daylight","Head-On","Wrong Side of Road","Parked Motor Vehicle","N","N","N","N"
8302030,"N","Y","Injury (Complaint of Pain)","N",2017,17.25,"Winter","PM","N","W","Y","N","N","Y","N","N","N","N","Dark - Street Lights","Sideswipe","Lights","Other Motor Vehicle","N","N","N","N"
8302075,"N","Y","Injury (Complaint of Pain)","N",2017,23.25,"Winter","N","Y","Sa","N","N","Y","N","N","N","N","N","Dark - Street Lights","Hit Object","Wrong Side of Road","Fixed Object","N","N","N","N"
8302087,"N","Y","Injury (Complaint of Pain)","N",2017,11.5833333333333,"Winter","N","N","Tu","Y","N","Y","N","N","N","N","N","Daylight","Rear End","Improper Passing","Other Motor Vehicle","N","N","N","N"
8302176,"N","Y","Injury (Complaint of Pain)","N",2017,19.5,"Winter","N","N","Su","Y","N","Y","N","N","N","N","N","Dark - Street Lights","Sideswipe","Automobile Right of Way","Other Motor Vehicle","N","N","N","N"
8302183,"N","Y","Injury (Complaint of Pain)","N",2017,23.3333333333333,"Winter","N","Y","F","Y","N","Y","N","N","N","N","N","Daylight","Broadside","Unsafe Speed","Other Motor Vehicle","Y","N","N","N"
8302188,"N","Y","Injury (Other Visible)","N",2017,17.8333333333333,"Winter","PM","N","M","N","N","Y","N","N","N","N","N","Daylight","Broadside","Pedestrian Violation","Other Motor Vehicle","N","N","N","N"
8302344,"N","N","Fatal","Y",2017,19.1666666666667,"Winter","N","N","Su","N","N","N","Y","N","N","N","N","Dark - Street Lights","Sideswipe","Improper Turning","Other Motor Vehicle","N","N","N","N"
8303681,"N","Y","Injury (Complaint of Pain)","N",2017,21.8333333333333,"Winter","N","N","Th","Y","Y","N","Y","N","N","N","N","Dark - Street Lights","Head-On","Pedestrian Violation","Other Motor Vehicle","N","N","N","N"
8303889,"N","N","Fatal","Y",2017,4.2,"Winter","N","Y","Tu","Y","N","N","N","N","Y","Y","N","Dark - Street Lights","Head-On","Wrong Side of Road","Parked Motor Vehicle","N","N","N","N"
8304113,"N","Y","Injury (Complaint of Pain)","N",2017,14.3333333333333,"Winter","N","N","M","Y","N","Y","N","N","N","N","N","Daylight","Head-On","Pedestrian Violation","Other Motor Vehicle","N","N","N","N"
8308641,"N","Y","Injury (Complaint of Pain)","N",2017,13.75,"Winter","N","N","Th","N","N","Y","N","N","N","N","N","Daylight","Other","Wrong Side of Road","Other Object","N","N","N","N"
8308673,"N","Y","PDO (property damage only)","N",2017,18.75,"Winter","N","N","Su","N","N","Y","N","N","N","N","N","Dark - Street Lights","Sideswipe","Pedestrian Right of Way","Other Motor Vehicle","N","N","N","N"
8308752,"N","Y","PDO (property damage only)","N",2017,18,"Winter","PM","N","W","Y","N","Y","N","N","N","N","N","Dark - Street Lights","Sideswipe","Automobile Right of Way","Other Motor Vehicle","N","N","N","N"
8309670,"N","N","Injury (Complaint of Pain)","N",2017,17.4166666666667,"Winter","N","N","Su","N","N","Y","N","N","N","N","N","Daylight","Sideswipe","Pedestrian Right of Way","Other Motor Vehicle","N","N","N","N"
90363810,"N","Y","PDO (property damage only)","N",2017,18.35,"Winter","PM","N","M","N","Y","Y","N","N","N","N","N","Dark - Street Lights","Rear End","Wrong Side of Road","Other Motor Vehicle","N","N","N","N"
90365032,"N","Y","PDO (property damage only)","N",2017,17.5833333333333,"Winter","PM","N","W","N","Y","N","Y","N","N","N","N","Dark - Street Lights","Sideswipe","Automobile Right of Way","Other Motor Vehicle","N","N","N","N"
90367495,"N","N","Fatal","Y",2017,8.25,"Winter","AM","N","Tu","N","Y","Y","N","N","N","N","N","Daylight","Sideswipe","Automobile Right of Way","Other Motor Vehicle","N","N","N","N"
90367662,"N","Y","PDO (property damage only)","N",2017,17.25,"Winter","PM","N","Tu","N","Y","Y","N","N","N","N","N","Dark - No Street Lights","Sideswipe","Automobile Right of Way","Other Motor Vehicle","N","N","N","N"
90368197,"N","Y","Injury (Other Visible)","N",2017,17.3333333333333,"Winter","PM","N","W","N","Y","Y","N","N","N","N","N","Dusk or Dawn","Rear End","Automobile Right of Way","Other Motor Vehicle","N","N","N","N"
90370428,"N","Y","PDO (property damage only)","N",2017,16.8166666666667,"Winter","PM","N","F","N","Y","Y","N","N","N","N","N","Dusk or Dawn","Overturned","Pedestrian Right of Way","Non-Collision","N","N","N","N"
90371400,"N","Y","Injury (Complaint of Pain)","N",2017,15.8333333333333,"Winter","PM","N","Tu","N","Y","Y","N","N","N","N","N","Daylight","Rear End","Automobile Right of Way","Other Motor Vehicle","N","N","N","N"
90372034,"N","Y","Injury (Complaint of Pain)","N",2017,16.5,"Winter","PM","N","M","N","Y","N","Y","N","N","N","N","Daylight","Sideswipe","Pedestrian Right of Way","Other Motor Vehicle","N","N","N","N"
90372233,"N","Y","Injury (Complaint of Pain)","N",2017,16.8333333333333,"Winter","PM","N","Tu","N","Y","N","Y","N","N","N","N","Daylight","Sideswipe","Automobile Right of Way","Other Motor Vehicle","N","N","N","N"
90374331,"N","N","Fatal","Y",2017,9.91666666666667,"Winter","N","N","Th","N","Y","Y","N","N","N","N","N","Daylight","Sideswipe","Pedestrian Right of Way","Other Motor Vehicle","N","N","N","N"
90375674,"N","Y","Injury (Complaint of Pain)","N",2017,13.6833333333333,"Winter","N","N","Sa","N","Y","Y","N","N","N","N","N","Daylight","Rear End","Wrong Side of Road","Other Motor Vehicle","N","N","N","N"
90375701,"N","N","Fatal","Y",2017,16.6666666666667,"Winter","PM","N","M","N","Y","Y","N","N","N","N","N","Daylight","Sideswipe","Pedestrian Right of Way","Other Motor Vehicle","N","N","N","N"
90376133,"N","N","Fatal","Y",2017,12,"Winter","N","N","Su","N","Y","N","Y","N","N","N","N","Daylight","Sideswipe","Automobile Right of Way","Other Motor Vehicle","N","N","N","N"
90376430,"N","Y","PDO (property damage only)","N",2017,16.2166666666667,"Winter","PM","N","F","N","Y","Y","N","N","N","N","N","Daylight","Sideswipe","Automobile Right of Way","Other Motor Vehicle","N","N","N","N"
90376729,"N","N","Fatal","Y",2017,12.8333333333333,"Winter","N","N","Sa","N","Y","Y","N","N","N","N","N","Daylight","Rear End","Wrong Side of Road","Other Motor Vehicle","N","N","N","N"
90376923,"N","Y","PDO (property damage only)","N",2017,7.83333333333333,"Winter","AM","N","M","N","Y","N","Y","N","N","N","N","Daylight","Rear End","Wrong Side of Road","Other Motor Vehicle","N","Y","N","N"
90377559,"N","Y","Injury (Complaint of Pain)","N",2017,18.6666666666667,"Winter","PM","N","Tu","N","Y","Y","N","N","N","N","N","Dark - Street Lights","Hit Object","Pedestrian Right of Way","Fixed Object","N","N","N","N"
90377664,"N","Y","PDO (property damage only)","N",2017,8.25,"Winter","AM","N","Tu","N","Y","Y","N","N","N","N","N","Daylight","Sideswipe","Wrong Side of Road","Other Motor Vehicle","N","N","N","N"
90377793,"N","Y","Injury (Other Visible)","N",2017,10,"Winter","N","N","Tu","N","Y","Y","N","N","N","N","N","Daylight","Overturned","Pedestrian Right of Way","Non-Collision","N","N","N","N"
90377974,"N","Y","PDO (property damage only)","N",2017,18.9166666666667,"Winter","PM","N","W","N","Y","Y","N","N","N","N","N","Dark - No Street Lights","Sideswipe","Automobile Right of Way","Other Motor Vehicle","N","N","N","N"
90378346,"N","Y","Injury (Complaint of Pain)","N",2017,19.25,"Winter","N","N","Tu","N","Y","Y","N","N","N","N","N","Dark - Street Lights","Broadside","Automobile Right of Way","Other Motor Vehicle","N","N","N","N"
90379910,"N","N","PDO (property damage only)","N",2017,16.4166666666667,"Winter","PM","N","W","N","Y","Y","N","N","N","N","N","Daylight","Overturned","Automobile Right of Way","Non-Collision","N","N","N","N"
90380702,"N","Y","Injury (Complaint of Pain)","N",2017,13.1,"Winter","N","N","Tu","N","Y","Y","N","N","N","N","N","Daylight","Sideswipe","Automobile Right of Way","Other Motor Vehicle","N","N","N","N"
90381099,"N","Y","Injury (Other Visible)","N",2017,17.3333333333333,"Winter","PM","N","F","N","Y","Y","N","N","N","N","N","Dusk or Dawn","Sideswipe","Automobile Right of Way","Non-Collision","N","N","N","N"
90381339,"N","Y","Injury (Complaint of Pain)","N",2017,11.8333333333333,"Winter","N","N","Sa","N","Y","Y","N","N","N","N","N","Daylight","Overturned","Pedestrian Right of Way","Non-Collision","N","N","N","N"
90382562,"N","Y","Injury (Complaint of Pain)","N",2017,9.16666666666667,"Winter","N","N","Sa","N","Y","Y","N","N","N","N","N","Daylight","Overturned","Pedestrian Right of Way","Fixed Object","N","N","N","N"
90382746,"N","Y","Injury (Complaint of Pain)","N",2017,10.5833333333333,"Winter","N","N","Sa","N","Y","Y","N","N","N","N","N","Daylight","Rear End","Wrong Side of Road","Other Motor Vehicle","N","N","N","N"
90384022,"N","Y","PDO (property damage only)","N",2017,18.0833333333333,"Winter","PM","N","Tu","N","Y","Y","N","N","N","N","N","Dark - Street Lights","Sideswipe","Automobile Right of Way","Other Motor Vehicle","N","N","N","N"
90384126,"N","Y","PDO (property damage only)","N",2017,7.33333333333333,"Winter","AM","N","W","N","Y","Y","N","N","N","N","N","Daylight","Sideswipe","Automobile Right of Way","Other Motor Vehicle","N","N","N","N"
90384337,"N","Y","PDO (property damage only)","N",2017,10.3333333333333,"Winter","N","N","W","N","Y","Y","N","N","N","N","N","Daylight","Sideswipe","Automobile Right of Way","Other Motor Vehicle","N","N","N","N"
90385114,"N","Y","PDO (property damage only)","N",2017,16.8333333333333,"Winter","PM","N","F","N","Y","Y","N","N","N","N","N","Dusk or Dawn","Sideswipe","Automobile Right of Way","Other Motor Vehicle","N","N","N","N"
90386155,"N","N","Fatal","Y",2017,13.75,"Winter","N","N","Sa","N","Y","Y","N","N","N","N","N","Daylight","Rear End","Automobile Right of Way","Other Motor Vehicle","N","N","N","N"
90386317,"N","Y","PDO (property damage only)","N",2017,13.5,"Winter","N","N","Sa","N","Y","Y","N","N","N","N","N","Daylight","Overturned","Pedestrian Right of Way","Non-Collision","N","N","N","N"
90387072,"N","Y","Injury (Complaint of Pain)","N",2017,12.5,"Winter","N","N","Th","N","Y","Y","N","N","N","N","N","Daylight","Sideswipe","Automobile Right of Way","Other Motor Vehicle","N","N","N","N"
90387695,"N","Y","Injury (Complaint of Pain)","N",2017,10.5,"Winter","N","N","W","N","Y","Y","N","N","N","N","N","Daylight","Sideswipe","Wrong Side of Road","Other Motor Vehicle","N","N","N","N"
90388298,"N","Y","Injury (Complaint of Pain)","N",2017,15.5,"Winter","PM","N","Th","N","Y","Y","N","N","N","N","N","Daylight","Rear End","Pedestrian Right of Way","Other Motor Vehicle","N","N","N","N"
90388317,"N","Y","Injury (Complaint of Pain)","N",2017,9.5,"Winter","N","N","Tu","N","Y","Y","N","N","N","N","N","Daylight","Sideswipe","Automobile Right of Way","Other Motor Vehicle","N","N","N","N"
90388675,"N","Y","PDO (property damage only)","N",2017,22.7166666666667,"Winter","N","N","Su","N","Y","Y","N","N","N","N","N","Dark - Street Lights","Broadside","Wrong Side of Road","Motor Vehicle on Other Roadway","Y","N","N","N"
90388690,"N","Y","Injury (Other Visible)","N",2017,18.3,"Winter","N","N","Su","N","Y","Y","N","N","N","N","N","Dusk or Dawn","Sideswipe","Pedestrian Right of Way","Other Motor Vehicle","N","N","N","N"
90388822,"N","Y","PDO (property damage only)","N",2017,8.61666666666667,"Winter","AM","N","F","N","Y","Y","N","N","N","N","N","Daylight","Sideswipe","Automobile Right of Way","Other Motor Vehicle","N","N","N","N"
90388986,"N","Y","Injury (Other Visible)","N",2017,17.5,"Winter","PM","N","Tu","N","Y","Y","N","N","N","N","N","Dark - Street Lights","Rear End","Wrong Side of Road","Other Motor Vehicle","N","N","N","N"
90389447,"N","N","Fatal","Y",2017,18.4166666666667,"Winter","PM","N","W","N","Y","N","Y","N","N","N","N","Dark - No Street Lights","Sideswipe","Automobile Right of Way","Other Motor Vehicle","N","N","N","N"
90390100,"N","N","PDO (property damage only)","N",2017,20.5,"Winter","N","N","Su","N","Y","N","Y","N","N","N","N","Dark - Street Lights","Rear End","Wrong Side of Road","Other Motor Vehicle","N","N","N","N"
90393406,"N","Y","PDO (property damage only)","N",2017,17.1666666666667,"Winter","PM","N","Th","N","Y","Y","N","N","N","N","N","Dark - No Street Lights","Sideswipe","Automobile Right of Way","Other Motor Vehicle","N","N","N","N"
90393925,"N","Y","Injury (Complaint of Pain)","N",2017,23.8833333333333,"Winter","N","Y","Tu","N","Y","N","N","Y","N","Y","N","Dark - Street Lights","Hit Object","Pedestrian Right of Way","Fixed Object","N","N","N","N"
90394033,"N","Y","Injury (Complaint of Pain)","N",2017,22.75,"Winter","N","N","W","N","Y","Y","N","N","N","N","N","Dark - Street Lights","Sideswipe","Unsafe Speed","Other Motor Vehicle","Y","N","N","N"
90394517,"N","N","Fatal","Y",2017,14.4166666666667,"Winter","N","N","F","N","Y","N","Y","Y","N","Y","Y","Daylight","Sideswipe","Pedestrian Right of Way","Other Motor Vehicle","N","N","N","N"
90395160,"N","Y","Injury (Complaint of Pain)","N",2017,15,"Winter","PM","N","Tu","N","Y","Y","N","N","N","N","N","Daylight","Sideswipe","Automobile Right of Way","Other Motor Vehicle","N","N","N","N"
90395469,"N","Y","PDO (property damage only)","N",2017,10.9666666666667,"Winter","N","N","Th","N","Y","Y","N","N","N","N","N","Daylight","Sideswipe","Wrong Side of Road","Other Motor Vehicle","N","N","N","N"
90395956,"N","Y","Injury (Complaint of Pain)","N",2017,0.916666666666667,"Winter","N","Y","Th","N","Y","Y","N","N","N","N","N","Dark - Street Lights","Sideswipe","Automobile Right of Way","Other Motor Vehicle","N","N","N","N"
90396020,"N","Y","Injury (Complaint of Pain)","N",2017,12.1333333333333,"Winter","N","N","Sa","N","Y","N","Y","N","N","N","N","Daylight","Sideswipe","Wrong Side of Road","Other Motor Vehicle","N","N","N","N"
90396350,"N","N","Fatal","Y",2017,6.16666666666667,"Winter","N","N","Th","N","Y","Y","N","N","N","N","N","Daylight","Sideswipe","Automobile Right of Way","Other Motor Vehicle","N","N","N","N"
90396427,"N","N","Fatal","Y",2017,14.75,"Winter","N","N","Su","N","Y","Y","N","N","N","N","N","Daylight","Sideswipe","Automobile Right of Way","Other Motor Vehicle","N","N","N","N"
90396448,"N","Y","Injury (Other Visible)","N",2017,18,"Winter","N","N","Sa","N","Y","N","Y","N","N","N","N","Dark - No Street Lights","Hit Object","Pedestrian Right of Way","Fixed Object","N","N","N","N"
90397049,"N","Y","PDO (property damage only)","N",2017,5.75,"Winter","N","N","Tu","N","Y","N","N","Y","N","Y","N","Dark - No Street Lights","Rear End","Wrong Side of Road","Other Motor Vehicle","N","N","N","N"
90397649,"N","Y","PDO (property damage only)","N",2017,18,"Winter","PM","N","Tu","N","Y","Y","N","N","N","N","N","Dark - Street Lights","Rear End","Automobile Right of Way","Other Motor Vehicle","N","N","N","N"
90398164,"N","N","Injury (Complaint of Pain)","N",2017,14.9166666666667,"Winter","N","N","Sa","N","Y","Y","N","N","N","N","N","Daylight","Overturned","Wrong Side of Road","Non-Collision","N","N","N","N"